Date,Ticker,Close,Volume,SPY_Close
2026-07-01,MRNA,72.5,9275300,743.9127197265625
2026-07-01,P,77.13999938964844,2619200,743.9127197265625
2026-07-01,VEEV,184.22000122070312,3150400,743.9127197265625
2026-07-01,MPC,264.146728515625,1872100,743.9127197265625
2026-07-01,ILMN,183.88999938964844,2140100,743.9127197265625
2026-07-01,PLTR,125.7300033569336,58561300,743.9127197265625
2026-07-01,SMCI,27.649999618530273,52034200,743.9127197265625
2026-07-01,PSX,173.57872009277344,2481500,743.9127197265625
2026-07-01,WDAY,130.27000427246094,3564000,743.9127197265625
2026-07-01,HPE,43.83911895751953,20470800,743.9127197265625
2026-07-01,VLO,268.4027404785156,2390500,743.9127197265625
2026-07-01,HPQ,21.80806541442871,11895100,743.9127197265625
2026-07-01,ACN,129.57200622558594,14977700,743.9127197265625
2026-07-01,CRM,162.94332885742188,14164600,743.9127197265625
2026-07-01,CTSH,40.830589294433594,12060300,743.9127197265625
2026-07-01,IT,133.75999450683594,1470400,743.9127197265625
2026-07-01,ZBRA,267.8500061035156,939600,743.9127197265625
2026-07-01,CRWD,193.18499755859375,10740400,743.9127197265625
2026-07-01,RVTY,112.76927947998047,1436200,743.9127197265625
2026-07-01,NTAP,155.90647888183594,4005600,743.9127197265625
2026-07-01,MSFT,383.5579528808594,48065800,743.9127197265625
2026-07-01,IQV,203.1999969482422,2484000,743.9127197265625
2026-07-01,TMO,512.9368286132812,2220000,743.9127197265625
2026-07-01,APA,31.64725685119629,5153300,743.9127197265625
2026-07-01,SWKS,65.93000030517578,6482700,743.9127197265625
2026-07-01,A,133.38999938964844,2575400,743.9127197265625
2026-07-01,CRL,229.08999633789062,1086100,743.9127197265625
2026-07-01,DELL,424.5484619140625,6027600,743.9127197265625
2026-07-01,NOW,105.80000305175781,26458600,743.9127197265625
2026-07-01,DXCM,68.86000061035156,4793600,743.9127197265625
2026-07-01,CVX,164.25650024414062,9175500,743.9127197265625
2026-07-01,NEM,93.10618591308594,8407400,743.9127197265625
2026-07-01,ANET,166.6199951171875,9098200,743.9127197265625
2026-07-01,COP,102.53610229492188,5744200,743.9127197265625
2026-07-01,PFE,23.46942710876465,49385200,743.9127197265625
2026-07-01,REGN,623.9913330078125,1170600,743.9127197265625
2026-07-01,LITE,801.1599731445312,4202800,743.9127197265625
2026-07-01,TGT,129.2975616455078,4928800,743.9127197265625
2026-07-01,GRMN,236.7233123779297,651200,743.9127197265625
2026-07-01,T,20.20939826965332,137694400,743.9127197265625
2026-07-01,ICE,126.30999755859375,5893600,743.9127197265625
2026-07-01,XOM,135.4032440185547,12433400,743.9127197265625
2026-07-01,ULTA,454.7799987792969,774400,743.9127197265625
2026-07-01,PYPL,43.9614143371582,22969600,743.9127197265625
2026-07-01,GILD,125.26448059082031,6654900,743.9127197265625
2026-07-01,LDOS,102.73633575439453,1645100,743.9127197265625
2026-07-01,META,612.4266357421875,45536300,743.9127197265625
2026-07-01,BDX,152.00360107421875,2131600,743.9127197265625
2026-07-01,AMGN,359.2306213378906,2244800,743.9127197265625
2026-07-01,PTC,119.77999877929688,2269200,743.9127197265625
2026-07-01,COIN,159.24000549316406,11992300,743.9127197265625
2026-07-01,FOX,48.182125091552734,2486200,743.9127197265625
2026-07-01,MRK,124.63431549072266,10761500,743.9127197265625
2026-07-01,FOXA,53.89190673828125,9095600,743.9127197265625
2026-07-01,WAT,378.1300048828125,928100,743.9127197265625
2026-07-01,MTD,1300.3800048828125,265400,743.9127197265625
2026-07-01,FCX,60.38343811035156,15526400,743.9127197265625
2026-07-01,OXY,47.72102355957031,8495700,743.9127197265625
2026-07-01,UHS,150.40318298339844,883000,743.9127197265625
2026-07-01,NVDA,197.35916137695312,146147600,743.9127197265625
2026-07-01,BBY,76.42804718017578,4081800,743.9127197265625
2026-07-01,WBD,26.809999465942383,15340200,743.9127197265625
2026-07-01,DVN,39.99100112915039,11792600,743.9127197265625
2026-07-01,BR,140.06729125976562,1437200,743.9127197265625
2026-07-01,DHR,193.37730407714844,4515600,743.9127197265625
2026-07-01,CPAY,340.94000244140625,530400,743.9127197265625
2026-07-01,CME,229.92066955566406,5158800,743.9127197265625
2026-07-01,ADBE,210.97999572753906,5863800,743.9127197265625
2026-07-01,AAPL,294.1263427734375,50164200,743.9127197265625
2026-07-01,IVZ,26.65174102783203,5218500,743.9127197265625
2026-07-01,AMD,540.8800048828125,28326800,743.9127197265625
2026-07-01,EL,82.1908187866211,3663500,743.9127197265625
2026-07-01,PANW,352.0400085449219,7265500,743.9127197265625
2026-07-01,SOLV,78.3499984741211,1134000,743.9127197265625
2026-07-01,FTNT,158.97999572753906,4734400,743.9127197265625
2026-07-01,CTAS,173.77857971191406,1763200,743.9127197265625
2026-07-01,BMY,55.810001373291016,11201800,743.9127197265625
2026-07-01,NDAQ,82.4512710571289,5146300,743.9127197265625
2026-07-01,EMR,139.04844665527344,2160500,743.9127197265625
2026-07-01,NWSA,25.69354820251465,7135400,743.9127197265625
2026-07-01,CBOE,247.0337677001953,1246900,743.9127197265625
2026-07-01,MCK,767.2445068359375,1200700,743.9127197265625
2026-07-01,NDSN,294.75482177734375,657200,743.9127197265625
2026-07-01,VZ,41.28619384765625,57139600,743.9127197265625
2026-07-01,BAX,21.681636810302734,6497600,743.9127197265625
2026-07-01,EXPD,166.80999755859375,1557800,743.9127197265625
2026-07-01,VRSN,255.15098571777344,635700,743.9127197265625
2026-07-01,LYB,52.042755126953125,4829200,743.9127197265625
2026-07-01,ROST,211.49124145507812,2257300,743.9127197265625
2026-07-01,FDS,244.62814331054688,1960100,743.9127197265625
2026-07-01,VTRS,16.059553146362305,13488300,743.9127197265625
2026-07-01,ALLE,139.43470764160156,1079100,743.9127197265625
2026-07-01,RMD,200.52455139160156,1112000,743.9127197265625
2026-07-01,ADP,234.23095703125,2988400,743.9127197265625
2026-07-02,MRNA,79.76000213623047,14087700,742.9351806640625
2026-07-02,P,72.70999908447266,2131100,742.9351806640625
2026-07-02,VEEV,192.74000549316406,2574100,742.9351806640625
2026-07-02,MPC,265.6226806640625,1722200,742.9351806640625
2026-07-02,ILMN,188.67999267578125,2941700,742.9351806640625
2026-07-02,PLTR,129.3000030517578,60641000,742.9351806640625
2026-07-02,SMCI,27.219999313354492,42742400,742.9351806640625
2026-07-02,PSX,175.48858642578125,1957500,742.9351806640625
2026-07-02,WDAY,135.39999389648438,4299500,742.9351806640625
2026-07-02,HPE,41.125980377197266,18968400,742.9351806640625
2026-07-02,VLO,266.72918701171875,2113700,742.9351806640625
2026-07-02,HPQ,21.718931198120117,13651900,742.9351806640625
2026-07-02,ACN,135.71810913085938,13837800,742.9351806640625
2026-07-02,CRM,165.8182830810547,10486300,742.9351806640625
2026-07-02,CTSH,41.7452278137207,9507000,742.9351806640625
2026-07-02,IT,136.32000732421875,995900,742.9351806640625
2026-07-02,ZBRA,267.17999267578125,745600,742.9351806640625
2026-07-02,CRWD,193.97999572753906,10423900,742.9351806640625
2026-07-02,RVTY,113.68871307373047,972300,742.9351806640625
2026-07-02,NTAP,153.7031707763672,1930200,742.9351806640625
2026-07-02,MSFT,389.7562561035156,42128900,742.9351806640625
2026-07-02,IQV,207.0399932861328,1229400,742.9351806640625
2026-07-02,TMO,523.0390625,2321800,742.9351806640625
2026-07-02,APA,32.13383102416992,5286400,742.9351806640625
2026-07-02,SWKS,62.560001373291016,6220500,742.9351806640625
2026-07-02,A,130.69000244140625,2194200,742.9351806640625
2026-07-02,CRL,230.69000244140625,845300,742.9351806640625
2026-07-02,DELL,393.66949462890625,6611600,742.9351806640625
2026-07-02,NOW,106.31999969482422,20227500,742.9351806640625
2026-07-02,DXCM,71.25,3299000,742.9351806640625
2026-07-02,CVX,167.7361297607422,9561800,742.9351806640625
2026-07-02,NEM,96.83841705322266,8703800,742.9351806640625
2026-07-02,ANET,159.99000549316406,9764500,742.9351806640625
2026-07-02,COP,104.03610229492188,6934000,742.9351806640625
2026-07-02,PFE,23.90186309814453,53104800,742.9351806640625
2026-07-02,REGN,653.5068969726562,1071600,742.9351806640625
2026-07-02,LITE,728.3200073242188,5217800,742.9351806640625
2026-07-02,TGT,129.2181854248047,3272000,742.9351806640625
2026-07-02,GRMN,239.09414672851562,507900,742.9351806640625
2026-07-02,T,20.30807876586914,129300400,742.9351806640625
2026-07-02,ICE,132.54925537109375,4601700,742.9351806640625
2026-07-02,XOM,136.20802307128906,13703300,742.9351806640625
2026-07-02,ULTA,461.3299865722656,567400,742.9351806640625
2026-07-02,PYPL,45.357967376708984,14785400,742.9351806640625
2026-07-02,GILD,130.53480529785156,8088400,742.9351806640625
2026-07-02,LDOS,108.48765563964844,2315500,742.9351806640625
2026-07-02,META,582.4403686523438,21705900,742.9351806640625
2026-07-02,BDX,157.15322875976562,2040500,742.9351806640625
2026-07-02,AMGN,371.9761657714844,2487600,742.9351806640625
2026-07-02,PTC,124.55000305175781,2295000,742.9351806640625
2026-07-02,COIN,165.47999572753906,9656000,742.9351806640625
2026-07-02,FOX,50.311614990234375,2112800,742.9351806640625
2026-07-02,MRK,128.7997283935547,7832200,742.9351806640625
2026-07-02,FOXA,56.2315673828125,9121800,742.9351806640625
2026-07-02,WAT,379.2900085449219,749000,742.9351806640625
2026-07-02,MTD,1308.4300537109375,177500,742.9351806640625
2026-07-02,FCX,60.82237243652344,13553500,742.9351806640625
2026-07-02,OXY,48.68659591674805,8548700,742.9351806640625
2026-07-02,UHS,158.1440887451172,1311100,742.9351806640625
2026-07-02,NVDA,194.61224365234375,142068700,742.9351806640625
2026-07-02,BBY,77.1801528930664,3486600,742.9351806640625
2026-07-02,WBD,26.479999542236328,14860000,742.9351806640625
2026-07-02,DVN,40.20958709716797,15456800,742.9351806640625
2026-07-02,BR,143.0688018798828,1023900,742.9351806640625
2026-07-02,DHR,197.579833984375,4035400,742.9351806640625
2026-07-02,CPAY,352.4599914550781,615000,742.9351806640625
2026-07-02,CME,235.4945068359375,4627200,742.9351806640625
2026-07-02,ADBE,219.72000122070312,7903100,742.9351806640625
2026-07-02,AAPL,308.3640441894531,75352800,742.9351806640625
2026-07-02,IVZ,26.83054542541504,3173000,742.9351806640625
2026-07-02,AMD,517.8200073242188,28142500,742.9351806640625
2026-07-02,EL,83.42662048339844,3259900,742.9351806640625
2026-07-02,PANW,348.05999755859375,7697700,742.9351806640625
2026-07-02,SOLV,78.2699966430664,1367000,742.9351806640625
2026-07-02,FTNT,156.25,4490600,742.9351806640625
2026-07-02,CTAS,180.9000701904297,2421400,742.9351806640625
2026-07-02,BMY,58.130001068115234,10001900,742.9351806640625
2026-07-02,NDAQ,84.37476348876953,4543000,742.9351806640625
2026-07-02,EMR,138.5800323486328,2654900,742.9351806640625
2026-07-02,NWSA,26.550662994384766,6227000,742.9351806640625
2026-07-02,CBOE,248.30026245117188,1367200,742.9351806640625
2026-07-02,MCK,785.4651489257812,952600,742.9351806640625
2026-07-02,NDSN,289.51055908203125,380600,742.9351806640625
2026-07-02,VZ,41.84663772583008,59019100,742.9351806640625
2026-07-02,BAX,22.641263961791992,6546600,742.9351806640625
2026-07-02,EXPD,167.57000732421875,947500,742.9351806640625
2026-07-02,VRSN,255.679443359375,631000,742.9351806640625
2026-07-02,LYB,52.81478500366211,4594900,742.9351806640625
2026-07-02,ROST,213.01829528808594,1968200,742.9351806640625
2026-07-02,FDS,249.15109252929688,1268000,742.9351806640625
2026-07-02,VTRS,16.57568359375,9040800,742.9351806640625
2026-07-02,ALLE,140.08241271972656,954600,742.9351806640625
2026-07-02,RMD,209.0301513671875,1144200,742.9351806640625
2026-07-02,ADP,240.7293701171875,2492600,742.9351806640625
2026-07-06,MRNA,81.80000305175781,17296900,749.4190673828125
2026-07-06,P,77.7300033569336,2203300,749.4190673828125
2026-07-06,VEEV,192.00999450683594,2278200,749.4190673828125
2026-07-06,MPC,268.2554626464844,1720100,749.4190673828125
2026-07-06,ILMN,194.3300018310547,2103300,749.4190673828125
2026-07-06,PLTR,132.5399932861328,37360100,749.4190673828125
2026-07-06,SMCI,27.190000534057617,30951900,749.4190673828125
2026-07-06,PSX,176.39378356933594,1921300,749.4190673828125
2026-07-06,WDAY,137.99000549316406,3887900,749.4190673828125
2026-07-06,HPE,43.0411376953125,16433200,749.4190673828125
2026-07-06,VLO,269.27935791015625,1751500,749.4190673828125
2026-07-06,HPQ,22.382482528686523,11210500,749.4190673828125
2026-07-06,ACN,135.33273315429688,6974800,749.4190673828125
2026-07-06,CRM,165.3590850830078,10595500,749.4190673828125
2026-07-06,CTSH,41.12883758544922,9973400,749.4190673828125
2026-07-06,IT,135.11000061035156,945100,749.4190673828125
2026-07-06,ZBRA,270.2900085449219,693600,749.4190673828125
2026-07-06,CRWD,199.3800048828125,10190000,749.4190673828125
2026-07-06,RVTY,112.87921142578125,1006200,749.4190673828125
2026-07-06,NTAP,163.0547637939453,3630900,749.4190673828125
2026-07-06,MSFT,386.0133056640625,34224500,749.4190673828125
2026-07-06,IQV,205.97000122070312,896300,749.4190673828125
2026-07-06,TMO,517.2035522460938,1857600,749.4190673828125
2026-07-06,APA,32.233131408691406,3865200,749.4190673828125
2026-07-06,SWKS,61.90999984741211,4337300,749.4190673828125
2026-07-06,A,130.60000610351562,1999900,749.4190673828125
2026-07-06,CRL,231.42999267578125,631900,749.4190673828125
2026-07-06,DELL,411.1206359863281,7260400,749.4190673828125
2026-07-06,NOW,107.93000030517578,16524500,749.4190673828125
2026-07-06,DXCM,72.37999725341797,4621500,749.4190673828125
2026-07-06,CVX,166.64566040039062,9974300,749.4190673828125
2026-07-06,NEM,97.99600219726562,6399600,749.4190673828125
2026-07-06,ANET,173.27999877929688,8509300,749.4190673828125
2026-07-06,COP,102.89371490478516,5371800,749.4190673828125
2026-07-06,PFE,23.312177658081055,58576100,749.4190673828125
2026-07-06,REGN,649.0521240234375,714300,749.4190673828125
2026-07-06,LITE,731.25,3805500,749.4190673828125
2026-07-06,TGT,125.13948822021484,5209900,749.4190673828125
2026-07-06,GRMN,244.27407836914062,650800,749.4190673828125
2026-07-06,T,20.30807876586914,113634400,749.4190673828125
2026-07-06,ICE,134.462890625,7583700,749.4190673828125
2026-07-06,XOM,135.5622100830078,13915100,749.4190673828125
2026-07-06,ULTA,452.489990234375,699400,749.4190673828125
2026-07-06,PYPL,44.97890090942383,11504700,749.4190673828125
2026-07-06,GILD,128.88409423828125,10729400,749.4190673828125
2026-07-06,LDOS,108.36804962158203,1844100,749.4190673828125
2026-07-06,META,599.8165893554688,17674100,749.4190673828125
2026-07-06,BDX,154.62811279296875,1485600,749.4190673828125
2026-07-06,AMGN,364.3109436035156,2838000,749.4190673828125
2026-07-06,PTC,124.9800033569336,1751500,749.4190673828125
2026-07-06,COIN,168.8699951171875,6492800,749.4190673828125
2026-07-06,FOX,49.65485763549805,1366500,749.4190673828125
2026-07-06,MRK,126.0360336303711,9499300,749.4190673828125
2026-07-06,FOXA,55.62424850463867,6497600,749.4190673828125
2026-07-06,WAT,378.8900146484375,771700,749.4190673828125
2026-07-06,MTD,1295.56005859375,165100,749.4190673828125
2026-07-06,FCX,60.852298736572266,16343700,749.4190673828125
2026-07-06,OXY,48.58705139160156,6667400,749.4190673828125
2026-07-06,UHS,157.8644256591797,791900,749.4190673828125
2026-07-06,NVDA,195.33143615722656,108999000,749.4190673828125
2026-07-06,BBY,77.19004821777344,3214700,749.4190673828125
2026-07-06,WBD,26.1200008392334,16456800,749.4190673828125
2026-07-06,DVN,40.10029602050781,18700800,749.4190673828125
2026-07-06,BR,143.8837890625,1320200,749.4190673828125
2026-07-06,DHR,193.2774658203125,4663800,749.4190673828125
2026-07-06,CPAY,356.54998779296875,484000,749.4190673828125
2026-07-06,CME,233.66310119628906,3042200,749.4190673828125
2026-07-06,ADBE,218.07000732421875,4800200,749.4190673828125
2026-07-06,AAPL,312.3905944824219,53590000,749.4190673828125
2026-07-06,IVZ,27.645097732543945,2860300,749.4190673828125
2026-07-06,AMD,552.0499877929688,30684200,749.4190673828125
2026-07-06,EL,84.61259460449219,2844200,749.4190673828125
2026-07-06,PANW,357.5299987792969,8752700,749.4190673828125
2026-07-06,SOLV,77.94000244140625,1089800,749.4190673828125
2026-07-06,FTNT,162.35000610351562,5163700,749.4190673828125
2026-07-06,CTAS,177.7781982421875,1941000,749.4190673828125
2026-07-06,BMY,56.70000076293945,9313000,749.4190673828125
2026-07-06,NDAQ,84.1854019165039,3269300,749.4190673828125
2026-07-06,EMR,141.08154296875,1896200,749.4190673828125
2026-07-06,NWSA,26.550662994384766,4397500,749.4190673828125
2026-07-06,CBOE,244.4010772705078,1317500,749.4190673828125
2026-07-06,MCK,783.3973388671875,1130500,749.4190673828125
2026-07-06,NDSN,292.7807312011719,276300,749.4190673828125
2026-07-06,VZ,41.36484909057617,55342900,749.4190673828125
2026-07-06,BAX,22.571292877197266,4891600,749.4190673828125
2026-07-06,EXPD,165.6999969482422,880100,749.4190673828125
2026-07-06,VRSN,258.3715515136719,692100,749.4190673828125
2026-07-06,LYB,52.42877197265625,6836600,749.4190673828125
2026-07-06,ROST,210.95228576660156,3323700,749.4190673828125
2026-07-06,FDS,251.253173828125,1161600,749.4190673828125
2026-07-06,VTRS,16.674938201904297,11422100,749.4190673828125
2026-07-06,ALLE,139.6439666748047,1336500,749.4190673828125
2026-07-06,RMD,217.77503967285156,3722000,749.4190673828125
2026-07-06,ADP,237.96705627441406,1998200,749.4190673828125
2026-07-07,MRNA,79.7699966430664,8688300,745.85791015625
2026-07-07,P,78.25,2769200,745.85791015625
2026-07-07,VEEV,192.3000030517578,2392000,745.85791015625
2026-07-07,MPC,265.60272216796875,1838500,745.85791015625
2026-07-07,ILMN,191.75999450683594,2582800,745.85791015625
2026-07-07,PLTR,134.3699951171875,52570400,745.85791015625
2026-07-07,SMCI,26.25,38985400,745.85791015625
2026-07-07,PSX,177.8957977294922,2516600,745.85791015625
2026-07-07,WDAY,143.64999389648438,5911200,745.85791015625
2026-07-07,HPE,43.360328674316406,16467600,745.85791015625
2026-07-07,VLO,265.19512939453125,2249200,745.85791015625
2026-07-07,HPQ,22.739017486572266,12170200,745.85791015625
2026-07-07,ACN,140.45118713378906,8702700,745.85791015625
2026-07-07,CRM,169.2222900390625,13057900,745.85791015625
2026-07-07,CTSH,43.68385696411133,10677200,745.85791015625
2026-07-07,IT,140.8000030517578,1343600,745.85791015625
2026-07-07,ZBRA,264.6499938964844,528400,745.85791015625
2026-07-07,CRWD,194.6199951171875,9551200,745.85791015625
2026-07-07,RVTY,111.97978210449219,1165400,745.85791015625
2026-07-07,NTAP,165.27801513671875,3664800,745.85791015625
2026-07-07,MSFT,388.109375,29297500,745.85791015625
2026-07-07,IQV,208.22999572753906,1345900,745.85791015625
2026-07-07,TMO,516.2243041992188,1366600,745.85791015625
2026-07-07,APA,33.76237106323242,5922100,745.85791015625
2026-07-07,SWKS,59.7599983215332,5314400,745.85791015625
2026-07-07,A,131.13999938964844,2456400,745.85791015625
2026-07-07,CRL,228.67999267578125,806400,745.85791015625
2026-07-07,DELL,416.5915832519531,7050100,745.85791015625
2026-07-07,NOW,110.7300033569336,22339400,745.85791015625
2026-07-07,DXCM,73.56999969482422,5569100,745.85791015625
2026-07-07,CVX,172.5045166015625,9748900,745.85791015625
2026-07-07,NEM,94.8625259399414,7440100,745.85791015625
2026-07-07,ANET,166.4600067138672,8969200,745.85791015625
2026-07-07,COP,107.72151947021484,6754700,745.85791015625
2026-07-07,PFE,23.656160354614258,44101400,745.85791015625
2026-07-07,REGN,675.4412841796875,918700,745.85791015625
2026-07-07,LITE,698.9099731445312,3750800,745.85791015625
2026-07-07,TGT,126.57844543457031,2996300,745.85791015625
2026-07-07,GRMN,247.72073364257812,752100,745.85791015625
2026-07-07,T,20.81134033203125,66469400,745.85791015625
2026-07-07,ICE,135.99777221679688,4311100,745.85791015625
2026-07-07,XOM,140.7784423828125,14667800,745.85791015625
2026-07-07,ULTA,453.7799987792969,552300,745.85791015625
2026-07-07,PYPL,45.53752136230469,10213900,745.85791015625
2026-07-07,GILD,135.59628295898438,9177300,745.85791015625
2026-07-07,LDOS,108.2185287475586,1375800,745.85791015625
2026-07-07,META,615.0946044921875,18560800,745.85791015625
2026-07-07,BDX,155.3836669921875,1757600,745.85791015625
2026-07-07,AMGN,365.9613037109375,1983700,745.85791015625
2026-07-07,PTC,125.04000091552734,1157200,745.85791015625
2026-07-07,COIN,163.50999450683594,4869400,745.85791015625
2026-07-07,FOX,48.95829391479492,1586100,745.85791015625
2026-07-07,MRK,128.1038360595703,10174300,745.85791015625
2026-07-07,FOXA,54.678428649902344,5799200,745.85791015625
2026-07-07,WAT,374.92999267578125,806700,745.85791015625
2026-07-07,MTD,1295.5899658203125,175500,745.85791015625
2026-07-07,FCX,59.186344146728516,18273700,745.85791015625
2026-07-07,OXY,51.44394302368164,11662000,745.85791015625
2026-07-07,UHS,161.07064819335938,639300,745.85791015625
2026-07-07,NVDA,196.7098846435547,124154600,745.85791015625
2026-07-07,BBY,77.90257263183594,4270100,745.85791015625
2026-07-07,WBD,26.1200008392334,10368000,745.85791015625
2026-07-07,DVN,42.13710403442383,16695600,745.85791015625
2026-07-07,BR,147.6903533935547,1141800,745.85791015625
2026-07-07,DHR,193.84646606445312,3248900,745.85791015625
2026-07-07,CPAY,357.1000061035156,439000,745.85791015625
2026-07-07,CME,239.6251220703125,2994500,745.85791015625
2026-07-07,ADBE,221.5399932861328,8615000,745.85791015625
2026-07-07,AAPL,310.3923034667969,42490000,745.85791015625
2026-07-07,IVZ,27.217954635620117,4009600,745.85791015625
2026-07-07,AMD,516.1099853515625,29166800,745.85791015625
2026-07-07,EL,84.1541519165039,2293200,745.85791015625
2026-07-07,PANW,337.0400085449219,8775700,745.85791015625
2026-07-07,SOLV,76.27999877929688,1239700,745.85791015625
2026-07-07,FTNT,158.6699981689453,5828000,745.85791015625
2026-07-07,CTAS,181.35888671875,1954500,745.85791015625
2026-07-07,BMY,57.970001220703125,10048400,745.85791015625
2026-07-07,NDAQ,86.13880157470703,4241900,745.85791015625
2026-07-07,EMR,137.4438934326172,2159500,745.85791015625
2026-07-07,NWSA,26.82972526550293,3721500,745.85791015625
2026-07-07,CBOE,257.92352294921875,1590300,745.85791015625
2026-07-07,MCK,806.4728393554688,1109900,745.85791015625
2026-07-07,NDSN,285.173583984375,278600,745.85791015625
2026-07-07,VZ,41.87613296508789,34682400,745.85791015625
2026-07-07,BAX,22.851184844970703,5990900,745.85791015625
2026-07-07,EXPD,165.74000549316406,786000,745.85791015625
2026-07-07,VRSN,265.9991455078125,733200,745.85791015625
2026-07-07,LYB,54.0421142578125,7426900,745.85791015625
2026-07-07,ROST,214.2559051513672,2805600,745.85791015625
2026-07-07,FDS,257.33026123046875,753800,745.85791015625
2026-07-07,VTRS,16.8337459564209,9803200,745.85791015625
2026-07-07,ALLE,138.82688903808594,1285200,745.85791015625
2026-07-07,RMD,219.12118530273438,1726400,745.85791015625
2026-07-07,ADP,244.03819274902344,1735700,745.85791015625
2026-07-08,MRNA,73.80000305175781,6581700,743.5536499023438
2026-07-08,P,77.7300033569336,2423500,743.5536499023438
2026-07-08,VEEV,188.1699981689453,1677800,743.5536499023438
2026-07-08,MPC,279.9135437011719,2467700,743.5536499023438
2026-07-08,ILMN,187.80999755859375,2650400,743.5536499023438
2026-07-08,PLTR,132.22000122070312,40587800,743.5536499023438
2026-07-08,SMCI,28.170000076293945,37264400,743.5536499023438
2026-07-08,PSX,186.81845092773438,3816900,743.5536499023438
2026-07-08,WDAY,137.8800048828125,4434100,743.5536499023438
2026-07-08,HPE,44.55729675292969,18384700,743.5536499023438
2026-07-08,VLO,281.7909851074219,3876000,743.5536499023438
2026-07-08,HPQ,23.55112648010254,15259600,743.5536499023438
2026-07-08,ACN,135.55999755859375,6861700,743.5536499023438
2026-07-08,CRM,166.28746032714844,9792400,743.5536499023438
2026-07-08,CTSH,42.18266296386719,12993800,743.5536499023438
2026-07-08,IT,134.67999267578125,1040500,743.5536499023438
2026-07-08,ZBRA,264.32000732421875,373500,743.5536499023438
2026-07-08,CRWD,191.1199951171875,7980600,743.5536499023438
2026-07-08,RVTY,109.2814712524414,939400,743.5536499023438
2026-07-08,NTAP,164.89915466308594,2380700,743.5536499023438
2026-07-08,MSFT,382.6197204589844,25908300,743.5536499023438
2026-07-08,IQV,203.7899932861328,1036100,743.5536499023438
2026-07-08,TMO,509.7392883300781,2021600,743.5536499023438
2026-07-08,APA,34.814964294433594,7120500,743.5536499023438
2026-07-08,SWKS,58.4900016784668,7460200,743.5536499023438
2026-07-08,A,129.07000732421875,2141100,743.5536499023438
2026-07-08,CRL,223.9600067138672,740800,743.5536499023438
2026-07-08,DELL,431.2573547363281,9774300,743.5536499023438
2026-07-08,NOW,107.77999877929688,15069400,743.5536499023438
2026-07-08,DXCM,74.05999755859375,5338800,743.5536499023438
2026-07-08,CVX,174.44757080078125,9921800,743.5536499023438
2026-07-08,NEM,93.00638580322266,7180800,743.5536499023438
2026-07-08,ANET,181.0500030517578,11912800,743.5536499023438
2026-07-08,COP,109.98641204833984,9079600,743.5536499023438
2026-07-08,PFE,23.636505126953125,38181300,743.5536499023438
2026-07-08,REGN,662.1068725585938,746800,743.5536499023438
2026-07-08,LITE,707.0999755859375,2586200,743.5536499023438
2026-07-08,TGT,131.41134643554688,6780300,743.5536499023438
2026-07-08,GRMN,242.59059143066406,707100,743.5536499023438
2026-07-08,T,20.840944290161133,63946700,743.5536499023438
2026-07-08,ICE,136.71539306640625,4791300,743.5536499023438
2026-07-08,XOM,140.2220458984375,18291400,743.5536499023438
2026-07-08,ULTA,455.1099853515625,434100,743.5536499023438
2026-07-08,PYPL,44.42028045654297,9601100,743.5536499023438
2026-07-08,GILD,135.059326171875,8454100,743.5536499023438
2026-07-08,LDOS,106.8330307006836,969400,743.5536499023438
2026-07-08,META,602.6444091796875,13606500,743.5536499023438
2026-07-08,BDX,149.6773223876953,2287600,743.5536499023438
2026-07-08,AMGN,365.8519287109375,1758800,743.5536499023438
2026-07-08,PTC,122.61000061035156,1679900,743.5536499023438
2026-07-08,COIN,159.36000061035156,4738700,743.5536499023438
2026-07-08,FOX,47.71443557739258,1314600,743.5536499023438
2026-07-08,MRK,125.25067138671875,7910200,743.5536499023438
2026-07-08,FOXA,53.15515899658203,5784700,743.5536499023438
2026-07-08,WAT,368.1300048828125,838000,743.5536499023438
2026-07-08,MTD,1248.97998046875,156600,743.5536499023438
2026-07-08,FCX,57.360774993896484,21829900,743.5536499023438
2026-07-08,OXY,53.345218658447266,20822300,743.5536499023438
2026-07-08,UHS,156.24630737304688,1207600,743.5536499023438
2026-07-08,NVDA,203.891845703125,147419100,743.5536499023438
2026-07-08,BBY,77.25932312011719,2746200,743.5536499023438
2026-07-08,WBD,26.149999618530273,10614100,743.5536499023438
2026-07-08,DVN,43.03131103515625,17606300,743.5536499023438
2026-07-08,BR,146.1697235107422,1059000,743.5536499023438
2026-07-08,DHR,190.43252563476562,2502600,743.5536499023438
2026-07-08,CPAY,345.8500061035156,425600,743.5536499023438
2026-07-08,CME,241.9342803955078,3881600,743.5536499023438
2026-07-08,ADBE,220.94000244140625,4508400,743.5536499023438
2026-07-08,AAPL,313.1199645996094,41323500,743.5536499023438
2026-07-08,IVZ,26.850412368774414,6745500,743.5536499023438
2026-07-08,AMD,517.4099731445312,23768500,743.5536499023438
2026-07-08,EL,81.52308654785156,3333200,743.5536499023438
2026-07-08,PANW,320.5899963378906,9443700,743.5536499023438
2026-07-08,SOLV,75.18000030517578,964200,743.5536499023438
2026-07-08,FTNT,156.7100067138672,4770200,743.5536499023438
2026-07-08,CTAS,179.70318603515625,2385600,743.5536499023438
2026-07-08,BMY,57.540000915527344,8004500,743.5536499023438
2026-07-08,NDAQ,84.10567474365234,4848100,743.5536499023438
2026-07-08,EMR,136.0187225341797,2838200,743.5536499023438
2026-07-08,NWSA,26.630393981933594,3656600,743.5536499023438
2026-07-08,CBOE,264.2459716796875,1545200,743.5536499023438
2026-07-08,MCK,817.790771484375,1125400,743.5536499023438
2026-07-08,NDSN,283.0400085449219,415400,743.5536499023438
2026-07-08,VZ,41.73847961425781,23082100,743.5536499023438
2026-07-08,BAX,21.97152328491211,6788800,743.5536499023438
2026-07-08,EXPD,164.36000061035156,760100,743.5536499023438
2026-07-08,VRSN,266.7967834472656,844900,743.5536499023438
2026-07-08,LYB,55.150672912597656,7913700,743.5536499023438
2026-07-08,ROST,217.30001831054688,2369100,743.5536499023438
2026-07-08,FDS,246.88963317871094,1029600,743.5536499023438
2026-07-08,VTRS,16.535980224609375,8683500,743.5536499023438
2026-07-08,ALLE,134.51220703125,1343000,743.5536499023438
2026-07-08,RMD,205.25099182128906,1761800,743.5536499023438
2026-07-08,ADP,239.8350830078125,1688700,743.5536499023438
2026-07-09,MRNA,76.55999755859375,4415000,749.8480224609375
2026-07-09,P,80.95999908447266,2679600,749.8480224609375
2026-07-09,VEEV,189.6999969482422,1284600,749.8480224609375
2026-07-09,MPC,282.5263977050781,1844100,749.8480224609375
2026-07-09,ILMN,193.75999450683594,1725100,749.8480224609375
2026-07-09,PLTR,129.0399932861328,35286100,749.8480224609375
2026-07-09,SMCI,28.239999771118164,33573100,749.8480224609375
2026-07-09,PSX,188.81784057617188,2599400,749.8480224609375
2026-07-09,WDAY,138.33999633789062,6427200,749.8480224609375
2026-07-09,HPE,48.98609924316406,26431400,749.8480224609375
2026-07-09,VLO,280.1672668457031,2503900,749.8480224609375
2026-07-09,HPQ,23.897756576538086,14486500,749.8480224609375
2026-07-09,ACN,139.05999755859375,7003100,749.8480224609375
2026-07-09,CRM,162.21461486816406,13858600,749.8480224609375
2026-07-09,CTSH,43.14700698852539,13842000,749.8480224609375
2026-07-09,IT,132.69000244140625,1574000,749.8480224609375
2026-07-09,ZBRA,272.6499938964844,642500,749.8480224609375
2026-07-09,CRWD,198.39999389648438,6283500,749.8480224609375
2026-07-09,RVTY,112.87921142578125,1609100,749.8480224609375
2026-07-09,NTAP,171.20999145507812,5239800,749.8480224609375
2026-07-09,MSFT,383.6377868652344,31083200,749.8480224609375
2026-07-09,IQV,208.97000122070312,1105600,749.8480224609375
2026-07-09,TMO,524.3081665039062,1383900,749.8480224609375
2026-07-09,APA,33.057334899902344,4400300,749.8480224609375
2026-07-09,SWKS,59.95000076293945,4956900,749.8480224609375
2026-07-09,A,133.58999633789062,2372800,749.8480224609375
2026-07-09,CRL,233.60000610351562,652900,749.8480224609375
2026-07-09,DELL,449.4772644042969,7928000,749.8480224609375
2026-07-09,NOW,108.83999633789062,14241400,749.8480224609375
2026-07-09,DXCM,73.0199966430664,4164000,749.8480224609375
2026-07-09,CVX,172.54417419433594,6582400,749.8480224609375
2026-07-09,NEM,94.61304473876953,6018000,749.8480224609375
2026-07-09,ANET,184.69000244140625,9932000,749.8480224609375
2026-07-09,COP,107.30429077148438,6611900,749.8480224609375
2026-07-09,PFE,23.833066940307617,29190500,749.8480224609375
2026-07-09,REGN,667.1709594726562,672500,749.8480224609375
2026-07-09,LITE,785.77001953125,5520000,749.8480224609375
2026-07-09,TGT,131.2624969482422,4459500,749.8480224609375
2026-07-09,GRMN,243.5668182373047,475300,749.8480224609375
2026-07-09,T,20.762001037597656,50847700,749.8480224609375
2026-07-09,ICE,134.66221618652344,5106800,749.8480224609375
2026-07-09,XOM,136.57565307617188,14110200,749.8480224609375
2026-07-09,ULTA,460.239990234375,395100,749.8480224609375
2026-07-09,PYPL,45.208335876464844,9104900,749.8480224609375
2026-07-09,GILD,134.0847930908203,5838900,749.8480224609375
2026-07-09,LDOS,106.27484893798828,1676100,749.8480224609375
2026-07-09,META,630.9819946289062,26579700,749.8480224609375
2026-07-09,BDX,149.9656219482422,1788600,749.8480224609375
2026-07-09,AMGN,361.50732421875,1728200,749.8480224609375
2026-07-09,PTC,123.79000091552734,1393500,749.8480224609375
2026-07-09,COIN,158.44000244140625,4755700,749.8480224609375
2026-07-09,FOX,48.2020263671875,1130700,749.8480224609375
2026-07-09,MRK,124.33607482910156,6975500,749.8480224609375
2026-07-09,FOXA,53.50362014770508,12457100,749.8480224609375
2026-07-09,WAT,377.1300048828125,532900,749.8480224609375
2026-07-09,MTD,1288.02001953125,110200,749.8480224609375
2026-07-09,FCX,60.38343811035156,16381700,749.8480224609375
2026-07-09,OXY,52.06110763549805,8296400,749.8480224609375
2026-07-09,UHS,155.01776123046875,647200,749.8480224609375
2026-07-09,NVDA,202.5533447265625,132037400,749.8480224609375
2026-07-09,BBY,79.15938568115234,3450200,749.8480224609375
2026-07-09,WBD,26.6299991607666,12949200,749.8480224609375
2026-07-09,DVN,41.749610900878906,8585500,749.8480224609375
2026-07-09,BR,146.41818237304688,926800,749.8480224609375
2026-07-09,DHR,195.63330078125,2657100,749.8480224609375
2026-07-09,CPAY,351.1600036621094,303100,749.8480224609375
2026-07-09,CME,238.58998107910156,3407100,749.8480224609375
2026-07-09,ADBE,222.64999389648438,4552900,749.8480224609375
2026-07-09,AAPL,315.947509765625,48124500,749.8480224609375
2026-07-09,IVZ,28.4199161529541,4557100,749.8480224609375
2026-07-09,AMD,546.719970703125,26900800,749.8480224609375
2026-07-09,EL,81.71244049072266,1736000,749.8480224609375
2026-07-09,PANW,338.30999755859375,8537400,749.8480224609375
2026-07-09,SOLV,75.95999908447266,786700,749.8480224609375
2026-07-09,FTNT,163.72999572753906,4626500,749.8480224609375
2026-07-09,CTAS,177.2296142578125,2244300,749.8480224609375
2026-07-09,BMY,57.939998626708984,7628500,749.8480224609375
2026-07-09,NDAQ,87.2251205444336,3729800,749.8480224609375
2026-07-09,EMR,137.33425903320312,2341400,749.8480224609375
2026-07-09,NWSA,27.397811889648438,3529700,749.8480224609375
2026-07-09,CBOE,267.1080017089844,1047900,749.8480224609375
2026-07-09,MCK,791.96826171875,1005200,749.8480224609375
2026-07-09,NDSN,285.5125427246094,291600,749.8480224609375
2026-07-09,VZ,41.53200149536133,28215800,749.8480224609375
2026-07-09,BAX,22.451337814331055,4063600,749.8480224609375
2026-07-09,EXPD,170.6199951171875,1666000,749.8480224609375
2026-07-09,VRSN,269.1897888183594,801400,749.8480224609375
2026-07-09,LYB,54.82404327392578,5208500,749.8480224609375
2026-07-09,ROST,220.17446899414062,3060400,749.8480224609375
2026-07-09,FDS,240.99183654785156,783100,749.8480224609375
2026-07-09,VTRS,16.21836280822754,9207400,749.8480224609375
2026-07-09,ALLE,134.59193420410156,1958900,749.8480224609375
2026-07-09,RMD,207.853515625,1479000,749.8480224609375
2026-07-09,ADP,239.74566650390625,2272500,749.8480224609375
2026-07-10,MRNA,68.2699966430664,9176900,753.0799560546875
2026-07-10,P,79.33000183105469,2084200,753.0799560546875
2026-07-10,VEEV,190.1199951171875,1266900,753.0799560546875
2026-07-10,MPC,282.9651794433594,1932300,753.0799560546875
2026-07-10,ILMN,190.1999969482422,1076300,753.0799560546875
2026-07-10,PLTR,126.79000091552734,31163000,753.0799560546875
2026-07-10,SMCI,28.309999465942383,25067100,753.0799560546875
2026-07-10,PSX,187.36553955078125,2664500,753.0799560546875
2026-07-10,WDAY,138.9499969482422,1907700,753.0799560546875
2026-07-10,HPE,48.417537689208984,19441200,753.0799560546875
2026-07-10,VLO,279.6094055175781,1932000,753.0799560546875
2026-07-10,HPQ,23.98689079284668,11023100,753.0799560546875
2026-07-10,ACN,135.22999572753906,7632600,753.0799560546875
2026-07-10,CRM,163.03318786621094,8321500,753.0799560546875
2026-07-10,CTSH,42.32184600830078,6251800,753.0799560546875
2026-07-10,IT,133.24000549316406,1226900,753.0799560546875
2026-07-10,ZBRA,272.5199890136719,593100,753.0799560546875
2026-07-10,CRWD,187.17999267578125,9269800,753.0799560546875
2026-07-10,RVTY,112.2196273803711,929200,753.0799560546875
2026-07-10,NTAP,168.8699951171875,3303000,753.0799560546875
2026-07-10,MSFT,384.37640380859375,24644600,753.0799560546875
2026-07-10,IQV,207.85000610351562,747400,753.0799560546875
2026-07-10,TMO,526.6463012695312,1233000,753.0799560546875
2026-07-10,APA,33.20628356933594,3237000,753.0799560546875
2026-07-10,SWKS,60.380001068115234,3361800,753.0799560546875
2026-07-10,A,134.2899932861328,2175300,753.0799560546875
2026-07-10,CRL,233.41000366210938,873200,753.0799560546875
2026-07-10,DELL,434.2524108886719,5146800,753.0799560546875
2026-07-10,NOW,107.70999908447266,11096900,753.0799560546875
2026-07-10,DXCM,74.95999908447266,3856800,753.0799560546875
2026-07-10,CVX,174.87384033203125,5996600,753.0799560546875
2026-07-10,NEM,95.09204864501953,4426600,753.0799560546875
2026-07-10,ANET,186.9600067138672,5592500,753.0799560546875
2026-07-10,COP,108.31754302978516,6977900,753.0799560546875
2026-07-10,PFE,23.75444221496582,27523200,753.0799560546875
2026-07-10,REGN,663.7449340820312,581700,753.0799560546875
2026-07-10,LITE,802.010009765625,3675800,753.0799560546875
2026-07-10,TGT,134.11062622070312,3403200,753.0799560546875
2026-07-10,GRMN,242.17222595214844,435000,753.0799560546875
2026-07-10,T,21.1299991607666,49781900,753.0799560546875
2026-07-10,ICE,134.8117218017578,3013600,753.0799560546875
2026-07-10,XOM,137.9865264892578,9753500,753.0799560546875
2026-07-10,ULTA,469.20001220703125,426000,753.0799560546875
2026-07-10,PYPL,46.20587158203125,10639400,753.0799560546875
2026-07-10,GILD,129.1028594970703,5936000,753.0799560546875
2026-07-10,LDOS,106.67354583740234,1068000,753.0799560546875
2026-07-10,META,668.6823120117188,40608900,753.0799560546875
2026-07-10,BDX,151.04922485351562,1048200,753.0799560546875
2026-07-10,AMGN,361.2786865234375,1632600,753.0799560546875
2026-07-10,PTC,124.73999786376953,1130600,753.0799560546875
2026-07-10,COIN,159.07000732421875,6133900,753.0799560546875
2026-07-10,FOX,48.51050567626953,880200,753.0799560546875
2026-07-10,MRK,122.81504821777344,8388400,753.0799560546875
2026-07-10,FOXA,53.8819465637207,3898200,753.0799560546875
2026-07-10,WAT,376.42999267578125,499900,753.0799560546875
2026-07-10,MTD,1296.1700439453125,106800,753.0799560546875
2026-07-10,FCX,61.37104034423828,11865700,753.0799560546875
2026-07-10,OXY,52.648414611816406,6593100,753.0799560546875
2026-07-10,UHS,155.3873291015625,468600,753.0799560546875
2026-07-10,NVDA,210.72421264648438,148421000,753.0799560546875
2026-07-10,BBY,81.9402084350586,3625800,753.0799560546875
2026-07-10,WBD,26.59000015258789,12757000,753.0799560546875
2026-07-10,DVN,41.95825958251953,6862100,753.0799560546875
2026-07-10,BR,146.5672607421875,797200,753.0799560546875
2026-07-10,DHR,198.6978759765625,3847600,753.0799560546875
2026-07-10,CPAY,353.6400146484375,419800,753.0799560546875
2026-07-10,CME,239.14736938476562,1979800,753.0799560546875
2026-07-10,ADBE,223.63999938964844,3206800,753.0799560546875
2026-07-10,AAPL,315.0483093261719,34132300,753.0799560546875
2026-07-10,IVZ,28.787456512451172,3991900,753.0799560546875
2026-07-10,AMD,557.8900146484375,20704500,753.0799560546875
2026-07-10,EL,82.38018035888672,1462400,753.0799560546875
2026-07-10,PANW,325.9100036621094,4679200,753.0799560546875
2026-07-10,SOLV,76.69999694824219,532900,753.0799560546875
2026-07-10,FTNT,157.50999450683594,3519000,753.0799560546875
2026-07-10,CTAS,179.174560546875,1333600,753.0799560546875
2026-07-10,BMY,57.58000183105469,11203500,753.0799560546875
2026-07-10,NDAQ,87.78324127197266,2607600,753.0799560546875
2026-07-10,EMR,138.41061401367188,1563400,753.0799560546875
2026-07-10,NWSA,27.278215408325195,2165800,753.0799560546875
2026-07-10,CBOE,267.327392578125,812600,753.0799560546875
2026-07-10,MCK,805.1043090820312,491700,753.0799560546875
2026-07-10,NDSN,285.74188232421875,195100,753.0799560546875
2026-07-10,VZ,42.119998931884766,27705400,753.0799560546875
2026-07-10,BAX,22.611278533935547,3103100,753.0799560546875
2026-07-10,EXPD,172.02000427246094,1213200,753.0799560546875
2026-07-10,VRSN,269.31939697265625,369700,753.0799560546875
2026-07-10,LYB,55.774234771728516,4504300,753.0799560546875
2026-07-10,ROST,222.4500732421875,2279000,753.0799560546875
2026-07-10,FDS,246.18228149414062,530000,753.0799560546875
2026-07-10,VTRS,16.148883819580078,7928300,753.0799560546875
2026-07-10,ALLE,136.1464080810547,1149700,753.0799560546875
2026-07-10,RMD,203.28662109375,1331100,753.0799560546875
2026-07-10,ADP,240.381591796875,1243000,753.0799560546875
2026-07-13,MRNA,67.01000213623047,8522000,747.3142700195312
2026-07-13,P,75.36000061035156,2206600,747.3142700195312
2026-07-13,VEEV,196.80999755859375,1857400,747.3142700195312
2026-07-13,MPC,296.0693359375,2146200,747.3142700195312
2026-07-13,ILMN,190.0500030517578,1198500,747.3142700195312
2026-07-13,PLTR,130.0399932861328,39786500,747.3142700195312
2026-07-13,SMCI,27.65999984741211,22796300,747.3142700195312
2026-07-13,PSX,197.2431182861328,3092100,747.3142700195312
2026-07-13,WDAY,144.8699951171875,3263100,747.3142700195312
2026-07-13,HPE,47.120819091796875,18393400,747.3142700195312
2026-07-13,VLO,294.65130615234375,2870600,747.3142700195312
2026-07-13,HPQ,24.531597137451172,16554400,747.3142700195312
2026-07-13,ACN,138.52000427246094,5377400,747.3142700195312
2026-07-13,CRM,170.9193115234375,14020700,747.3142700195312
2026-07-13,CTSH,43.9025764465332,8623400,747.3142700195312
2026-07-13,IT,141.30999755859375,1375300,747.3142700195312
2026-07-13,ZBRA,266.7099914550781,730400,747.3142700195312
2026-07-13,CRWD,187.91000366210938,6475300,747.3142700195312
2026-07-13,RVTY,111.04036712646484,1126800,747.3142700195312
2026-07-13,NTAP,163.92999267578125,2664400,747.3142700195312
2026-07-13,MSFT,390.2553405761719,28914900,747.3142700195312
2026-07-13,IQV,207.5500030517578,1310500,747.3142700195312
2026-07-13,TMO,528.105224609375,1168700,747.3142700195312
2026-07-13,APA,34.42768478393555,6648000,747.3142700195312
2026-07-13,SWKS,58.2400016784668,4180900,747.3142700195312
2026-07-13,A,134.0399932861328,1861400,747.3142700195312
2026-07-13,CRL,229.75,910100,747.3142700195312
2026-07-13,DELL,426.4053649902344,4661700,747.3142700195312
2026-07-13,NOW,111.26000213623047,16607300,747.3142700195312
2026-07-13,DXCM,76.3499984741211,3554000,747.3142700195312
2026-07-13,CVX,180.6236572265625,7685100,747.3142700195312
2026-07-13,NEM,92.90660095214844,5304000,747.3142700195312
2026-07-13,ANET,181.14999389648438,9149500,747.3142700195312
2026-07-13,COP,112.102294921875,5975700,747.3142700195312
2026-07-13,PFE,24.059110641479492,42953400,747.3142700195312
2026-07-13,REGN,662.316650390625,606300,747.3142700195312
2026-07-13,LITE,768.1500244140625,3694400,747.3142700195312
2026-07-13,TGT,133.7434539794922,4243700,747.3142700195312
2026-07-13,GRMN,242.6702880859375,534300,747.3142700195312
2026-07-13,T,21.549999237060547,65496400,747.3142700195312
2026-07-13,ICE,137.21372985839844,3061800,747.3142700195312
2026-07-13,XOM,143.58029174804688,18724300,747.3142700195312
2026-07-13,ULTA,473.3299865722656,554600,747.3142700195312
2026-07-13,PYPL,47.532596588134766,20294200,747.3142700195312
2026-07-13,GILD,130.6640625,5131600,747.3142700195312
2026-07-13,LDOS,106.23497772216797,1238800,747.3142700195312
2026-07-13,META,656.2120971679688,19840700,747.3142700195312
2026-07-13,BDX,152.9281463623047,1403800,747.3142700195312
2026-07-13,AMGN,358.35577392578125,2064700,747.3142700195312
2026-07-13,PTC,125.41999816894531,961900,747.3142700195312
2026-07-13,COIN,157.3699951171875,5418100,747.3142700195312
2026-07-13,FOX,49.97328186035156,1188500,747.3142700195312
2026-07-13,MRK,123.30217742919922,5225800,747.3142700195312
2026-07-13,FOXA,55.65412139892578,5362800,747.3142700195312
2026-07-13,WAT,373.2200012207031,470500,747.3142700195312
2026-07-13,MTD,1299.530029296875,99300,747.3142700195312
2026-07-13,FCX,59.82479476928711,12722800,747.3142700195312
2026-07-13,OXY,54.55964660644531,12864200,747.3142700195312
2026-07-13,UHS,152.5906219482422,607000,747.3142700195312
2026-07-13,NVDA,203.30250549316406,121411000,747.3142700195312
2026-07-13,BBY,80.80215454101562,5308900,747.3142700195312
2026-07-13,WBD,27.09000015258789,45381200,747.3142700195312
2026-07-13,DVN,43.4486083984375,9996700,747.3142700195312
2026-07-13,BR,150.1154022216797,782400,747.3142700195312
2026-07-13,DHR,199.805908203125,2918800,747.3142700195312
2026-07-13,CPAY,362.05999755859375,584000,747.3142700195312
2026-07-13,CME,243.95480346679688,2240300,747.3142700195312
2026-07-13,ADBE,230.61000061035156,4624000,747.3142700195312
2026-07-13,AAPL,317.03656005859375,43257800,747.3142700195312
2026-07-13,IVZ,28.2113094329834,4766200,747.3142700195312
2026-07-13,AMD,534.3900146484375,22957400,747.3142700195312
2026-07-13,EL,80.87528991699219,1793800,747.3142700195312
2026-07-13,PANW,330.29998779296875,5374800,747.3142700195312
2026-07-13,SOLV,77.41999816894531,755200,747.3142700195312
2026-07-13,FTNT,160.6199951171875,4099000,747.3142700195312
2026-07-13,CTAS,183.27391052246094,1955300,747.3142700195312
2026-07-13,BMY,59.34000015258789,12089300,747.3142700195312
2026-07-13,NDAQ,88.90943145751953,4066300,747.3142700195312
2026-07-13,EMR,134.9224395751953,1742000,747.3142700195312
2026-07-13,NWSA,27.637006759643555,2578000,747.3142700195312
2026-07-13,CBOE,276.3623046875,1465000,747.3142700195312
2026-07-13,MCK,811.4176025390625,618700,747.3142700195312
2026-07-13,NDSN,285.7319030761719,236600,747.3142700195312
2026-07-13,VZ,42.68000030517578,24782000,747.3142700195312
2026-07-13,BAX,22.561296463012695,8519500,747.3142700195312
2026-07-13,EXPD,175.5,1760900,747.3142700195312
2026-07-13,VRSN,269.5188293457031,457700,747.3142700195312
2026-07-13,LYB,57.72410583496094,5946300,747.3142700195312
2026-07-13,ROST,219.0366668701172,2303500,747.3142700195312
2026-07-13,FDS,262.1221923828125,929600,747.3142700195312
2026-07-13,VTRS,16.267990112304688,5843700,747.3142700195312
2026-07-13,ALLE,135.87734985351562,844000,747.3142700195312
2026-07-13,RMD,197.93199157714844,2161100,747.3142700195312
2026-07-13,ADP,249.4535369873047,2573400,747.3142700195312
2026-07-14,MRNA,67.44000244140625,5812300,749.9677124023438
2026-07-14,P,77.02999877929688,2354000,749.9677124023438
2026-07-14,VEEV,193.08999633789062,1691800,749.9677124023438
2026-07-14,MPC,302.5715026855469,2266000,749.9677124023438
2026-07-14,ILMN,191.1999969482422,1994900,749.9677124023438
2026-07-14,PLTR,133.72000122070312,49963700,749.9677124023438
2026-07-14,SMCI,27.649999618530273,22413500,749.9677124023438
2026-07-14,PSX,200.3864288330078,2853200,749.9677124023438
2026-07-14,WDAY,139.80999755859375,4646100,749.9677124023438
2026-07-14,HPE,49.43496322631836,17133500,749.9677124023438
2026-07-14,VLO,300.2695617675781,3576800,749.9677124023438
2026-07-14,HPQ,24.3929443359375,18984100,749.9677124023438
2026-07-14,ACN,134.55999755859375,6876400,749.9677124023438
2026-07-14,CRM,167.26573181152344,13507900,749.9677124023438
2026-07-14,CTSH,42.7791633605957,8502600,749.9677124023438
2026-07-14,IT,132.97000122070312,1740900,749.9677124023438
2026-07-14,ZBRA,260.1099853515625,450700,749.9677124023438
2026-07-14,CRWD,210.72999572753906,12139500,749.9677124023438
2026-07-14,RVTY,111.14030456542969,994700,749.9677124023438
2026-07-14,NTAP,174.5500030517578,3037300,749.9677124023438
2026-07-14,MSFT,384.20672607421875,27863900,749.9677124023438
2026-07-14,IQV,207.8300018310547,1104800,749.9677124023438
2026-07-14,TMO,533.6609497070312,2122400,749.9677124023438
2026-07-14,APA,34.288665771484375,6171400,749.9677124023438
2026-07-14,SWKS,56.58000183105469,4483200,749.9677124023438
2026-07-14,A,135.1999969482422,1683700,749.9677124023438
2026-07-14,CRL,231.2100067138672,964700,749.9677124023438
2026-07-14,DELL,456.7851867675781,7198300,749.9677124023438
2026-07-14,NOW,104.8499984741211,23213100,749.9677124023438
2026-07-14,DXCM,74.12000274658203,4002900,749.9677124023438
2026-07-14,CVX,180.18746948242188,6823300,749.9677124023438
2026-07-14,NEM,94.55316925048828,7397700,749.9677124023438
2026-07-14,ANET,182.57000732421875,7566300,749.9677124023438
2026-07-14,COP,111.12879180908203,6455500,749.9677124023438
2026-07-14,PFE,23.833066940307617,40863300,749.9677124023438
2026-07-14,REGN,655.354736328125,478000,749.9677124023438
2026-07-14,LITE,814.7999877929688,3768900,749.9677124023438
2026-07-14,TGT,132.97930908203125,2506800,749.9677124023438
2026-07-14,GRMN,240.45884704589844,735900,749.9677124023438
2026-07-14,T,21.280000686645508,53556100,749.9677124023438
2026-07-14,ICE,137.1539306640625,3802000,749.9677124023438
2026-07-14,XOM,144.15655517578125,16096400,749.9677124023438
2026-07-14,ULTA,469.1199951171875,448500,749.9677124023438
2026-07-14,PYPL,47.25328063964844,9416000,749.9677124023438
2026-07-14,GILD,129.31167602539062,5255700,749.9677124023438
2026-07-14,LDOS,106.21503448486328,1059300,749.9677124023438
2026-07-14,META,660.5186767578125,16748200,749.9677124023438
2026-07-14,BDX,149.76678466796875,1908100,749.9677124023438
2026-07-14,AMGN,353.18597412109375,1862900,749.9677124023438
2026-07-14,PTC,122.51000213623047,1279000,749.9677124023438
2026-07-14,COIN,161.5,7407800,749.9677124023438
2026-07-14,FOX,49.25682067871094,1748600,749.9677124023438
2026-07-14,MRK,120.07124328613281,9932900,749.9677124023438
2026-07-14,FOXA,54.62864685058594,3280600,749.9677124023438
2026-07-14,WAT,376.3900146484375,717200,749.9677124023438
2026-07-14,MTD,1314.8299560546875,146900,749.9677124023438
2026-07-14,FCX,61.79999923706055,11627900,749.9677124023438
2026-07-14,OXY,54.32073974609375,11115200,749.9677124023438
2026-07-14,UHS,144.06063842773438,1652500,749.9677124023438
2026-07-14,NVDA,211.5632781982422,124379600,749.9677124023438
2026-07-14,BBY,83.10795593261719,3890800,749.9677124023438
2026-07-14,WBD,27.479999542236328,21760300,749.9677124023438
2026-07-14,DVN,43.12073516845703,8817700,749.9677124023438
2026-07-14,BR,145.1261444091797,884800,749.9677124023438
2026-07-14,DHR,198.6978759765625,4188500,749.9677124023438
2026-07-14,CPAY,356.1600036621094,350500,749.9677124023438
2026-07-14,CME,242.4717559814453,1873800,749.9677124023438
2026-07-14,ADBE,220.77999877929688,5823400,749.9677124023438
2026-07-14,AAPL,314.58868408203125,36336800,749.9677124023438
2026-07-14,IVZ,28.53911781311035,4108500,749.9677124023438
2026-07-14,AMD,548.1300048828125,21201400,749.9677124023438
2026-07-14,EL,80.58627319335938,1952200,749.9677124023438
2026-07-14,PANW,352.8900146484375,6013200,749.9677124023438
2026-07-14,SOLV,76.27999877929688,760300,749.9677124023438
2026-07-14,FTNT,166.8300018310547,4685200,749.9677124023438
2026-07-14,CTAS,183.8524169921875,3092700,749.9677124023438
2026-07-14,BMY,56.95000076293945,14056000,749.9677124023438
2026-07-14,NDAQ,87.7134780883789,3613400,749.9677124023438
2026-07-14,EMR,135.63003540039062,1831600,749.9677124023438
2026-07-14,NWSA,27.507444381713867,2441600,749.9677124023438
2026-07-14,CBOE,274.21826171875,824300,749.9677124023438
2026-07-14,MCK,802.5170288085938,1115700,749.9677124023438
2026-07-14,NDSN,285.9711608886719,279900,749.9677124023438
2026-07-14,VZ,42.470001220703125,17515400,749.9677124023438
2026-07-14,BAX,21.79159164428711,5047300,749.9677124023438
2026-07-14,EXPD,178.22000122070312,1771800,749.9677124023438
2026-07-14,VRSN,268.0631103515625,513100,749.9677124023438
2026-07-14,LYB,57.95175552368164,4420300,749.9677124023438
2026-07-14,ROST,220.50381469726562,1661800,749.9677124023438
2026-07-14,FDS,251.66163635253906,888600,749.9677124023438
2026-07-14,VTRS,16.18858528137207,9320600,749.9677124023438
2026-07-14,ALLE,136.0268096923828,693100,749.9677124023438
2026-07-14,RMD,192.45770263671875,1622300,749.9677124023438
2026-07-14,ADP,244.8728485107422,2191100,749.9677124023438
2026-07-15,MRNA,68.27999877929688,3427800,752.9403076171875
2026-07-15,P,70.75,3468200,752.9403076171875
2026-07-15,VEEV,193.6699981689453,1391100,752.9403076171875
2026-07-15,MPC,298.363037109375,2325200,752.9403076171875
2026-07-15,ILMN,187.14999389648438,1782400,752.9403076171875
2026-07-15,PLTR,133.75999450683594,26064500,752.9403076171875
2026-07-15,SMCI,26.889999389648438,25550600,752.9403076171875
2026-07-15,PSX,195.12437438964844,2471200,752.9403076171875
2026-07-15,WDAY,141.82000732421875,3535500,752.9403076171875
2026-07-15,HPE,47.27043533325195,19917300,752.9403076171875
2026-07-15,VLO,291.5333251953125,4640600,752.9403076171875
2026-07-15,HPQ,23.521413803100586,14200500,752.9403076171875
2026-07-15,ACN,137.02000427246094,10189100,752.9403076171875
2026-07-15,CRM,166.7067108154297,13328100,752.9403076171875
2026-07-15,CTSH,42.92829132080078,6686300,752.9403076171875
2026-07-15,IT,133.75999450683594,1102000,752.9403076171875
2026-07-15,ZBRA,255.1699981689453,629400,752.9403076171875
2026-07-15,CRWD,206.77000427246094,12002800,752.9403076171875
2026-07-15,RVTY,111.28022003173828,836100,752.9403076171875
2026-07-15,NTAP,162.10000610351562,3586100,752.9403076171875
2026-07-15,MSFT,394.8866271972656,36253700,752.9403076171875
2026-07-15,IQV,206.80999755859375,1143700,752.9403076171875
2026-07-15,TMO,534.8800048828125,2108100,752.9403076171875
2026-07-15,APA,34.03048324584961,5511900,752.9403076171875
2026-07-15,SWKS,57.5099983215332,4255900,752.9403076171875
2026-07-15,A,134.7100067138672,1909000,752.9403076171875
2026-07-15,CRL,228.22000122070312,860600,752.9403076171875
2026-07-15,DELL,411.9991760253906,12957600,752.9403076171875
2026-07-15,NOW,104.7300033569336,13784200,752.9403076171875
2026-07-15,DXCM,72.7300033569336,4160800,752.9403076171875
2026-07-15,CVX,180.02886962890625,6665700,752.9403076171875
2026-07-15,NEM,95.01221466064453,6969800,752.9403076171875
2026-07-15,ANET,171.9199981689453,8095900,752.9403076171875
2026-07-15,COP,110.72150421142578,5953900,752.9403076171875
2026-07-15,PFE,24.393266677856445,44162500,752.9403076171875
2026-07-15,REGN,663.675048828125,555400,752.9403076171875
2026-07-15,LITE,752.0,4205400,752.9403076171875
2026-07-15,TGT,137.23663330078125,5224000,752.9403076171875
2026-07-15,GRMN,240.82742309570312,755700,752.9403076171875
2026-07-15,T,21.43000030517578,75068600,752.9403076171875
2026-07-15,ICE,139.3765411376953,3157800,752.9403076171875
2026-07-15,XOM,143.58029174804688,13444500,752.9403076171875
2026-07-15,ULTA,466.1400146484375,577200,752.9403076171875
2026-07-15,PYPL,55.383201599121094,90995100,752.9403076171875
2026-07-15,GILD,130.96238708496094,4467500,752.9403076171875
2026-07-15,LDOS,107.85969543457031,1238200,752.9403076171875
2026-07-15,META,680.7727661132812,19003400,752.9403076171875
2026-07-15,BDX,153.9720001220703,1992800,752.9403076171875
2026-07-15,AMGN,356.2381286621094,1837800,752.9403076171875
2026-07-15,PTC,123.61000061035156,1305600,752.9403076171875
2026-07-15,COIN,167.2100067138672,7570700,752.9403076171875
2026-07-15,FOX,50.14244842529297,1618400,752.9403076171875
2026-07-15,MRK,122.8846435546875,9053800,752.9403076171875
2026-07-15,FOXA,55.74372482299805,5092900,752.9403076171875
2026-07-15,WAT,374.9200134277344,567600,752.9403076171875
2026-07-15,MTD,1316.550048828125,139800,752.9403076171875
2026-07-15,FCX,60.970001220703125,14260800,752.9403076171875
2026-07-15,OXY,53.52439498901367,8792000,752.9403076171875
2026-07-15,UHS,147.84619140625,795300,752.9403076171875
2026-07-15,NVDA,212.26248168945312,124797200,752.9403076171875
2026-07-15,BBY,84.4835205078125,5148700,752.9403076171875
2026-07-15,WBD,27.270000457763672,26135400,752.9403076171875
2026-07-15,DVN,42.65375518798828,8595500,752.9403076171875
2026-07-15,BR,146.4877471923828,710900,752.9403076171875
2026-07-15,DHR,200.43478393554688,4469300,752.9403076171875
2026-07-15,CPAY,363.1600036621094,576400,752.9403076171875
2026-07-15,CME,244.03440856933594,2467300,752.9403076171875
2026-07-15,ADBE,224.55999755859375,4771400,752.9403076171875
2026-07-15,AAPL,327.2178039550781,60957600,752.9403076171875
2026-07-15,IVZ,30.09868621826172,6265000,752.9403076171875
2026-07-15,AMD,529.1400146484375,27826200,752.9403076171875
2026-07-15,EL,82.03135681152344,2414400,752.9403076171875
2026-07-15,PANW,354.0199890136719,6703800,752.9403076171875
2026-07-15,SOLV,78.37000274658203,846200,752.9403076171875
2026-07-15,FTNT,164.50999450683594,5089000,752.9403076171875
2026-07-15,CTAS,191.87156677246094,4510600,752.9403076171875
2026-07-15,BMY,58.720001220703125,12485300,752.9403076171875
2026-07-15,NDAQ,91.05219268798828,5574700,752.9403076171875
2026-07-15,EMR,135.7895050048828,2249900,752.9403076171875
2026-07-15,NWSA,27.88616943359375,3150300,752.9403076171875
2026-07-15,CBOE,276.34234619140625,936300,752.9403076171875
2026-07-15,MCK,795.5044555664062,664800,752.9403076171875
2026-07-15,NDSN,286.9083557128906,771200,752.9403076171875
2026-07-15,VZ,42.83000183105469,23029200,752.9403076171875
2026-07-15,BAX,22.14145851135254,5021900,752.9403076171875
2026-07-15,EXPD,177.6999969482422,1068900,752.9403076171875
2026-07-15,VRSN,269.7281799316406,831200,752.9403076171875
2026-07-15,LYB,57.40737533569336,4483000,752.9403076171875
2026-07-15,ROST,225.37442016601562,2169300,752.9403076171875
2026-07-15,FDS,250.24696350097656,592800,752.9403076171875
2026-07-15,VTRS,16.555831909179688,7965500,752.9403076171875
2026-07-15,ALLE,135.3392791748047,704000,752.9403076171875
2026-07-15,RMD,198.00180053710938,1208800,752.9403076171875
2026-07-15,ADP,245.89630126953125,1872800,752.9403076171875
2026-07-16,MRNA,63.150001525878906,5593100,748.8604125976562
2026-07-16,P,68.37000274658203,2797000,748.8604125976562
2026-07-16,VEEV,197.3699951171875,1565700,748.8604125976562
2026-07-16,MPC,305.01483154296875,1871000,748.8604125976562
2026-07-16,ILMN,190.25,1140700,748.8604125976562
2026-07-16,PLTR,134.44000244140625,28951300,748.8604125976562
2026-07-16,SMCI,24.68000030517578,36021900,748.8604125976562
2026-07-16,PSX,200.2571258544922,2627700,748.8604125976562
2026-07-16,WDAY,145.42999267578125,3635800,748.8604125976562
2026-07-16,HPE,45.01613998413086,27344000,748.8604125976562
2026-07-16,VLO,299.1040954589844,3140400,748.8604125976562
2026-07-16,HPQ,23.90765953063965,13764500,748.8604125976562
2026-07-16,ACN,144.61000061035156,9515800,748.8604125976562
2026-07-16,CRM,172.37673950195312,12057500,748.8604125976562
2026-07-16,CTSH,44.30024719238281,8845300,748.8604125976562
2026-07-16,IT,142.88999938964844,1285600,748.8604125976562
2026-07-16,ZBRA,265.0400085449219,544900,748.8604125976562
2026-07-16,CRWD,203.75999450683594,8026800,748.8604125976562
2026-07-16,RVTY,111.62999725341797,1065500,748.8604125976562
2026-07-16,NTAP,159.69000244140625,2371400,748.8604125976562
2026-07-16,MSFT,400.3463439941406,37047400,748.8604125976562
2026-07-16,IQV,210.49000549316406,1049300,748.8604125976562
2026-07-16,TMO,542.7739868164062,1895600,748.8604125976562
2026-07-16,APA,34.04041290283203,4582400,748.8604125976562
2026-07-16,SWKS,57.630001068115234,5773600,748.8604125976562
2026-07-16,A,136.10000610351562,1752000,748.8604125976562
2026-07-16,CRL,229.16000366210938,911500,748.8604125976562
2026-07-16,DELL,390.7343444824219,6441800,748.8604125976562
2026-07-16,NOW,104.01000213623047,20318200,748.8604125976562
2026-07-16,DXCM,77.9800033569336,6640100,748.8604125976562
2026-07-16,CVX,182.26930236816406,6257600,748.8604125976562
2026-07-16,NEM,90.64131927490234,10730600,748.8604125976562
2026-07-16,ANET,168.55999755859375,8412300,748.8604125976562
2026-07-16,COP,112.09236145019531,4916500,748.8604125976562
2026-07-16,PFE,24.707763671875,49990000,748.8604125976562
2026-07-16,REGN,678.1481323242188,730100,748.8604125976562
2026-07-16,LITE,706.22998046875,3984900,748.8604125976562
2026-07-16,TGT,139.1420135498047,4297200,748.8604125976562
2026-07-16,GRMN,250.02183532714844,981100,748.8604125976562
2026-07-16,T,21.979999542236328,85226600,748.8604125976562
2026-07-16,ICE,141.29017639160156,2805900,748.8604125976562
2026-07-16,XOM,145.0110321044922,13518000,748.8604125976562
2026-07-16,ULTA,478.8599853515625,523900,748.8604125976562
2026-07-16,PYPL,56.5902214050293,33840900,748.8604125976562
2026-07-16,GILD,135.53663635253906,7926800,748.8604125976562
2026-07-16,LDOS,107.93943786621094,1574500,748.8604125976562
2026-07-16,META,664.0159301757812,15816000,748.8604125976562
2026-07-16,BDX,158.9923858642578,1683100,748.8604125976562
2026-07-16,AMGN,369.42108154296875,2355700,748.8604125976562
2026-07-16,PTC,127.36000061035156,1074700,748.8604125976562
2026-07-16,COIN,160.49000549316406,6328700,748.8604125976562
2026-07-16,FOX,50.82905960083008,1106100,748.8604125976562
2026-07-16,MRK,126.88105010986328,13038800,748.8604125976562
2026-07-16,FOXA,56.56011962890625,4792900,748.8604125976562
2026-07-16,WAT,378.19000244140625,760500,748.8604125976562
2026-07-16,MTD,1335.0899658203125,118400,748.8604125976562
2026-07-16,FCX,58.560001373291016,15386900,748.8604125976562
2026-07-16,OXY,53.404945373535156,6536100,748.8604125976562
2026-07-16,UHS,153.35971069335938,955400,748.8604125976562
2026-07-16,NVDA,207.16818237304688,122986100,748.8604125976562
2026-07-16,BBY,84.40435028076172,3697700,748.8604125976562
2026-07-16,WBD,27.290000915527344,21639700,748.8604125976562
2026-07-16,DVN,42.75311279296875,12061500,748.8604125976562
2026-07-16,BR,152.12303161621094,1126600,748.8604125976562
2026-07-16,DHR,204.64732360839844,4237500,748.8604125976562
2026-07-16,CPAY,371.80999755859375,494100,748.8604125976562
2026-07-16,CME,245.11932373046875,2405600,748.8604125976562
2026-07-16,ADBE,235.30999755859375,5787300,748.8604125976562
2026-07-16,AAPL,332.97283935546875,62970600,748.8604125976562
2026-07-16,IVZ,30.09868621826172,4669200,748.8604125976562
2026-07-16,AMD,500.94000244140625,27093700,748.8604125976562
2026-07-16,EL,82.55956268310547,2007000,748.8604125976562
2026-07-16,PANW,353.989990234375,5884000,748.8604125976562
2026-07-16,SOLV,81.69999694824219,1736700,748.8604125976562
2026-07-16,FTNT,160.77999877929688,4145300,748.8604125976562
2026-07-16,CTAS,205.7156219482422,4245300,748.8604125976562
2026-07-16,BMY,60.5099983215332,10166800,748.8604125976562
2026-07-16,NDAQ,93.93244934082031,8247900,748.8604125976562
2026-07-16,EMR,138.6099395751953,2499300,748.8604125976562
2026-07-16,NWSA,28.59379005432129,3191200,748.8604125976562
2026-07-16,CBOE,277.1202087402344,1080000,748.8604125976562
2026-07-16,MCK,840.416748046875,1329400,748.8604125976562
2026-07-16,NDSN,292.4815979003906,412500,748.8604125976562
2026-07-16,VZ,43.880001068115234,25260300,748.8604125976562
2026-07-16,BAX,23.34099578857422,6942200,748.8604125976562
2026-07-16,EXPD,181.9600067138672,1071700,748.8604125976562
2026-07-16,VRSN,274.4144592285156,710500,748.8604125976562
2026-07-16,LYB,57.20941925048828,4135000,748.8604125976562
2026-07-16,ROST,232.27108764648438,2248000,748.8604125976562
2026-07-16,FDS,261.4746398925781,840600,748.8604125976562
2026-07-16,VTRS,17.200992584228516,9478700,748.8604125976562
2026-07-16,ALLE,138.98631286621094,1502300,748.8604125976562
2026-07-16,RMD,202.17979431152344,1019500,748.8604125976562
2026-07-16,ADP,254.92849731445312,2661700,748.8604125976562
2026-07-17,MRNA,61.81999969482422,4552000,741.4487915039062
2026-07-17,P,69.37999725341797,2350700,741.4487915039062
2026-07-17,VEEV,195.3800048828125,1252100,741.4487915039062
2026-07-17,MPC,311.74639892578125,2139200,741.4487915039062
2026-07-17,ILMN,186.64999389648438,1251200,741.4487915039062
2026-07-17,PLTR,132.3800048828125,31875100,741.4487915039062
2026-07-17,SMCI,24.18000030517578,32264800,741.4487915039062
2026-07-17,PSX,205.7678680419922,2363300,741.4487915039062
2026-07-17,WDAY,144.77999877929688,5604000,741.4487915039062
2026-07-17,HPE,45.70439910888672,14894100,741.4487915039062
2026-07-17,VLO,308.4579162597656,2641200,741.4487915039062
2026-07-17,HPQ,24.600923538208008,18535400,741.4487915039062
2026-07-17,ACN,143.57000732421875,10575100,741.4487915039062
2026-07-17,CRM,170.4700927734375,10191500,741.4487915039062
2026-07-17,CTSH,44.5090217590332,10117300,741.4487915039062
2026-07-17,IT,140.19000244140625,1233600,741.4487915039062
2026-07-17,ZBRA,267.3999938964844,673600,741.4487915039062
2026-07-17,CRWD,203.0800018310547,9102600,741.4487915039062
2026-07-17,RVTY,110.1500015258789,1249000,741.4487915039062
2026-07-17,NTAP,163.8800048828125,2845400,741.4487915039062
2026-07-17,MSFT,393.08001708984375,33049800,741.4487915039062
2026-07-17,IQV,206.25999450683594,1262200,741.4487915039062
2026-07-17,TMO,532.0721435546875,1476000,741.4487915039062
2026-07-17,APA,34.97384262084961,4586500,741.4487915039062
2026-07-17,SWKS,59.349998474121094,5816300,741.4487915039062
2026-07-17,A,131.4600067138672,4247300,741.4487915039062
2026-07-17,CRL,224.35000610351562,710200,741.4487915039062
2026-07-17,DELL,395.6861267089844,7290800,741.4487915039062
2026-07-17,NOW,103.23999786376953,16207300,741.4487915039062
2026-07-17,DXCM,76.6500015258789,5070000,741.4487915039062
2026-07-17,CVX,185.75885009765625,7058300,741.4487915039062
2026-07-17,NEM,89.51365661621094,10616000,741.4487915039062
2026-07-17,ANET,168.61000061035156,7560400,741.4487915039062
2026-07-17,COP,113.9499740600586,5844500,741.4487915039062
2026-07-17,PFE,24.61931037902832,45629600,741.4487915039062
2026-07-17,REGN,675.9007568359375,648300,741.4487915039062
2026-07-17,LITE,732.8200073242188,4940200,741.4487915039062
2026-07-17,TGT,138.5366668701172,5187800,741.4487915039062
2026-07-17,GRMN,248.5973358154297,1964300,741.4487915039062
2026-07-17,T,21.809999465942383,79330400,741.4487915039062
2026-07-17,ICE,139.18716430664062,3152400,741.4487915039062
2026-07-17,XOM,146.41195678710938,19031400,741.4487915039062
2026-07-17,ULTA,479.57000732421875,773600,741.4487915039062
2026-07-17,PYPL,56.4206428527832,19847300,741.4487915039062
2026-07-17,GILD,133.52793884277344,6903200,741.4487915039062
2026-07-17,LDOS,106.13529968261719,2094400,741.4487915039062
2026-07-17,META,645.5006103515625,22267900,741.4487915039062
2026-07-17,BDX,157.24270629882812,2108800,741.4487915039062
2026-07-17,AMGN,364.1618347167969,2861300,741.4487915039062
2026-07-17,PTC,124.37000274658203,1512800,741.4487915039062
2026-07-17,COIN,157.1199951171875,6487100,741.4487915039062
2026-07-17,FOX,51.37635803222656,1027400,741.4487915039062
2026-07-17,MRK,126.75181579589844,13472700,741.4487915039062
2026-07-17,FOXA,57.366554260253906,6975200,741.4487915039062
2026-07-17,WAT,368.9800109863281,573600,741.4487915039062
2026-07-17,MTD,1310.02001953125,131400,741.4487915039062
2026-07-17,FCX,58.380001068115234,20412700,741.4487915039062
2026-07-17,OXY,54.60941696166992,7919300,741.4487915039062
2026-07-17,UHS,150.98251342773438,524600,741.4487915039062
2026-07-17,NVDA,202.58331298828125,144281900,741.4487915039062
2026-07-17,BBY,84.52310943603516,3181800,741.4487915039062
2026-07-17,WBD,26.8700008392334,28132000,741.4487915039062
2026-07-17,DVN,43.54796600341797,10067000,741.4487915039062
2026-07-17,BR,148.99232482910156,956800,741.4487915039062
2026-07-17,DHR,203.4694061279297,4965900,741.4487915039062
2026-07-17,CPAY,365.7900085449219,347900,741.4487915039062
2026-07-17,CME,243.905029296875,3360500,741.4487915039062
2026-07-17,ADBE,237.25,7269900,741.4487915039062
2026-07-17,AAPL,333.452392578125,63407100,741.4487915039062
2026-07-17,IVZ,29.433137893676758,5798600,741.4487915039062
2026-07-17,AMD,495.760009765625,32115900,741.4487915039062
2026-07-17,EL,81.85196685791016,2448000,741.4487915039062
2026-07-17,PANW,358.67999267578125,7802700,741.4487915039062
2026-07-17,SOLV,81.30999755859375,1115200,741.4487915039062
2026-07-17,FTNT,161.61000061035156,5651600,741.4487915039062
2026-07-17,CTAS,203.92027282714844,3134400,741.4487915039062
2026-07-17,BMY,60.7400016784668,12261500,741.4487915039062
2026-07-17,NDAQ,91.33124542236328,3024600,741.4487915039062
2026-07-17,EMR,139.06837463378906,3253900,741.4487915039062
2026-07-17,NWSA,28.33466148376465,2689600,741.4487915039062
2026-07-17,CBOE,272.6526184082031,1716600,741.4487915039062
2026-07-17,MCK,840.4967041015625,1118600,741.4487915039062
2026-07-17,NDSN,288.11474609375,454700,741.4487915039062
2026-07-17,VZ,43.59000015258789,31014400,741.4487915039062
2026-07-17,BAX,22.601282119750977,6546600,741.4487915039062
2026-07-17,EXPD,182.8000030517578,2731200,741.4487915039062
2026-07-17,VRSN,276.8473205566406,648100,741.4487915039062
2026-07-17,LYB,58.5654182434082,3973300,741.4487915039062
2026-07-17,ROST,233.00965881347656,2027900,741.4487915039062
2026-07-17,FDS,257.1210632324219,1410400,741.4487915039062
2026-07-17,VTRS,17.161291122436523,9520700,741.4487915039062
2026-07-17,ALLE,136.75424194335938,1564900,741.4487915039062
2026-07-17,RMD,198.42059326171875,1284200,741.4487915039062
2026-07-17,ADP,253.64669799804688,2675800,741.4487915039062
2026-07-20,MRNA,59.4900016784668,4967900,740.2518310546875
2026-07-20,P,69.93000030517578,1866700,740.2518310546875
2026-07-20,VEEV,197.41000366210938,1245400,740.2518310546875
2026-07-20,MPC,314.4490051269531,1589200,740.2518310546875
2026-07-20,ILMN,184.67999267578125,1497100,740.2518310546875
2026-07-20,PLTR,134.85000610351562,30571300,740.2518310546875
2026-07-20,SMCI,23.829999923706055,24919400,740.2518310546875
2026-07-20,PSX,207.6976318359375,2119300,740.2518310546875
2026-07-20,WDAY,147.22000122070312,2630900,740.2518310546875
2026-07-20,HPE,44.44757843017578,11883400,740.2518310546875
2026-07-20,VLO,312.10382080078125,2493600,740.2518310546875
2026-07-20,HPQ,23.98689079284668,12085500,740.2518310546875
2026-07-20,ACN,144.72999572753906,8070300,740.2518310546875
2026-07-20,CRM,173.4847869873047,13426500,740.2518310546875
2026-07-20,CTSH,44.37977981567383,7550000,740.2518310546875
2026-07-20,IT,141.05999755859375,1187200,740.2518310546875
2026-07-20,ZBRA,264.69000244140625,527000,740.2518310546875
2026-07-20,CRWD,198.49000549316406,7379300,740.2518310546875
2026-07-20,RVTY,106.44000244140625,1248500,740.2518310546875
2026-07-20,NTAP,161.16000366210938,1894200,740.2518310546875
2026-07-20,MSFT,401.53411865234375,27915800,740.2518310546875
2026-07-20,IQV,203.89999389648438,836900,740.2518310546875
2026-07-20,TMO,525.826904296875,1590900,740.2518310546875
2026-07-20,APA,34.596500396728516,4727800,740.2518310546875
2026-07-20,SWKS,59.79999923706055,4001100,740.2518310546875
2026-07-20,A,130.25999450683594,2470800,740.2518310546875
2026-07-20,CRL,219.6999969482422,953000,740.2518310546875
2026-07-20,DELL,381.25,4725800,740.2518310546875
2026-07-20,NOW,104.69999694824219,20547100,740.2518310546875
2026-07-20,DXCM,75.69000244140625,3188400,740.2518310546875
2026-07-20,CVX,188.06869506835938,7767000,740.2518310546875
2026-07-20,NEM,89.01470184326172,7738300,740.2518310546875
2026-07-20,ANET,169.35000610351562,6025900,740.2518310546875
2026-07-20,COP,114.91354370117188,6726000,740.2518310546875
2026-07-20,PFE,24.32447052001953,38685900,740.2518310546875
2026-07-20,REGN,671.3660888671875,624800,740.2518310546875
2026-07-20,LITE,765.5499877929688,4428700,740.2518310546875
2026-07-20,TGT,138.5267333984375,3388200,740.2518310546875
2026-07-20,GRMN,243.84573364257812,917000,740.2518310546875
2026-07-20,T,21.950000762939453,87678100,740.2518310546875
2026-07-20,ICE,141.10081481933594,3995300,740.2518310546875
2026-07-20,XOM,147.40553283691406,12149200,740.2518310546875
2026-07-20,ULTA,488.0799865722656,635100,740.2518310546875
2026-07-20,PYPL,56.68000030517578,24700800,740.2518310546875
2026-07-20,GILD,132.4639434814453,4104000,740.2518310546875
2026-07-20,LDOS,106.67354583740234,1731300,740.2518310546875
2026-07-20,META,645.3406982421875,10225200,740.2518310546875
2026-07-20,BDX,153.57432556152344,1730100,740.2518310546875
2026-07-20,AMGN,362.0541687011719,1922000,740.2518310546875
2026-07-20,PTC,124.83000183105469,1346300,740.2518310546875
2026-07-20,COIN,160.42999267578125,5720200,740.2518310546875
2026-07-20,FOX,51.296749114990234,1281400,740.2518310546875
2026-07-20,MRK,123.67000579833984,7729000,740.2518310546875
2026-07-20,FOXA,57.227169036865234,5263900,740.2518310546875
2026-07-20,WAT,357.5400085449219,857500,740.2518310546875
2026-07-20,MTD,1273.77001953125,197900,740.2518310546875
2026-07-20,FCX,58.790000915527344,9953800,740.2518310546875
2026-07-20,OXY,54.93790817260742,7887300,740.2518310546875
2026-07-20,UHS,150.46311950683594,687200,740.2518310546875
2026-07-20,NVDA,203.05279541015625,88701500,740.2518310546875
2026-07-20,BBY,84.24600982666016,2480600,740.2518310546875
2026-07-20,WBD,25.860000610351562,45265100,740.2518310546875
2026-07-20,DVN,43.498287200927734,9740400,740.2518310546875
2026-07-20,BR,149.10165405273438,1000500,740.2518310546875
2026-07-20,DHR,200.7542266845703,6202200,740.2518310546875
2026-07-20,CPAY,369.2799987792969,583800,740.2518310546875
2026-07-20,CME,243.96475219726562,2975400,740.2518310546875
2026-07-20,ADBE,234.74000549316406,5123700,740.2518310546875
2026-07-20,AAPL,326.3085632324219,53468000,740.2518310546875
2026-07-20,IVZ,29.46293830871582,4647100,740.2518310546875
2026-07-20,AMD,503.57000732421875,23440700,740.2518310546875
2026-07-20,EL,83.35685729980469,2371000,740.2518310546875
2026-07-20,PANW,348.6600036621094,5567200,740.2518310546875
2026-07-20,SOLV,79.25,965900,740.2518310546875
2026-07-20,FTNT,160.36000061035156,3775400,740.2518310546875
2026-07-20,CTAS,201.2771453857422,2337100,740.2518310546875
2026-07-20,BMY,60.15999984741211,10183900,740.2518310546875
2026-07-20,NDAQ,91.56047058105469,3044400,740.2518310546875
2026-07-20,EMR,136.11839294433594,2251200,740.2518310546875
2026-07-20,NWSA,28.195131301879883,2779100,740.2518310546875
2026-07-20,CBOE,277.4393005371094,849700,740.2518310546875
2026-07-20,MCK,830.5772094726562,698100,740.2518310546875
2026-07-20,NDSN,284.38592529296875,298200,740.2518310546875
2026-07-20,VZ,43.5,21344400,740.2518310546875
2026-07-20,BAX,22.06148910522461,4980300,740.2518310546875
2026-07-20,EXPD,177.3699951171875,1521000,740.2518310546875
2026-07-20,VRSN,276.79742431640625,680900,740.2518310546875
2026-07-20,LYB,60.10948181152344,4964700,740.2518310546875
2026-07-20,ROST,235.32518005371094,2055500,740.2518310546875
2026-07-20,FDS,254.82969665527344,801300,740.2518310546875
2026-07-20,VTRS,16.863523483276367,7852900,740.2518310546875
2026-07-20,ALLE,137.64109802246094,1267700,740.2518310546875
2026-07-20,RMD,198.0416717529297,1037300,740.2518310546875
2026-07-20,ADP,253.6168975830078,2776100,740.2518310546875
2026-07-21,MRNA,59.65999984741211,4357400,746.426513671875
2026-07-21,P,74.31999969482422,2291300,746.426513671875
2026-07-21,VEEV,189.24000549316406,1189200,746.426513671875
2026-07-21,MPC,318.8868408203125,2121100,746.426513671875
2026-07-21,ILMN,192.52999877929688,1365000,746.426513671875
2026-07-21,PLTR,132.66000366210938,23161800,746.426513671875
2026-07-21,SMCI,25.5,51156400,746.426513671875
2026-07-21,PSX,211.14932250976562,2241400,746.426513671875
2026-07-21,WDAY,141.1699981689453,4027800,746.426513671875
2026-07-21,HPE,46.60213088989258,13224500,746.426513671875
2026-07-21,VLO,313.58807373046875,3147000,746.426513671875
2026-07-21,HPQ,24.571210861206055,12242600,746.426513671875
2026-07-21,ACN,140.86000061035156,4771000,746.426513671875
2026-07-21,CRM,169.76133728027344,12831800,746.426513671875
2026-07-21,CTSH,43.375667572021484,7698400,746.426513671875
2026-07-21,IT,134.77000427246094,990200,746.426513671875
2026-07-21,ZBRA,262.3999938964844,949000,746.426513671875
2026-07-21,CRWD,191.14999389648438,9880300,746.426513671875
2026-07-21,RVTY,110.5199966430664,1654200,746.426513671875
2026-07-21,NTAP,165.75999450683594,1567800,746.426513671875
2026-07-21,MSFT,397.00262451171875,24126600,746.426513671875
2026-07-21,IQV,201.6199951171875,1029700,746.426513671875
2026-07-21,TMO,523.05908203125,3525000,746.426513671875
2026-07-21,APA,35.52000045776367,3867600,746.426513671875
2026-07-21,SWKS,62.95000076293945,5776100,746.426513671875
2026-07-21,A,132.86000061035156,2383900,746.426513671875
2026-07-21,CRL,219.39999389648438,925000,746.426513671875
2026-07-21,DELL,404.1499938964844,5277300,746.426513671875
2026-07-21,NOW,102.05999755859375,19158500,746.426513671875
2026-07-21,DXCM,74.75,3962300,746.426513671875
2026-07-21,CVX,189.41693115234375,6892400,746.426513671875
2026-07-21,NEM,92.29786682128906,8045500,746.426513671875
2026-07-21,ANET,174.5800018310547,6357800,746.426513671875
2026-07-21,COP,116.72148895263672,5062300,746.426513671875
2026-07-21,PFE,24.51120376586914,27328800,746.426513671875
2026-07-21,REGN,674.4025268554688,529400,746.426513671875
2026-07-21,LITE,837.5599975585938,4043600,746.426513671875
2026-07-21,TGT,137.42518615722656,2413200,746.426513671875
2026-07-21,GRMN,235.7371368408203,910000,746.426513671875
2026-07-21,T,22.260000228881836,139856700,746.426513671875
2026-07-21,ICE,138.21041870117188,2284100,746.426513671875
2026-07-21,XOM,150.73397827148438,13145300,746.426513671875
2026-07-21,ULTA,489.4700012207031,744900,746.426513671875
2026-07-21,PYPL,55.71238708496094,15952100,746.426513671875
2026-07-21,GILD,129.5503387451172,8371100,746.426513671875
2026-07-21,LDOS,104.5803451538086,1538100,746.426513671875
2026-07-21,META,643.3023071289062,9140500,746.426513671875
2026-07-21,BDX,152.93807983398438,1332500,746.426513671875
2026-07-21,AMGN,364.1120910644531,2881800,746.426513671875
2026-07-21,PTC,120.7699966430664,1886700,746.426513671875
2026-07-21,COIN,175.85000610351562,13677200,746.426513671875
2026-07-21,FOX,51.21714401245117,1035000,746.426513671875
2026-07-21,MRK,125.51908874511719,7344800,746.426513671875
2026-07-21,FOXA,57.3167724609375,3344100,746.426513671875
2026-07-21,WAT,367.54998779296875,1170000,746.426513671875
2026-07-21,MTD,1298.1700439453125,174800,746.426513671875
2026-07-21,FCX,62.560001373291016,15873500,746.426513671875
2026-07-21,OXY,56.24192428588867,7558400,746.426513671875
2026-07-21,UHS,149.73397827148438,544000,746.426513671875
2026-07-21,NVDA,207.0583038330078,108685600,746.426513671875
2026-07-21,BBY,84.3350830078125,2943100,746.426513671875
2026-07-21,WBD,25.829999923706055,28237600,746.426513671875
2026-07-21,DVN,43.816226959228516,8398600,746.426513671875
2026-07-21,BR,144.122314453125,880400,746.426513671875
2026-07-21,DHR,178.6933135986328,28098200,746.426513671875
2026-07-21,CPAY,366.1499938964844,435000,746.426513671875
2026-07-21,CME,236.2708740234375,3608300,746.426513671875
2026-07-21,ADBE,227.16000366210938,5060600,746.426513671875
2026-07-21,AAPL,327.45758056640625,41338900,746.426513671875
2026-07-21,IVZ,29.900014877319336,4380700,746.426513671875
2026-07-21,AMD,544.4299926757812,29045100,746.426513671875
2026-07-21,EL,82.0911636352539,1771600,746.426513671875
2026-07-21,PANW,342.1499938964844,6738100,746.426513671875
2026-07-21,SOLV,78.5999984741211,810000,746.426513671875
2026-07-21,FTNT,158.10000610351562,5548700,746.426513671875
2026-07-21,CTAS,199.8907470703125,2463600,746.426513671875
2026-07-21,BMY,60.93000030517578,7744400,746.426513671875
2026-07-21,NDAQ,89.93595886230469,2963500,746.426513671875
2026-07-21,EMR,138.78932189941406,1612500,746.426513671875
2026-07-21,NWSA,27.437679290771484,3230400,746.426513671875
2026-07-21,CBOE,273.6398620605469,872800,746.426513671875
2026-07-21,MCK,827.9600219726562,846500,746.426513671875
2026-07-21,NDSN,289.20147705078125,338100,746.426513671875
2026-07-21,VZ,43.779998779296875,20340100,746.426513671875
2026-07-21,BAX,22.201433181762695,3962000,746.426513671875
2026-07-21,EXPD,178.5800018310547,1622200,746.426513671875
2026-07-21,VRSN,265.3710021972656,1101300,746.426513671875
2026-07-21,LYB,60.564781188964844,3480800,746.426513671875
2026-07-21,ROST,235.35511779785156,2327500,746.426513671875
2026-07-21,FDS,246.02288818359375,780300,746.426513671875
2026-07-21,VTRS,17.459056854248047,8549100,746.426513671875
2026-07-21,ALLE,136.81402587890625,959400,746.426513671875
2026-07-21,RMD,195.23971557617188,1112700,746.426513671875
2026-07-21,ADP,244.6542510986328,2842500,746.426513671875
2026-07-22,MRNA,58.06999969482422,3780400,745.55859375
2026-07-22,P,74.58000183105469,1560400,745.55859375
2026-07-22,VEEV,184.5500030517578,1225000,745.55859375
2026-07-22,MPC,314.9576110839844,2589700,745.55859375
2026-07-22,ILMN,190.8699951171875,1551100,745.55859375
2026-07-22,PLTR,124.56999969482422,38588300,745.55859375
2026-07-22,SMCI,30.559999465942383,163015100,745.55859375
2026-07-22,PSX,210.29385375976562,2584300,745.55859375
2026-07-22,WDAY,132.4199981689453,4279400,745.55859375
2026-07-22,HPE,48.00857162475586,14833900,745.55859375
2026-07-22,VLO,309.7230529785156,2551500,745.55859375
2026-07-22,HPQ,24.858421325683594,10125500,745.55859375
2026-07-22,ACN,140.08999633789062,4768300,745.55859375
2026-07-22,CRM,162.7137451171875,12194500,745.55859375
2026-07-22,CTSH,42.92829132080078,5270500,745.55859375
2026-07-22,IT,132.10000610351562,998700,745.55859375
2026-07-22,ZBRA,262.75,653800,745.55859375
2026-07-22,CRWD,188.4199981689453,9080600,745.55859375
2026-07-22,RVTY,110.54000091552734,1699200,745.55859375
2026-07-22,NTAP,166.5399932861328,1698500,745.55859375
2026-07-22,MSFT,389.6065673828125,28142500,745.55859375
2026-07-22,IQV,198.52000427246094,1004300,745.55859375
2026-07-22,TMO,526.0568237304688,2334500,745.55859375
2026-07-22,APA,36.18000030517578,3638000,745.55859375
2026-07-22,SWKS,63.15999984741211,3315200,745.55859375
2026-07-22,A,133.4600067138672,2662800,745.55859375
2026-07-22,CRL,218.6999969482422,570800,745.55859375
2026-07-22,DELL,441.79998779296875,7215000,745.55859375
2026-07-22,NOW,95.45999908447266,43600900,745.55859375
2026-07-22,DXCM,71.43000030517578,3871000,745.55859375
2026-07-22,CVX,191.31039428710938,6142400,745.55859375
2026-07-22,NEM,95.55109405517578,7780700,745.55859375
2026-07-22,ANET,174.8699951171875,3342900,745.55859375
2026-07-22,COP,118.00293731689453,4691800,745.55859375
2026-07-22,PFE,24.393266677856445,32988300,745.55859375
2026-07-22,REGN,650.4204711914062,872200,745.55859375
2026-07-22,LITE,829.7000122070312,3876200,745.55859375
2026-07-22,TGT,136.8694610595703,2283200,745.55859375
2026-07-22,GRMN,239.58224487304688,601200,745.55859375
2026-07-22,T,23.040000915527344,187291400,745.55859375
2026-07-22,ICE,142.05763244628906,3541800,745.55859375
2026-07-22,XOM,153.4563446044922,13788700,745.55859375
2026-07-22,ULTA,483.5199890136719,551900,745.55859375
2026-07-22,PYPL,55.373226165771484,11187000,745.55859375
2026-07-22,GILD,129.61000061035156,4757800,745.55859375
2026-07-22,LDOS,106.91277313232422,1001500,745.55859375
2026-07-22,META,626.6754150390625,11019600,745.55859375
2026-07-22,BDX,152.2620849609375,1162400,745.55859375
2026-07-22,AMGN,363.9232177734375,1548500,745.55859375
2026-07-22,PTC,113.11000061035156,2206200,745.55859375
2026-07-22,COIN,166.1199951171875,6953800,745.55859375
2026-07-22,FOX,50.38126754760742,1051600,745.55859375
2026-07-22,MRK,126.72199249267578,7792400,745.55859375
2026-07-22,FOXA,56.20170211791992,2656300,745.55859375
2026-07-22,WAT,370.82000732421875,956700,745.55859375
2026-07-22,MTD,1285.9000244140625,167000,745.55859375
2026-07-22,FCX,65.0,17461600,745.55859375
2026-07-22,OXY,57.23735809326172,7570000,745.55859375
2026-07-22,UHS,149.16464233398438,549800,745.55859375
2026-07-22,NVDA,211.82298278808594,137645600,745.55859375
2026-07-22,BBY,86.20545196533203,2416400,745.55859375
2026-07-22,WBD,25.850000381469727,19737600,745.55859375
2026-07-22,DVN,44.591209411621094,7650600,745.55859375
2026-07-22,BR,143.23776245117188,697400,745.55859375
2026-07-22,DHR,178.82308959960938,10886700,745.55859375
2026-07-22,CPAY,359.0,448500,745.55859375
2026-07-22,CME,248.07545471191406,3898000,745.55859375
2026-07-22,ADBE,218.36000061035156,4361300,745.55859375
2026-07-22,AAPL,325.60919189453125,38755900,745.55859375
2026-07-22,IVZ,30.2973575592041,5695800,745.55859375
2026-07-22,AMD,552.3300170898438,24776700,745.55859375
2026-07-22,EL,82.35027313232422,1820700,745.55859375
2026-07-22,PANW,335.2799987792969,6338100,745.55859375
2026-07-22,SOLV,77.63999938964844,515800,745.55859375
2026-07-22,FTNT,155.0500030517578,4570400,745.55859375
2026-07-22,CTAS,200.83828735351562,2591800,745.55859375
2026-07-22,BMY,60.7599983215332,6796800,745.55859375
2026-07-22,NDAQ,90.59374237060547,3437300,745.55859375
2026-07-22,EMR,139.1580810546875,1696300,745.55859375
2026-07-22,NWSA,27.248315811157227,3107500,745.55859375
2026-07-22,CBOE,281.01934814453125,1129700,745.55859375
2026-07-22,MCK,813.1756591796875,710500,745.55859375
2026-07-22,NDSN,290.7169189453125,247200,745.55859375
2026-07-22,VZ,44.290000915527344,23734300,745.55859375
2026-07-22,BAX,21.73161506652832,4511200,745.55859375
2026-07-22,EXPD,177.4499969482422,1093100,745.55859375
2026-07-22,VRSN,261.8214111328125,760200,745.55859375
2026-07-22,LYB,61.68323516845703,3971100,745.55859375
2026-07-22,ROST,237.75050354003906,1747500,745.55859375
2026-07-22,FDS,244.2894287109375,462900,745.55859375
2026-07-22,VTRS,16.88337516784668,14626100,745.55859375
2026-07-22,ALLE,139.45465087890625,1848300,745.55859375
2026-07-22,RMD,192.3579864501953,971100,745.55859375
2026-07-22,ADP,241.57395935058594,2011300,745.55859375
2026-07-23,MRNA,57.02000045776367,4695600,736.3515014648438
2026-07-23,P,75.19000244140625,1642500,736.3515014648438
2026-07-23,VEEV,179.5800018310547,1037500,736.3515014648438
2026-07-23,MPC,311.41729736328125,2298400,736.3515014648438
2026-07-23,ILMN,196.86000061035156,1220800,736.3515014648438
2026-07-23,PLTR,123.37000274658203,29757900,736.3515014648438
2026-07-23,SMCI,31.200000762939453,86788900,736.3515014648438
2026-07-23,PSX,205.88723754882812,3809000,736.3515014648438
2026-07-23,WDAY,127.87000274658203,4442900,736.3515014648438
2026-07-23,HPE,47.519805908203125,11989100,736.3515014648438
2026-07-23,VLO,304.0848388671875,2388700,736.3515014648438
2026-07-23,HPQ,24.274099349975586,12719300,736.3515014648438
2026-07-23,ACN,138.74000549316406,10362500,736.3515014648438
2026-07-23,CRM,156.65438842773438,12775000,736.3515014648438
2026-07-23,CTSH,42.75927734375,8129000,736.3515014648438
2026-07-23,IT,133.69000244140625,1344100,736.3515014648438
2026-07-23,ZBRA,256.95001220703125,630200,736.3515014648438
2026-07-23,CRWD,183.4199981689453,6592300,736.3515014648438
2026-07-23,RVTY,113.16999816894531,1495300,736.3515014648438
2026-07-23,NTAP,164.63999938964844,1736800,736.3515014648438
2026-07-23,MSFT,380.8630065917969,30351800,736.3515014648438
2026-07-23,IQV,207.32000732421875,1352000,736.3515014648438
2026-07-23,TMO,571.8816528320312,5806200,736.3515014648438
2026-07-23,APA,36.41999816894531,7062500,736.3515014648438
2026-07-23,SWKS,60.470001220703125,5453500,736.3515014648438
2026-07-23,A,139.74000549316406,2935800,736.3515014648438
2026-07-23,CRL,229.2899932861328,1075100,736.3515014648438
2026-07-23,DELL,439.3399963378906,5118500,736.3515014648438
2026-07-23,NOW,91.94000244140625,48998200,736.3515014648438
2026-07-23,DXCM,70.4800033569336,3264700,736.3515014648438
2026-07-23,CVX,192.73794555664062,8150000,736.3515014648438
2026-07-23,NEM,94.52323913574219,7230500,736.3515014648438
2026-07-23,ANET,176.61000061035156,4338800,736.3515014648438
2026-07-23,COP,119.40359497070312,7048700,736.3515014648438
2026-07-23,PFE,24.579999923706055,30876700,736.3515014648438
2026-07-23,REGN,651.1495971679688,1129400,736.3515014648438
2026-07-23,LITE,833.6400146484375,4547400,736.3515014648438
2026-07-23,TGT,133.45565795898438,3207400,736.3515014648438
2026-07-23,GRMN,239.17384338378906,685400,736.3515014648438
2026-07-23,T,22.959999084472656,103562100,736.3515014648438
2026-07-23,ICE,142.73538208007812,3261300,736.3515014648438
2026-07-23,XOM,155.88064575195312,15822800,736.3515014648438
2026-07-23,ULTA,477.9599914550781,519500,736.3515014648438
2026-07-23,PYPL,55.86201858520508,13945300,736.3515014648438
2026-07-23,GILD,130.12709045410156,6299300,736.3515014648438
2026-07-23,LDOS,109.97283935546875,1218200,736.3515014648438
2026-07-23,META,605.6220092773438,15494800,736.3515014648438
2026-07-23,BDX,152.0731964111328,1607900,736.3515014648438
2026-07-23,AMGN,369.341552734375,2931900,736.3515014648438
2026-07-23,PTC,113.05000305175781,1517600,736.3515014648438
2026-07-23,COIN,161.16000366210938,5607000,736.3515014648438
2026-07-23,FOX,48.938392639160156,1847300,736.3515014648438
2026-07-23,MRK,129.71432495117188,8531300,736.3515014648438
2026-07-23,FOXA,54.84768295288086,4344900,736.3515014648438
2026-07-23,WAT,382.4100036621094,1458700,736.3515014648438
2026-07-23,MTD,1331.8699951171875,318400,736.3515014648438
2026-07-23,FCX,63.5,18914100,736.3515014648438
2026-07-23,OXY,57.33689880371094,9043800,736.3515014648438
2026-07-23,UHS,151.09237670898438,885800,736.3515014648438
2026-07-23,NVDA,208.5266571044922,110505300,736.3515014648438
2026-07-23,BBY,83.55328369140625,3121400,736.3515014648438
2026-07-23,WBD,25.950000762939453,13277300,736.3515014648438
2026-07-23,DVN,44.998573303222656,11955400,736.3515014648438
2026-07-23,BR,143.51605224609375,648300,736.3515014648438
2026-07-23,DHR,192.15945434570312,11552800,736.3515014648438
2026-07-23,CPAY,364.79998779296875,410900,736.3515014648438
2026-07-23,CME,253.1317138671875,2878200,736.3515014648438
2026-07-23,ADBE,212.1699981689453,4363200,736.3515014648438
2026-07-23,AAPL,321.3828430175781,40840800,736.3515014648438
2026-07-23,IVZ,29.602006912231445,3558100,736.3515014648438
2026-07-23,AMD,539.6900024414062,27155100,736.3515014648438
2026-07-23,EL,79.64945220947266,2784700,736.3515014648438
2026-07-23,PANW,325.6300048828125,5938200,736.3515014648438
2026-07-23,SOLV,77.23999786376953,723900,736.3515014648438
2026-07-23,FTNT,151.5399932861328,4590500,736.3515014648438
2026-07-23,CTAS,202.723388671875,2454700,736.3515014648438
2026-07-23,BMY,61.5099983215332,7621800,736.3515014648438
2026-07-23,NDAQ,90.1153564453125,5396200,736.3515014648438
2026-07-23,EMR,144.41026306152344,4274500,736.3515014648438
2026-07-23,NWSA,26.241703033447266,4672500,736.3515014648438
2026-07-23,CBOE,284.07086181640625,980300,736.3515014648438
2026-07-23,MCK,823.6146240234375,755400,736.3515014648438
2026-07-23,NDSN,291.22540283203125,192900,736.3515014648438
2026-07-23,VZ,43.81999969482422,28013500,736.3515014648438
2026-07-23,BAX,21.661643981933594,4516800,736.3515014648438
2026-07-23,EXPD,176.17999267578125,783900,736.3515014648438
2026-07-23,VRSN,260.8143615722656,1111200,736.3515014648438
2026-07-23,LYB,61.0893669128418,4732600,736.3515014648438
2026-07-23,ROST,231.9417266845703,2008300,736.3515014648438
2026-07-23,FDS,243.0441131591797,607900,736.3515014648438
2026-07-23,VTRS,17.151365280151367,7908800,736.3515014648438
2026-07-23,ALLE,154.0229034423828,3968900,736.3515014648438
2026-07-23,RMD,191.34091186523438,1012500,736.3515014648438
2026-07-23,ADP,241.3354949951172,2009400,736.3515014648438
2026-07-24,MRNA,54.06999969482422,4427800,737.099609375
2026-07-24,P,74.55999755859375,1369800,737.099609375
2026-07-24,VEEV,186.24000549316406,1056800,737.099609375
2026-07-24,MPC,308.39556884765625,2000500,737.099609375
2026-07-24,ILMN,194.08999633789062,1301000,737.099609375
2026-07-24,PLTR,122.91999816894531,21177000,737.099609375
2026-07-24,SMCI,30.100000381469727,49701600,737.099609375
2026-07-24,PSX,205.67835998535156,1664600,737.099609375
2026-07-24,WDAY,135.33999633789062,3459000,737.099609375
2026-07-24,HPE,47.569679260253906,11332900,737.099609375
2026-07-24,VLO,301.33544921875,2320000,737.099609375
2026-07-24,HPQ,25.502164840698242,11631500,737.099609375
2026-07-24,ACN,146.99000549316406,6570600,737.099609375
2026-07-24,CRM,163.37258911132812,10899100,737.099609375
2026-07-24,CTSH,45.18505859375,6666800,737.099609375
2026-07-24,IT,140.5,1085200,737.099609375
2026-07-24,ZBRA,259.9200134277344,406200,737.099609375
2026-07-24,CRWD,183.27999877929688,5779200,737.099609375
2026-07-24,RVTY,110.47000122070312,1117800,737.099609375
2026-07-24,NTAP,167.74000549316406,1231400,737.099609375
2026-07-24,MSFT,380.9828186035156,27659400,737.099609375
2026-07-24,IQV,208.0500030517578,1089800,737.099609375
2026-07-24,TMO,567.8247680664062,2939400,737.099609375
2026-07-24,APA,36.150001525878906,3368400,737.099609375
2026-07-24,SWKS,60.209999084472656,4811100,737.099609375
2026-07-24,A,138.57000732421875,1516400,737.099609375
2026-07-24,CRL,226.5800018310547,476100,737.099609375
2026-07-24,DELL,437.5,4604100,737.099609375
2026-07-24,NOW,98.77999877929688,29625400,737.099609375
2026-07-24,DXCM,71.54000091552734,2844500,737.099609375
2026-07-24,CVX,193.104736328125,6700400,737.099609375
2026-07-24,NEM,92.99641418457031,9269700,737.099609375
2026-07-24,ANET,173.99000549316406,4721500,737.099609375
2026-07-24,COP,119.46320343017578,4392500,737.099609375
2026-07-24,PFE,24.540000915527344,28905700,737.099609375
2026-07-24,REGN,655.244873046875,708400,737.099609375
2026-07-24,LITE,762.989990234375,3651200,737.099609375
2026-07-24,TGT,135.73814392089844,2485400,737.099609375
2026-07-24,GRMN,242.092529296875,561300,737.099609375
2026-07-24,T,24.1299991607666,80670900,737.099609375
2026-07-24,ICE,145.30682373046875,3614700,737.099609375
2026-07-24,XOM,155.93032836914062,12091600,737.099609375
2026-07-24,ULTA,475.3599853515625,545400,737.099609375
2026-07-24,PYPL,56.01165008544922,11763000,737.099609375
2026-07-24,GILD,128.5857696533203,5529600,737.099609375
2026-07-24,LDOS,111.7769775390625,1190600,737.099609375
2026-07-24,META,594.7206420898438,11503500,737.099609375
2026-07-24,BDX,155.4433135986328,1115700,737.099609375
2026-07-24,AMGN,373.8551940917969,2493800,737.099609375
2026-07-24,PTC,118.5199966430664,1420400,737.099609375
2026-07-24,COIN,158.2899932861328,5372100,737.099609375
2026-07-24,FOX,49.16726303100586,1396600,737.099609375
2026-07-24,MRK,130.30087280273438,6154400,737.099609375
2026-07-24,FOXA,55.066715240478516,2491700,737.099609375
2026-07-24,WAT,374.67999267578125,819200,737.099609375
2026-07-24,MTD,1327.1800537109375,187700,737.099609375
2026-07-24,FCX,62.599998474121094,11938900,737.099609375
2026-07-24,OXY,57.038272857666016,8129500,737.099609375
2026-07-24,UHS,155.56712341308594,1602700,737.099609375
2026-07-24,NVDA,206.6088104248047,114836800,737.099609375
2026-07-24,BBY,84.54290008544922,2087200,737.099609375
2026-07-24,WBD,25.770000457763672,37667300,737.099609375
2026-07-24,DVN,44.750179290771484,10920000,737.099609375
2026-07-24,BR,148.0083770751953,733500,737.099609375
2026-07-24,DHR,191.16122436523438,6849400,737.099609375
2026-07-24,CPAY,370.5799865722656,269400,737.099609375
2026-07-24,CME,254.11708068847656,1809400,737.099609375
2026-07-24,ADBE,225.11000061035156,4719900,737.099609375
2026-07-24,AAPL,332.7330322265625,47489400,737.099609375
2026-07-24,IVZ,29.73114585876465,3335800,737.099609375
2026-07-24,AMD,521.9500122070312,27200700,737.099609375
2026-07-24,EL,80.01819610595703,1430400,737.099609375
2026-07-24,PANW,323.7900085449219,5134300,737.099609375
2026-07-24,SOLV,78.01000213623047,636600,737.099609375
2026-07-24,FTNT,152.3699951171875,2817200,737.099609375
2026-07-24,CTAS,205.37649536132812,2003500,737.099609375
2026-07-24,BMY,62.09000015258789,12071700,737.099609375
2026-07-24,NDAQ,91.77972412109375,4054300,737.099609375
2026-07-24,EMR,147.4399871826172,3744000,737.099609375
2026-07-24,NWSA,26.67026138305664,3136600,737.099609375
2026-07-24,CBOE,284.2803039550781,646600,737.099609375
2026-07-24,MCK,840.0072021484375,823800,737.099609375
2026-07-24,NDSN,294.8843994140625,214100,737.099609375
2026-07-24,VZ,46.380001068115234,40755200,737.099609375
2026-07-24,BAX,22.391361236572266,4982900,737.099609375
2026-07-24,EXPD,175.3000030517578,760100,737.099609375
2026-07-24,VRSN,279.1804504394531,2091400,737.099609375
2026-07-24,LYB,59.703670501708984,4717000,737.099609375
2026-07-24,ROST,238.42918395996094,1500700,737.099609375
2026-07-24,FDS,253.4050750732422,824100,737.099609375
2026-07-24,VTRS,17.111661911010742,7367000,737.099609375
2026-07-24,ALLE,152.8171844482422,1711000,737.099609375
2026-07-24,RMD,194.71124267578125,1005200,737.099609375
2026-07-24,ADP,248.4996337890625,1763700,737.099609375
2026-07-27,MRNA,55.630001068115234,5038200,737.25927734375
2026-07-27,P,74.20999908447266,1767600,737.25927734375
2026-07-27,VEEV,194.4600067138672,1708800,737.25927734375
2026-07-27,MPC,311.4970703125,2377900,737.25927734375
2026-07-27,ILMN,189.47000122070312,1738700,737.25927734375
2026-07-27,PLTR,131.52999877929688,36708200,737.25927734375
2026-07-27,SMCI,29.809999465942383,35912300,737.25927734375
2026-07-27,PSX,206.72280883789062,1935600,737.25927734375
2026-07-27,WDAY,147.5399932861328,6866600,737.25927734375
2026-07-27,HPE,48.068416595458984,13744600,737.25927734375
2026-07-27,VLO,303.756103515625,2372800,737.25927734375
2026-07-27,HPQ,26.294464111328125,13928200,737.25927734375
2026-07-27,ACN,154.05999755859375,7771400,737.25927734375
2026-07-27,CRM,173.29513549804688,17312000,737.25927734375
2026-07-27,CTSH,46.77573013305664,7416100,737.25927734375
2026-07-27,IT,147.4499969482422,1127600,737.25927734375
2026-07-27,ZBRA,264.5899963378906,568200,737.25927734375
2026-07-27,CRWD,180.11000061035156,6580300,737.25927734375
2026-07-27,RVTY,108.06999969482422,1349100,737.25927734375
2026-07-27,NTAP,169.8000030517578,1723300,737.25927734375
2026-07-27,MSFT,388.368896484375,27856200,737.25927734375
2026-07-27,IQV,213.22000122070312,2160100,737.25927734375
2026-07-27,TMO,559.1015014648438,1962000,737.25927734375
2026-07-27,APA,34.7400016784668,6017700,737.25927734375
2026-07-27,SWKS,63.439998626708984,5436000,737.25927734375
2026-07-27,A,137.88999938964844,1830500,737.25927734375
2026-07-27,CRL,224.3000030517578,720300,737.25927734375
2026-07-27,DELL,426.9100036621094,4960400,737.25927734375
2026-07-27,NOW,105.55999755859375,32533700,737.25927734375
2026-07-27,DXCM,73.37000274658203,5003900,737.25927734375
2026-07-27,CVX,188.35618591308594,7369200,737.25927734375
2026-07-27,NEM,93.27583312988281,5112500,737.25927734375
2026-07-27,ANET,170.75999450683594,6023000,737.25927734375
2026-07-27,COP,114.814208984375,7322500,737.25927734375
2026-07-27,PFE,24.670000076293945,38355200,737.25927734375
2026-07-27,REGN,666.391845703125,650800,737.25927734375
2026-07-27,LITE,711.9600219726562,3744200,737.25927734375
2026-07-27,TGT,139.27101135253906,3039300,737.25927734375
2026-07-27,GRMN,241.53468322753906,1544000,737.25927734375
2026-07-27,T,24.420000076293945,74458300,737.25927734375
2026-07-27,ICE,148.23707580566406,4314300,737.25927734375
2026-07-27,XOM,153.7742919921875,13955800,737.25927734375
2026-07-27,ULTA,480.510009765625,425100,737.25927734375
2026-07-27,PYPL,55.931846618652344,14864400,737.25927734375
2026-07-27,GILD,129.78900146484375,4953700,737.25927734375
2026-07-27,LDOS,114.57787322998047,1393900,737.25927734375
2026-07-27,META,593.4016723632812,11195300,737.25927734375
2026-07-27,BDX,157.98831176757812,1341800,737.25927734375
2026-07-27,AMGN,374.07391357421875,2902200,737.25927734375
2026-07-27,PTC,125.20999908447266,1023100,737.25927734375
2026-07-27,COIN,167.49000549316406,6851700,737.25927734375
2026-07-27,FOX,50.560386657714844,1281700,737.25927734375
2026-07-27,MRK,129.99267578125,6909800,737.25927734375
2026-07-27,FOXA,56.390865325927734,4003100,737.25927734375
2026-07-27,WAT,371.20001220703125,803800,737.25927734375
2026-07-27,MTD,1336.2900390625,110400,737.25927734375
2026-07-27,FCX,62.720001220703125,9601600,737.25927734375
2026-07-27,OXY,54.67909622192383,8466700,737.25927734375
2026-07-27,UHS,159.12294006347656,1656100,737.25927734375
2026-07-27,NVDA,196.2903594970703,154353700,737.25927734375
2026-07-27,BBY,87.53153228759766,2821900,737.25927734375
2026-07-27,WBD,25.280000686645508,32949600,737.25927734375
2026-07-27,DVN,42.88227462768555,10159400,737.25927734375
2026-07-27,BR,151.84475708007812,739100,737.25927734375
2026-07-27,DHR,196.15237426757812,5340100,737.25927734375
2026-07-27,CPAY,379.7099914550781,712400,737.25927734375
2026-07-27,CME,254.16685485839844,1675100,737.25927734375
2026-07-27,ADBE,237.75,5541200,737.25927734375
2026-07-27,AAPL,336.61968994140625,49604300,737.25927734375
2026-07-27,IVZ,29.909950256347656,7346200,737.25927734375
2026-07-27,AMD,494.95001220703125,31800300,737.25927734375
2026-07-27,EL,82.91834259033203,1756600,737.25927734375
2026-07-27,PANW,317.32000732421875,5223400,737.25927734375
2026-07-27,SOLV,80.47000122070312,1045400,737.25927734375
2026-07-27,FTNT,152.3800048828125,4796100,737.25927734375
2026-07-27,CTAS,210.433349609375,2261000,737.25927734375
2026-07-27,BMY,62.560001373291016,10317000,737.25927734375
2026-07-27,NDAQ,93.62349700927734,3819900,737.25927734375
2026-07-27,EMR,148.79539489746094,2835200,737.25927734375
2026-07-27,NWSA,27.198484420776367,3119700,737.25927734375
2026-07-27,CBOE,288.06976318359375,990200,737.25927734375
2026-07-27,MCK,849.157470703125,799800,737.25927734375
2026-07-27,NDSN,296.49957275390625,239300,737.25927734375
2026-07-27,VZ,47.31999969482422,30409500,737.25927734375
2026-07-27,BAX,23.33099937438965,5445200,737.25927734375
2026-07-27,EXPD,171.33999633789062,923000,737.25927734375
2026-07-27,VRSN,274.015625,821900,737.25927734375
2026-07-27,LYB,58.02103805541992,4608300,737.25927734375
2026-07-27,ROST,242.88058471679688,2775200,737.25927734375
2026-07-27,FDS,264.9017333984375,1759200,737.25927734375
2026-07-27,VTRS,17.508684158325195,9762900,737.25927734375
2026-07-27,ALLE,157.58026123046875,1803100,737.25927734375
2026-07-27,RMD,202.49888610839844,1142800,737.25927734375
2026-07-27,ADP,253.35853576660156,1723800,737.25927734375
2026-07-28,MRNA,55.80500030517578,5553600,739.0248413085938
2026-07-28,P,72.98999786376953,2521400,739.0248413085938
2026-07-28,VEEV,201.1999969482422,1691400,739.0248413085938
2026-07-28,MPC,305.2142639160156,1825100,739.0248413085938
2026-07-28,ILMN,192.97999572753906,2112700,739.0248413085938
2026-07-28,PLTR,123.52999877929688,43597300,739.0248413085938
2026-07-28,SMCI,28.450000762939453,36449800,739.0248413085938
2026-07-28,PSX,204.76321411132812,2092100,739.0248413085938
2026-07-28,WDAY,159.69000244140625,7406900,739.0248413085938
2026-07-28,HPE,45.474979400634766,20961600,739.0248413085938
2026-07-28,VLO,297.7294006347656,2512000,739.0248413085938
2026-07-28,HPQ,28.017719268798828,25472900,739.0248413085938
2026-07-28,ACN,164.66000366210938,10614800,739.0248413085938
2026-07-28,CRM,181.18124389648438,17204600,739.0248413085938
2026-07-28,CTSH,50.016727447509766,13905900,739.0248413085938
2026-07-28,IT,155.83999633789062,1530700,739.0248413085938
2026-07-28,ZBRA,284.3999938964844,1261900,739.0248413085938
2026-07-28,CRWD,181.8000030517578,8475300,739.0248413085938
2026-07-28,RVTY,111.51000213623047,1772600,739.0248413085938
2026-07-28,NTAP,174.52999877929688,2786500,739.0248413085938
2026-07-28,MSFT,392.61090087890625,32367500,739.0248413085938
2026-07-28,IQV,242.94000244140625,5096500,739.0248413085938
2026-07-28,TMO,575.968505859375,3034300,739.0248413085938
2026-07-28,APA,34.93000030517578,5966800,739.0248413085938
2026-07-28,SWKS,64.68000030517578,8125400,739.0248413085938
2026-07-28,A,140.5399932861328,2277100,739.0248413085938
2026-07-28,CRL,240.42999267578125,1257900,739.0248413085938
2026-07-28,DELL,392.1000061035156,9448700,739.0248413085938
2026-07-28,NOW,110.62000274658203,33681100,739.0248413085938
2026-07-28,DXCM,74.8499984741211,4119900,739.0248413085938
2026-07-28,CVX,185.95712280273438,7406800,739.0248413085938
2026-07-28,NEM,91.32987976074219,5814500,739.0248413085938
2026-07-28,ANET,169.7100067138672,8561600,739.0248413085938
2026-07-28,COP,113.34400939941406,7638000,739.0248413085938
2026-07-28,PFE,25.25,49942700,739.0248413085938
2026-07-28,REGN,694.3692016601562,900200,739.0248413085938
2026-07-28,LITE,651.9299926757812,5642300,739.0248413085938
2026-07-28,TGT,143.10162353515625,4621700,739.0248413085938
2026-07-28,GRMN,252.6715545654297,1195500,739.0248413085938
2026-07-28,T,24.65999984741211,57350500,739.0248413085938
2026-07-28,ICE,152.21385192871094,6963900,739.0248413085938
2026-07-28,XOM,152.055419921875,16299900,739.0248413085938
2026-07-28,ULTA,501.5199890136719,517600,739.0248413085938
2026-07-28,PYPL,58.17630386352539,22908900,739.0248413085938
2026-07-28,GILD,133.56771850585938,6945600,739.0248413085938
2026-07-28,LDOS,117.97683715820312,1497800,739.0248413085938
2026-07-28,META,592.9420166015625,12009300,739.0248413085938
2026-07-28,BDX,165.36480712890625,2693300,739.0248413085938
2026-07-28,AMGN,390.8160705566406,3413000,739.0248413085938
2026-07-28,PTC,127.51000213623047,1392100,739.0248413085938
2026-07-28,COIN,167.89999389648438,5112000,739.0248413085938
2026-07-28,FOX,51.37635803222656,827900,739.0248413085938
2026-07-28,MRK,131.0464630126953,10260200,739.0248413085938
2026-07-28,FOXA,57.46611404418945,2416900,739.0248413085938
2026-07-28,WAT,383.8999938964844,919300,739.0248413085938
2026-07-28,MTD,1388.3800048828125,202400,739.0248413085938
2026-07-28,FCX,61.63999938964844,13592000,739.0248413085938
2026-07-28,OXY,53.68366622924805,7922900,739.0248413085938
2026-07-28,UHS,166.0248260498047,2106600,739.0248413085938
2026-07-28,NVDA,196.789794921875,134111500,739.0248413085938
2026-07-28,BBY,88.54094696044922,2710900,739.0248413085938
2026-07-28,WBD,25.610000610351562,20151300,739.0248413085938
2026-07-28,DVN,42.385494232177734,12510900,739.0248413085938
2026-07-28,BR,157.21168518066406,1364200,739.0248413085938
2026-07-28,DHR,198.6978759765625,9363700,739.0248413085938
2026-07-28,CPAY,384.32000732421875,715800,739.0248413085938
2026-07-28,CME,258.7851867675781,2238500,739.0248413085938
2026-07-28,ADBE,249.17999267578125,8098700,739.0248413085938
2026-07-28,AAPL,339.78692626953125,51859000,739.0248413085938
2026-07-28,IVZ,29.234466552734375,8538400,739.0248413085938
2026-07-28,AMD,454.6199951171875,36315500,739.0248413085938
2026-07-28,EL,84.46309661865234,2295200,739.0248413085938
2026-07-28,PANW,319.0,6507500,739.0248413085938
2026-07-28,SOLV,86.16999816894531,2313800,739.0248413085938
2026-07-28,FTNT,149.97999572753906,6016800,739.0248413085938
2026-07-28,CTAS,214.34320068359375,3660800,739.0248413085938
2026-07-28,BMY,63.599998474121094,15141700,739.0248413085938
2026-07-28,NDAQ,95.63668823242188,4262700,739.0248413085938
2026-07-28,EMR,151.29690551757812,2740100,739.0248413085938
2026-07-28,NWSA,28.085498809814453,2693900,739.0248413085938
2026-07-28,CBOE,296.5661926269531,1136800,739.0248413085938
2026-07-28,MCK,888.5556030273438,1602000,739.0248413085938
2026-07-28,NDSN,301.7438049316406,322900,739.0248413085938
2026-07-28,VZ,48.189998626708984,29692600,739.0248413085938
2026-07-28,BAX,24.36060333251953,7102200,739.0248413085938
2026-07-28,EXPD,171.4199981689453,946600,739.0248413085938
2026-07-28,VRSN,280.32708740234375,720100,739.0248413085938
2026-07-28,LYB,57.62512969970703,4894800,739.0248413085938
2026-07-28,ROST,250.54576110839844,3192100,739.0248413085938
2026-07-28,FDS,282.80426025390625,1642600,739.0248413085938
2026-07-28,VTRS,17.727048873901367,9602100,739.0248413085938
2026-07-28,ALLE,160.65931701660156,1806000,739.0248413085938
2026-07-28,RMD,208.362060546875,1137300,739.0248413085938
2026-07-28,ADP,262.4901123046875,3686100,739.0248413085938
2026-07-29,MRNA,54.4900016784668,4348300,727.6531372070312
2026-07-29,P,69.25,3746800,727.6531372070312
2026-07-29,VEEV,207.91000366210938,2073700,727.6531372070312
2026-07-29,MPC,307.8769836425781,1604700,727.6531372070312
2026-07-29,ILMN,194.82000732421875,1693400,727.6531372070312
2026-07-29,PLTR,123.0,27207900,727.6531372070312
2026-07-29,SMCI,25.700000762939453,40892200,727.6531372070312
2026-07-29,PSX,205.7181396484375,2270900,727.6531372070312
2026-07-29,WDAY,168.00999450683594,7241400,727.6531372070312
2026-07-29,HPE,44.327877044677734,12304800,727.6531372070312
2026-07-29,VLO,300.1600036621094,2319800,727.6531372070312
2026-07-29,HPQ,28.13656234741211,18802500,727.6531372070312
2026-07-29,ACN,173.1699981689453,10917200,727.6531372070312
2026-07-29,CRM,188.04917907714844,18139500,727.6531372070312
2026-07-29,CTSH,55.643733978271484,18262400,727.6531372070312
2026-07-29,IT,165.64999389648438,1431800,727.6531372070312
2026-07-29,ZBRA,282.9800109863281,1079800,727.6531372070312
2026-07-29,CRWD,179.3800048828125,7152500,727.6531372070312
2026-07-29,RVTY,113.37000274658203,2332900,727.6531372070312
2026-07-29,NTAP,173.22999572753906,3758500,727.6531372070312
2026-07-29,MSFT,389.8061828613281,47209000,727.6531372070312
2026-07-29,IQV,247.55999755859375,2241800,727.6531372070312
2026-07-29,TMO,576.0184936523438,2546800,727.6531372070312
2026-07-29,APA,36.70000076293945,5360200,727.6531372070312
2026-07-29,SWKS,61.189998626708984,17001200,727.6531372070312
2026-07-29,A,140.3000030517578,1864600,727.6531372070312
2026-07-29,CRL,234.8000030517578,1054500,727.6531372070312
2026-07-29,DELL,369.6400146484375,6349100,727.6531372070312
2026-07-29,NOW,115.76000213623047,40448100,727.6531372070312
2026-07-29,DXCM,75.13999938964844,6268700,727.6531372070312
2026-07-29,CVX,190.20008850097656,8101200,727.6531372070312
2026-07-29,NEM,91.15025329589844,6701200,727.6531372070312
2026-07-29,ANET,157.97000122070312,8189500,727.6531372070312
2026-07-29,COP,117.27777099609375,5998500,727.6531372070312
2026-07-29,PFE,25.149999618530273,30395000,727.6531372070312
2026-07-29,REGN,694.60888671875,1022100,727.6531372070312
2026-07-29,LITE,602.3499755859375,6388600,727.6531372070312
2026-07-29,TGT,144.78866577148438,3198400,727.6531372070312
2026-07-29,GRMN,293.69268798828125,3664200,727.6531372070312
2026-07-29,T,23.940000534057617,77480900,727.6531372070312
2026-07-29,ICE,153.76869201660156,4434200,727.6531372070312
2026-07-29,XOM,155.74154663085938,14571300,727.6531372070312
2026-07-29,ULTA,508.0899963378906,562000,727.6531372070312
2026-07-29,PYPL,58.20622634887695,18759500,727.6531372070312
2026-07-29,GILD,131.9866180419922,7763600,727.6531372070312
2026-07-29,LDOS,113.999755859375,1421200,727.6531372070312
2026-07-29,META,585.148193359375,22371100,727.6531372070312
2026-07-29,BDX,167.4127197265625,2126600,727.6531372070312
2026-07-29,AMGN,385.3877868652344,3003700,727.6531372070312
2026-07-29,PTC,132.4600067138672,2884500,727.6531372070312
2026-07-29,COIN,160.08999633789062,6802400,727.6531372070312
2026-07-29,FOX,52.470951080322266,1182100,727.6531372070312
2026-07-29,MRK,129.59503173828125,7537700,727.6531372070312
2026-07-29,FOXA,58.690704345703125,3919400,727.6531372070312
2026-07-29,WAT,379.4800109863281,723100,727.6531372070312
2026-07-29,MTD,1388.3299560546875,166100,727.6531372070312
2026-07-29,FCX,59.9900016784668,22668800,727.6531372070312
2026-07-29,OXY,55.774070739746094,9563600,727.6531372070312
2026-07-29,UHS,167.96255493164062,1390800,727.6531372070312
2026-07-29,NVDA,189.79762268066406,147680800,727.6531372070312
2026-07-29,BBY,89.23367309570312,3793100,727.6531372070312
2026-07-29,WBD,25.639999389648438,13352900,727.6531372070312
2026-07-29,DVN,44.173912048339844,7891700,727.6531372070312
2026-07-29,BR,158.22544860839844,1049200,727.6531372070312
2026-07-29,DHR,196.14239501953125,8213500,727.6531372070312
2026-07-29,CPAY,392.8500061035156,898200,727.6531372070312
2026-07-29,CME,264.19976806640625,2915100,727.6531372070312
2026-07-29,ADBE,263.42999267578125,9881800,727.6531372070312
2026-07-29,AAPL,337.8985900878906,56090800,727.6531372070312
2026-07-29,IVZ,27.883502960205078,6412800,727.6531372070312
2026-07-29,AMD,429.55999755859375,32304900,727.6531372070312
2026-07-29,EL,83.84519958496094,2482400,727.6531372070312
2026-07-29,PANW,314.1499938964844,6336700,727.6531372070312
2026-07-29,SOLV,88.55000305175781,1765300,727.6531372070312
2026-07-29,FTNT,153.22000122070312,12380400,727.6531372070312
2026-07-29,CTAS,215.96897888183594,2755100,727.6531372070312
2026-07-29,BMY,63.099998474121094,10606600,727.6531372070312
2026-07-29,NDAQ,95.22807312011719,3099200,727.6531372070312
2026-07-29,EMR,145.23745727539062,3601400,727.6531372070312
2026-07-29,NWSA,28.723352432250977,3965600,727.6531372070312
2026-07-29,CBOE,306.9573059082031,1383200,727.6531372070312
2026-07-29,MCK,887.6165771484375,838000,727.6531372070312
2026-07-29,NDSN,294.0968017578125,492400,727.6531372070312
2026-07-29,VZ,47.220001220703125,41396200,727.6531372070312
2026-07-29,BAX,24.760448455810547,9433100,727.6531372070312
2026-07-29,EXPD,170.1300048828125,883600,727.6531372070312
2026-07-29,VRSN,290.0685119628906,862800,727.6531372070312
2026-07-29,LYB,59.8719367980957,4944300,727.6531372070312
2026-07-29,ROST,251.47398376464844,2542200,727.6531372070312
2026-07-29,FDS,280.9811706542969,1298800,727.6531372070312
2026-07-29,VTRS,17.687345504760742,10027400,727.6531372070312
2026-07-29,ALLE,157.9091033935547,1341400,727.6531372070312
2026-07-29,RMD,213.6768035888672,1325300,727.6531372070312
2026-07-29,ADP,271.631591796875,4623600,727.6531372070312
2026-07-30,MRNA,57.91999816894531,4458300,739.852783203125
2026-07-30,P,75.05999755859375,2371700,739.852783203125
2026-07-30,VEEV,201.55999755859375,1441600,739.852783203125
2026-07-30,MPC,313.22235107421875,1963300,739.852783203125
2026-07-30,ILMN,205.08999633789062,2764500,739.852783203125
2026-07-30,PLTR,122.26000213623047,27801600,739.852783203125
2026-07-30,SMCI,27.729999542236328,38544900,739.852783203125
2026-07-30,PSX,209.48812866210938,1982000,739.852783203125
2026-07-30,WDAY,158.11000061035156,6819200,739.852783203125
2026-07-30,HPE,47.02106857299805,20281900,739.852783203125
2026-07-30,VLO,310.5099792480469,2254700,739.852783203125
2026-07-30,HPQ,26.601482391357422,17407300,739.852783203125
2026-07-30,ACN,163.2899932861328,8643800,739.852783203125
2026-07-30,CRM,180.39263916015625,12182400,739.852783203125
2026-07-30,CTSH,53.58580017089844,12606100,739.852783203125
2026-07-30,IT,152.9199981689453,2229000,739.852783203125
2026-07-30,ZBRA,288.57000732421875,759800,739.852783203125
2026-07-30,CRWD,185.22000122070312,8958800,739.852783203125
2026-07-30,RVTY,113.54000091552734,2037000,739.852783203125
2026-07-30,NTAP,173.97999572753906,1995200,739.852783203125
2026-07-30,MSFT,450.2524108886719,110160700,739.852783203125
2026-07-30,IQV,237.7899932861328,1703700,739.852783203125
2026-07-30,TMO,576.3282470703125,2264700,739.852783203125
2026-07-30,APA,36.33000183105469,5440500,739.852783203125
2026-07-30,SWKS,62.47999954223633,8539600,739.852783203125
2026-07-30,A,138.7100067138672,1955100,739.852783203125
2026-07-30,CRL,234.6199951171875,937700,739.852783203125
2026-07-30,DELL,404.80999755859375,6193700,739.852783203125
2026-07-30,NOW,110.06999969482422,29757900,739.852783203125
2026-07-30,DXCM,74.54000091552734,5645100,739.852783203125
2026-07-30,CVX,190.6461944580078,6645000,739.852783203125
2026-07-30,NEM,95.56107330322266,8545800,739.852783203125
2026-07-30,ANET,171.02000427246094,7284700,739.852783203125
2026-07-30,COP,118.24134826660156,6496700,739.852783203125
2026-07-30,PFE,24.90999984741211,44954500,739.852783203125
2026-07-30,REGN,737.4788818359375,1460700,739.852783203125
2026-07-30,LITE,693.239990234375,5621200,739.852783203125
2026-07-30,TGT,143.4092559814453,2627500,739.852783203125
2026-07-30,GRMN,296.4022216796875,1350600,739.852783203125
2026-07-30,T,23.209999084472656,49433700,739.852783203125
2026-07-30,ICE,155.75209045410156,7991600,739.852783203125
2026-07-30,XOM,155.96014404296875,12578100,739.852783203125
2026-07-30,ULTA,516.72998046875,535700,739.852783203125
2026-07-30,PYPL,57.507957458496094,11974400,739.852783203125
2026-07-30,GILD,130.54473876953125,6724500,739.852783203125
2026-07-30,LDOS,112.04610443115234,1154300,739.852783203125
2026-07-30,META,538.60498046875,42271500,739.852783203125
2026-07-30,BDX,164.4800262451172,2041000,739.852783203125
2026-07-30,AMGN,385.3877868652344,3004900,739.852783203125
2026-07-30,PTC,136.3000030517578,3375700,739.852783203125
2026-07-30,COIN,163.5800018310547,7881300,739.852783203125
2026-07-30,FOX,52.08286666870117,852000,739.852783203125
2026-07-30,MRK,129.0283660888672,7832900,739.852783203125
2026-07-30,FOXA,58.561275482177734,2909400,739.852783203125
2026-07-30,WAT,380.29998779296875,783100,739.852783203125
2026-07-30,MTD,1380.6099853515625,203500,739.852783203125
2026-07-30,FCX,63.439998626708984,14850400,739.852783203125
2026-07-30,OXY,55.69443893432617,6279100,739.852783203125
2026-07-30,UHS,163.09825134277344,1453700,739.852783203125
2026-07-30,NVDA,194.82199096679688,129010200,739.852783203125
2026-07-30,BBY,86.9080810546875,2868200,739.852783203125
2026-07-30,WBD,25.469999313354492,23155900,739.852783203125
2026-07-30,DVN,43.88577651977539,11186800,739.852783203125
2026-07-30,BR,153.82257080078125,1079900,739.852783203125
2026-07-30,DHR,195.82296752929688,4952500,739.852783203125
2026-07-30,CPAY,390.1199951171875,661000,739.852783203125
2026-07-30,CME,265.971435546875,2590900,739.852783203125
2026-07-30,ADBE,247.89999389648438,6869000,739.852783203125
2026-07-30,AAPL,333.1426696777344,74817800,739.852783203125
2026-07-30,IVZ,29.224533081054688,4394300,739.852783203125
2026-07-30,AMD,485.3900146484375,36936600,739.852783203125
2026-07-30,EL,84.59265899658203,2552800,739.852783203125
2026-07-30,PANW,325.67999267578125,6859300,739.852783203125
2026-07-30,SOLV,86.81999969482422,1271300,739.852783203125
2026-07-30,FTNT,154.25,11018600,739.852783203125
2026-07-30,CTAS,206.25421142578125,3291000,739.852783203125
2026-07-30,BMY,64.86000061035156,18031400,739.852783203125
2026-07-30,NDAQ,94.83938598632812,4644600,739.852783203125
2026-07-30,EMR,148.1376190185547,2910900,739.852783203125
2026-07-30,NWSA,27.99580192565918,3196900,739.852783203125
2026-07-30,CBOE,295.6985778808594,1633500,739.852783203125
2026-07-30,MCK,864.591064453125,990000,739.852783203125
2026-07-30,NDSN,294.3460388183594,254100,739.852783203125
2026-07-30,VZ,46.11000061035156,20937900,739.852783203125
2026-07-30,BAX,26.739683151245117,22670900,739.852783203125
2026-07-30,EXPD,167.00999450683594,1115900,739.852783203125
2026-07-30,VRSN,285.7411804199219,744800,739.852783203125
2026-07-30,LYB,59.82244110107422,4090600,739.852783203125
2026-07-30,ROST,252.0828094482422,2452000,739.852783203125
2026-07-30,FDS,262.0425109863281,1148400,739.852783203125
2026-07-30,VTRS,17.627792358398438,5801700,739.852783203125
2026-07-30,ALLE,156.50408935546875,1222900,739.852783203125
2026-07-30,RMD,207.96319580078125,1091200,739.852783203125
2026-07-30,ADP,262.1920166015625,2895200,739.852783203125
2026-07-31,MRNA,54.81999969482422,7764500,745.1796264648438
2026-07-31,P,77.16999816894531,1972100,745.1796264648438
2026-07-31,VEEV,203.77999877929688,1888800,745.1796264648438
2026-07-31,MPC,315.6058349609375,1688700,745.1796264648438
2026-07-31,ILMN,205.10000610351562,4099500,745.1796264648438
2026-07-31,PLTR,123.05999755859375,29085100,745.1796264648438
2026-07-31,SMCI,28.399999618530273,34956100,745.1796264648438
2026-07-31,PSX,210.5624237060547,2913500,745.1796264648438
2026-07-31,WDAY,160.33999633789062,4088200,745.1796264648438
2026-07-31,HPE,47.779151916503906,17247400,745.1796264648438
2026-07-31,VLO,312.8999938964844,2433600,745.1796264648438
2026-07-31,HPQ,27.007535934448242,19611100,745.1796264648438
2026-07-31,ACN,165.9199981689453,9389200,745.1796264648438
2026-07-31,CRM,183.6968231201172,9691500,745.1796264648438
2026-07-31,CTSH,55.02734375,8125000,745.1796264648438
2026-07-31,IT,151.02000427246094,1406300,745.1796264648438
2026-07-31,ZBRA,293.82000732421875,976900,745.1796264648438
2026-07-31,CRWD,190.86000061035156,7887400,745.1796264648438
2026-07-31,RVTY,112.5199966430664,1206800,745.1796264648438
2026-07-31,NTAP,178.5,1829900,745.1796264648438
2026-07-31,MSFT,463.8468017578125,60846000,745.1796264648438
2026-07-31,IQV,235.02000427246094,1321700,745.1796264648438
2026-07-31,TMO,573.860107421875,2112900,745.1796264648438
2026-07-31,APA,37.31999969482422,7952200,745.1796264648438
2026-07-31,SWKS,62.279998779296875,6203500,745.1796264648438
2026-07-31,A,138.3699951171875,1721100,745.1796264648438
2026-07-31,CRL,232.50999450683594,509200,745.1796264648438
2026-07-31,DELL,405.3699951171875,4853900,745.1796264648438
2026-07-31,NOW,111.2300033569336,20525300,745.1796264648438
2026-07-31,DXCM,83.44999694824219,11982000,745.1796264648438
2026-07-31,CVX,195.12709045410156,9958100,745.1796264648438
2026-07-31,NEM,93.51533508300781,5866200,745.1796264648438
2026-07-31,ANET,180.35000610351562,8472300,745.1796264648438
2026-07-31,COP,119.68174743652344,5801900,745.1796264648438
2026-07-31,PFE,25.010000228881836,45080200,745.1796264648438
2026-07-31,REGN,761.7405395507812,1158300,745.1796264648438
2026-07-31,LITE,713.9400024414062,4550400,745.1796264648438
2026-07-31,TGT,143.38941955566406,3312000,745.1796264648438
2026-07-31,GRMN,292.6467590332031,1168100,745.1796264648438
2026-07-31,T,23.25,58149000,745.1796264648438
2026-07-31,ICE,151.97463989257812,5667800,745.1796264648438
2026-07-31,XOM,154.4399871826172,15714200,745.1796264648438
2026-07-31,ULTA,512.8300170898438,511300,745.1796264648438
2026-07-31,PYPL,57.06903839111328,9773000,745.1796264648438
2026-07-31,GILD,129.48074340820312,6531600,745.1796264648438
2026-07-31,LDOS,115.22576904296875,1180800,745.1796264648438
2026-07-31,META,556.27099609375,24261500,745.1796264648438
2026-07-31,BDX,164.64901733398438,2024700,745.1796264648438
2026-07-31,AMGN,382.92218017578125,1954600,745.1796264648438
2026-07-31,PTC,137.1999969482422,2341800,745.1796264648438
2026-07-31,COIN,146.25999450683594,20870300,745.1796264648438
2026-07-31,FOX,51.68482971191406,978500,745.1796264648438
2026-07-31,MRK,129.4359588623047,7738800,745.1796264648438
2026-07-31,FOXA,57.97386932373047,3837700,745.1796264648438
2026-07-31,WAT,377.30999755859375,715100,745.1796264648438
2026-07-31,MTD,1416.300048828125,257200,745.1796264648438
2026-07-31,FCX,62.630001068115234,10789600,745.1796264648438
2026-07-31,OXY,56.809322357177734,6836500,745.1796264648438
2026-07-31,UHS,168.24221801757812,1344900,745.1796264648438
2026-07-31,NVDA,200.52561950683594,139961200,745.1796264648438
2026-07-31,BBY,85.3642807006836,3806500,745.1796264648438
2026-07-31,WBD,26.299999237060547,37068600,745.1796264648438
2026-07-31,DVN,44.839599609375,7902400,745.1796264648438
2026-07-31,BR,153.00758361816406,935500,745.1796264648438
2026-07-31,DHR,194.63507080078125,4387600,745.1796264648438
2026-07-31,CPAY,382.1099853515625,548400,745.1796264648438
2026-07-31,CME,266.5387878417969,3269500,745.1796264648438
2026-07-31,ADBE,250.41000366210938,5589500,745.1796264648438
2026-07-31,AAPL,308.6438293457031,132489100,745.1796264648438
2026-07-31,IVZ,29.403337478637695,4722900,745.1796264648438
2026-07-31,AMD,476.1499938964844,26615700,745.1796264648438
2026-07-31,EL,83.61598205566406,1848000,745.1796264648438
2026-07-31,PANW,331.8299865722656,5027700,745.1796264648438
2026-07-31,SOLV,85.44000244140625,1056700,745.1796264648438
2026-07-31,FTNT,161.9499969482422,6085500,745.1796264648438
2026-07-31,CTAS,204.09982299804688,2233700,745.1796264648438
2026-07-31,BMY,65.30999755859375,14580300,745.1796264648438
2026-07-31,NDAQ,93.8726577758789,3182600,745.1796264648438
2026-07-31,EMR,149.3136444091797,3725500,745.1796264648438
2026-07-31,NWSA,27.46757698059082,4084200,745.1796264648438
2026-07-31,CBOE,309.37060546875,1696900,745.1796264648438
2026-07-31,MCK,855.2809448242188,773300,745.1796264648438
2026-07-31,NDSN,296.8883972167969,300800,745.1796264648438
2026-07-31,VZ,46.810001373291016,28291300,745.1796264648438
2026-07-31,BAX,26.149911880493164,9283200,745.1796264648438
2026-07-31,EXPD,167.88999938964844,1330300,745.1796264648438
2026-07-31,VRSN,289.1711120605469,1108600,745.1796264648438
2026-07-31,LYB,61.4456901550293,6433000,745.1796264648438
2026-07-31,ROST,250.585693359375,1610900,745.1796264648438
2026-07-31,FDS,262.2118835449219,674300,745.1796264648438
2026-07-31,VTRS,17.42928123474121,15567200,745.1796264648438
2026-07-31,ALLE,156.84288024902344,933800,745.1796264648438
2026-07-31,RMD,210.37628173828125,1113500,745.1796264648438
2026-07-31,ADP,264.7655334472656,2494600,745.1796264648438
2026-08-03,MRNA,55.13999938964844,5176700,755.793212890625
2026-08-03,P,80.13999938964844,1905900,755.793212890625
2026-08-03,VEEV,206.25,2608900,755.793212890625
2026-08-03,MPC,306.19158935546875,2105300,755.793212890625
2026-08-03,ILMN,198.16000366210938,2611700,755.793212890625
2026-08-03,PLTR,125.6500015258789,77282900,755.793212890625
2026-08-03,SMCI,28.639999389648438,24010900,755.793212890625
2026-08-03,PSX,205.10140991210938,1992200,755.793212890625
2026-08-03,WDAY,165.0500030517578,3979500,755.793212890625
2026-08-03,HPE,50.113250732421875,17026300,755.793212890625
2026-08-03,VLO,307.5400085449219,3302200,755.793212890625
2026-08-03,HPQ,26.858980178833008,11622700,755.793212890625
2026-08-03,ACN,165.75999450683594,6741900,755.793212890625
2026-08-03,CRM,185.62342834472656,12908000,755.793212890625
2026-08-03,CTSH,54.848392486572266,7987500,755.793212890625
2026-08-03,IT,151.52999877929688,1441700,755.793212890625
2026-08-03,ZBRA,291.6400146484375,1301100,755.793212890625
2026-08-03,CRWD,202.5399932861328,10302600,755.793212890625
2026-08-03,RVTY,115.22000122070312,2589100,755.793212890625
2026-08-03,NTAP,182.9199981689453,1964500,755.793212890625
2026-08-03,MSFT,486.73370361328125,66762100,755.793212890625
2026-08-03,IQV,233.36000061035156,1644700,755.793212890625
2026-08-03,TMO,573.5903930664062,1588900,755.793212890625
2026-08-03,APA,36.869998931884766,4977600,755.793212890625
2026-08-03,SWKS,61.290000915527344,5506100,755.793212890625
2026-08-03,A,139.8000030517578,1795400,755.793212890625
2026-08-03,CRL,230.8699951171875,608100,755.793212890625
2026-08-03,DELL,429.0199890136719,4838300,755.793212890625
2026-08-03,NOW,114.19000244140625,24517500,755.793212890625
2026-08-03,DXCM,87.30999755859375,9191500,755.793212890625
2026-08-03,CVX,191.5086669921875,9544100,755.793212890625
2026-08-03,NEM,95.17189025878906,5050200,755.793212890625
2026-08-03,ANET,184.88999938964844,8335700,755.793212890625
2026-08-03,COP,118.37049102783203,6555200,755.793212890625
2026-08-03,PFE,25.030000686645508,40645800,755.793212890625
2026-08-03,REGN,758.3544311523438,842600,755.793212890625
2026-08-03,LITE,779.8900146484375,4198400,755.793212890625
2026-08-03,TGT,148.21240234375,4856900,755.793212890625
2026-08-03,GRMN,303.58441162109375,905900,755.793212890625
2026-08-03,T,23.59000015258789,53816900,755.793212890625
2026-08-03,ICE,151.29690551757812,5682400,755.793212890625
2026-08-03,XOM,154.0624237060547,14532800,755.793212890625
2026-08-03,ULTA,534.4099731445312,977500,755.793212890625
2026-08-03,PYPL,57.72740936279297,9303200,755.793212890625
2026-08-03,GILD,130.41546630859375,7523500,755.793212890625
2026-08-03,LDOS,118.33567810058594,1838100,755.793212890625
2026-08-03,META,589.7745361328125,25938100,755.793212890625
2026-08-03,BDX,169.21212768554688,1727600,755.793212890625
2026-08-03,AMGN,376.6687316894531,3443100,755.793212890625
2026-08-03,PTC,139.86000061035156,1258500,755.793212890625
2026-08-03,COIN,146.5,9148500,755.793212890625
2026-08-03,FOX,52.36149215698242,918800,755.793212890625
2026-08-03,MRK,127.02022552490234,11153800,755.793212890625
2026-08-03,FOXA,58.441802978515625,3766800,755.793212890625
2026-08-03,WAT,374.739990234375,1162300,755.793212890625
2026-08-03,MTD,1445.0,216300,755.793212890625
2026-08-03,FCX,63.63999938964844,8951400,755.793212890625
2026-08-03,OXY,55.21663284301758,8665100,755.793212890625
2026-08-03,UHS,168.8415069580078,986200,755.793212890625
2026-08-03,NVDA,206.40904235839844,128406900,755.793212890625
2026-08-03,BBY,84.3647689819336,3956000,755.793212890625
2026-08-03,WBD,26.09000015258789,13639700,755.793212890625
2026-08-03,DVN,44.283203125,8660000,755.793212890625
2026-08-03,BR,156.3768310546875,1310400,755.793212890625
2026-08-03,DHR,197.15060424804688,2950600,755.793212890625
2026-08-03,CPAY,385.7799987792969,397600,755.793212890625
2026-08-03,CME,264.9263610839844,1622600,755.793212890625
2026-08-03,ADBE,251.33999633789062,4293800,755.793212890625
2026-08-03,AAPL,303.1585693359375,75052000,755.793212890625
2026-08-03,IVZ,30.704633712768555,4767300,755.793212890625
2026-08-03,AMD,484.6400146484375,24422300,755.793212890625
2026-08-03,EL,84.39334106445312,1893000,755.793212890625
2026-08-03,PANW,347.1300048828125,7306700,755.793212890625
2026-08-03,SOLV,88.06999969482422,1285100,755.793212890625
2026-08-03,FTNT,163.2100067138672,5916900,755.793212890625
2026-08-03,CTAS,203.48141479492188,2093600,755.793212890625
2026-08-03,BMY,65.47000122070312,32970900,755.793212890625
2026-08-03,NDAQ,93.82282257080078,4015800,755.793212890625
2026-08-03,EMR,154.32664489746094,3431800,755.793212890625
2026-08-03,NWSA,27.846303939819336,3358800,755.793212890625
2026-08-03,CBOE,297.00494384765625,1063800,755.793212890625
2026-08-03,MCK,826.2617797851562,1439700,755.793212890625
2026-08-03,NDSN,301.7138977050781,326500,755.793212890625
2026-08-03,VZ,47.36000061035156,23007900,755.793212890625
2026-08-03,BAX,28.08916473388672,10447100,755.793212890625
2026-08-03,EXPD,170.58999633789062,2221300,755.793212890625
2026-08-03,VRSN,298.0151672363281,861500,755.793212890625
2026-08-03,LYB,60.00060272216797,6072700,755.793212890625
2026-08-03,ROST,252.42214965820312,2457300,755.793212890625
2026-08-03,FDS,268.66754150390625,497900,755.793212890625
2026-08-03,VTRS,17.49875831604004,8797100,755.793212890625
2026-08-03,ALLE,160.7091522216797,1345400,755.793212890625
2026-08-03,RMD,214.57423400878906,1466100,755.793212890625
2026-08-03,ADP,268.0644226074219,3103700,755.793212890625
2026-08-04,MRNA,56.9900016784668,4000100,769.4193725585938
2026-08-04,P,83.91999816894531,3726100,769.4193725585938
2026-08-04,VEEV,211.86000061035156,1476100,769.4193725585938
2026-08-04,MPC,311.75634765625,2507100,769.4193725585938
2026-08-04,ILMN,203.00999450683594,3104200,769.4193725585938
2026-08-04,PLTR,162.66000366210938,175034700,769.4193725585938
2026-08-04,SMCI,31.690000534057617,56404600,769.4193725585938
2026-08-04,PSX,204.80299377441406,3489900,769.4193725585938
2026-08-04,WDAY,171.27999877929688,3363900,769.4193725585938
2026-08-04,HPE,52.2578239440918,25682700,769.4193725585938
2026-08-04,VLO,308.7300109863281,3634000,769.4193725585938
2026-08-04,HPQ,28.542617797851562,13699800,769.4193725585938
2026-08-04,ACN,170.42999267578125,5792900,769.4193725585938
2026-08-04,CRM,190.6545867919922,9326900,769.4193725585938
2026-08-04,CTSH,55.802799224853516,18716800,769.4193725585938
2026-08-04,IT,185.7899932861328,3712100,769.4193725585938
2026-08-04,ZBRA,368.8299865722656,2615000,769.4193725585938
2026-08-04,CRWD,211.22000122070312,8354500,769.4193725585938
2026-08-04,RVTY,111.38999938964844,2587200,769.4193725585938
2026-08-04,NTAP,190.4600067138672,3765900,769.4193725585938
2026-08-04,MSFT,491.884033203125,50455500,769.4193725585938
2026-08-04,IQV,228.1999969482422,1471700,769.4193725585938
2026-08-04,TMO,564.3174438476562,1941800,769.4193725585938
2026-08-04,APA,35.79999923706055,6177600,769.4193725585938
2026-08-04,SWKS,66.79000091552734,5818200,769.4193725585938
2026-08-04,A,139.1999969482422,1623700,769.4193725585938
2026-08-04,CRL,234.1199951171875,1146500,769.4193725585938
2026-08-04,DELL,467.2699890136719,7583200,769.4193725585938
2026-08-04,NOW,118.13999938964844,19398600,769.4193725585938
2026-08-04,DXCM,86.94000244140625,6123700,769.4193725585938
2026-08-04,CVX,188.75271606445312,9455900,769.4193725585938
2026-08-04,NEM,97.52698516845703,5449100,769.4193725585938
2026-08-04,ANET,190.50999450683594,14097400,769.4193725585938
2026-08-04,COP,117.1585693359375,7115400,769.4193725585938
2026-08-04,PFE,25.40999984741211,62189500,769.4193725585938
2026-08-04,REGN,759.7727661132812,817300,769.4193725585938
2026-08-04,LITE,849.469970703125,6642900,769.4193725585938
2026-08-04,TGT,146.98184204101562,3181100,769.4193725585938
2026-08-04,GRMN,306.17437744140625,1351300,769.4193725585938
2026-08-04,T,23.3799991607666,55823300,769.4193725585938
2026-08-04,ICE,148.7055206298828,3819500,769.4193725585938
2026-08-04,XOM,152.96951293945312,14347900,769.4193725585938
2026-08-04,ULTA,543.8599853515625,494700,769.4193725585938
2026-08-04,PYPL,58.3957633972168,10322200,769.4193725585938
2026-08-04,GILD,134.4925079345703,10091400,769.4193725585938
2026-08-04,LDOS,130.17721557617188,2831900,769.4193725585938
2026-08-04,META,587.4763793945312,17959200,769.4193725585938
2026-08-04,BDX,169.1226348876953,2104800,769.4193725585938
2026-08-04,AMGN,387.7539367675781,3622700,769.4193725585938
2026-08-04,PTC,141.67999267578125,1459500,769.4193725585938
2026-08-04,COIN,150.72999572753906,7289000,769.4193725585938
2026-08-04,FOX,52.560508728027344,1343200,769.4193725585938
2026-08-04,MRK,127.2488784790039,11816900,769.4193725585938
2026-08-04,FOXA,58.820133209228516,5642600,769.4193725585938
2026-08-04,WAT,396.0799865722656,1999900,769.4193725585938
2026-08-04,MTD,1437.0,178100,769.4193725585938
2026-08-04,FCX,67.30000305175781,16305900,769.4193725585938
2026-08-04,OXY,54.8383674621582,9032500,769.4193725585938
2026-08-04,UHS,167.67288208007812,733700,769.4193725585938
2026-08-04,NVDA,211.70310974121094,134922000,769.4193725585938
2026-08-04,BBY,85.4533462524414,3810200,769.4193725585938
2026-08-04,WBD,25.790000915527344,33289000,769.4193725585938
2026-08-04,DVN,43.76654815673828,9813400,769.4193725585938
2026-08-04,BR,167.3790740966797,2516800,769.4193725585938
2026-08-04,DHR,194.4354248046875,6972400,769.4193725585938
2026-08-04,CPAY,396.5199890136719,847300,769.4193725585938
2026-08-04,CME,261.40289306640625,2294700,769.4193725585938
2026-08-04,ADBE,257.489990234375,4203000,769.4193725585938
2026-08-04,AAPL,309.1134033203125,68001000,769.4193725585938
2026-08-04,IVZ,31.787391662597656,5865700,769.4193725585938
2026-08-04,AMD,518.5800170898438,48463600,769.4193725585938
2026-08-04,EL,86.67558288574219,3233300,769.4193725585938
2026-08-04,PANW,366.3399963378906,8186900,769.4193725585938
2026-08-04,SOLV,87.94000244140625,1808600,769.4193725585938
2026-08-04,FTNT,168.2899932861328,6437400,769.4193725585938
2026-08-04,CTAS,203.12234497070312,2653200,769.4193725585938
2026-08-04,BMY,65.88999938964844,23292800,769.4193725585938
2026-08-04,NDAQ,93.30458068847656,3783400,769.4193725585938
2026-08-04,EMR,158.3031463623047,5333600,769.4193725585938
2026-08-04,NWSA,28.494123458862305,5046200,769.4193725585938
2026-08-04,CBOE,287.62103271484375,950200,769.4193725585938
2026-08-04,MCK,829.5482788085938,1089400,769.4193725585938
2026-08-04,NDSN,308.7427978515625,368000,769.4193725585938
2026-08-04,VZ,46.880001068115234,23748600,769.4193725585938
2026-08-04,BAX,28.339067459106445,10209100,769.4193725585938
2026-08-04,EXPD,181.47999572753906,2765300,769.4193725585938
2026-08-04,VRSN,298.32427978515625,821300,769.4193725585938
2026-08-04,LYB,60.485599517822266,3989500,769.4193725585938
2026-08-04,ROST,250.57571411132812,2261600,769.4193725585938
2026-08-04,FDS,273.45947265625,824600,769.4193725585938
2026-08-04,VTRS,17.568239212036133,8892200,769.4193725585938
2026-08-04,ALLE,164.7747039794922,1012200,769.4193725585938
2026-08-04,RMD,222.50148010253906,1742500,769.4193725585938
2026-08-04,ADP,268.8990783691406,2586300,769.4193725585938
2026-08-05,MRNA,56.255001068115234,5163300,767.8831787109375
2026-08-05,P,83.73999786376953,2389400,767.8831787109375
2026-08-05,VEEV,213.50999450683594,1548500,767.8831787109375
2026-08-05,MPC,296.93695068359375,2778900,767.8831787109375
2026-08-05,ILMN,199.8699951171875,2266000,767.8831787109375
2026-08-05,PLTR,158.42999267578125,63515900,767.8831787109375
2026-08-05,SMCI,30.31999969482422,35605000,767.8831787109375
2026-08-05,PSX,201.4806365966797,3833900,767.8831787109375
2026-08-05,WDAY,170.63999938964844,2263500,767.8831787109375
2026-08-05,HPE,53.085731506347656,17337900,767.8831787109375
2026-08-05,VLO,302.3900146484375,3186200,767.8831787109375
2026-08-05,HPQ,28.24550437927246,14545200,767.8831787109375
2026-08-05,ACN,170.72999572753906,5395900,767.8831787109375
2026-08-05,CRM,192.64108276367188,9605500,767.8831787109375
2026-08-05,CTSH,55.454837799072266,6620800,767.8831787109375
2026-08-05,IT,186.41000366210938,2354900,767.8831787109375
2026-08-05,ZBRA,368.989990234375,1385000,767.8831787109375
2026-08-05,CRWD,209.86000061035156,7324900,767.8831787109375
2026-08-05,RVTY,115.0199966430664,2149600,767.8831787109375
2026-08-05,NTAP,186.60000610351562,3314200,767.8831787109375
2026-08-05,MSFT,486.5440673828125,33388900,767.8831787109375
2026-08-05,IQV,236.0500030517578,1557700,767.8831787109375
2026-08-05,TMO,577.387451171875,1552800,767.8831787109375
2026-08-05,APA,34.65999984741211,5392100,767.8831787109375
2026-08-05,SWKS,66.98999786376953,5159200,767.8831787109375
2026-08-05,A,141.11000061035156,1266400,767.8831787109375
2026-08-05,CRL,260.7200012207031,1782400,767.8831787109375
2026-08-05,DELL,462.70001220703125,6984200,767.8831787109375
2026-08-05,NOW,117.22000122070312,15596900,767.8831787109375
2026-08-05,DXCM,82.66000366210938,6010500,767.8831787109375
2026-08-05,CVX,184.7972412109375,8260600,767.8831787109375
2026-08-05,NEM,104.07335662841797,9539300,767.8831787109375
2026-08-05,ANET,197.30999755859375,20227000,767.8831787109375
2026-08-05,COP,114.27778625488281,7905100,767.8831787109375
2026-08-05,PFE,25.809999465942383,47058300,767.8831787109375
2026-08-05,REGN,767.68359375,532400,767.8831787109375
2026-08-05,LITE,826.260009765625,3421900,767.8831787109375
2026-08-05,TGT,146.574951171875,4230300,767.8831787109375
2026-08-05,GRMN,301.3829345703125,1017200,767.8831787109375
2026-08-05,T,23.059999465942383,66801800,767.8831787109375
2026-08-05,ICE,149.34339904785156,4533400,767.8831787109375
2026-08-05,XOM,150.6544952392578,12227500,767.8831787109375
2026-08-05,ULTA,539.469970703125,459300,767.8831787109375
2026-08-05,PYPL,57.78726577758789,8523900,767.8831787109375
2026-08-05,GILD,131.0220489501953,11383400,767.8831787109375
2026-08-05,LDOS,126.4393539428711,2478900,767.8831787109375
2026-08-05,META,588.3057250976562,14897200,767.8831787109375
2026-08-05,BDX,169.65948486328125,2538000,767.8831787109375
2026-08-05,AMGN,405.46044921875,5750700,767.8831787109375
2026-08-05,PTC,139.42999267578125,1298200,767.8831787109375
2026-08-05,COIN,149.88999938964844,6818900,767.8831787109375
2026-08-05,FOX,51.94355773925781,1627800,767.8831787109375
2026-08-05,MRK,127.57694244384766,10501900,767.8831787109375
2026-08-05,FOXA,58.42189025878906,7336300,767.8831787109375
2026-08-05,WAT,400.0,1104500,767.8831787109375
2026-08-05,MTD,1421.52001953125,187700,767.8831787109375
2026-08-05,FCX,69.38999938964844,17116400,767.8831787109375
2026-08-05,OXY,53.564212799072266,8614400,767.8831787109375
2026-08-05,UHS,171.45843505859375,721400,767.8831787109375
2026-08-05,NVDA,218.9749755859375,158187400,767.8831787109375
2026-08-05,BBY,83.62255859375,2915000,767.8831787109375
2026-08-05,WBD,25.969999313354492,20743000,767.8831787109375
2026-08-05,DVN,41.81916046142578,15323100,767.8831787109375
2026-08-05,BR,162.40968322753906,1594200,767.8831787109375
2026-08-05,DHR,199.30679321289062,3747900,767.8831787109375
2026-08-05,CPAY,394.5299987792969,1047700,767.8831787109375
2026-08-05,CME,263.5428466796875,1745800,767.8831787109375
2026-08-05,ADBE,259.32000732421875,4285500,767.8831787109375
2026-08-05,AAPL,310.7320251464844,49438800,767.8831787109375
2026-08-05,IVZ,31.79732322692871,6861900,767.8831787109375
2026-08-05,AMD,482.04998779296875,49615800,767.8831787109375
2026-08-05,EL,86.66561889648438,1857700,767.8831787109375
2026-08-05,PANW,362.6600036621094,5607500,767.8831787109375
2026-08-05,SOLV,87.47000122070312,1554600,767.8831787109375
2026-08-05,FTNT,164.1300048828125,4578500,767.8831787109375
2026-08-05,CTAS,200.878173828125,2460500,767.8831787109375
2026-08-05,BMY,63.630001068115234,14117100,767.8831787109375
2026-08-05,NDAQ,94.24140167236328,3231900,767.8831787109375
2026-08-05,EMR,161.92088317871094,5250800,767.8831787109375
2026-08-05,NWSA,28.962547302246094,7341600,767.8831787109375
2026-08-05,CBOE,283.9711608886719,935300,767.8831787109375
2026-08-05,MCK,876.298583984375,1143300,767.8831787109375
2026-08-05,NDSN,309.73980712890625,307300,767.8831787109375
2026-08-05,VZ,46.470001220703125,39580600,767.8831787109375
2026-08-05,BAX,27.319459915161133,9302500,767.8831787109375
2026-08-05,EXPD,181.41000366210938,1650400,767.8831787109375
2026-08-05,VRSN,292.55120849609375,1049100,767.8831787109375
2026-08-05,LYB,58.426849365234375,4263500,767.8831787109375
2026-08-05,ROST,252.73153686523438,1688100,767.8831787109375
2026-08-05,FDS,276.9862060546875,729100,767.8831787109375
2026-08-05,VTRS,17.51861000061035,11350800,767.8831787109375
2026-08-05,ALLE,167.98330688476562,1271100,767.8831787109375
2026-08-05,RMD,223.38893127441406,1746500,767.8831787109375
2026-08-05,ADP,268.3724365234375,1931800,767.8831787109375
2026-08-06,MRNA,53.86000061035156,5640300,766.65625
2026-08-06,P,87.26000213623047,2226900,766.65625
2026-08-06,VEEV,217.8000030517578,2200600,766.65625
2026-08-06,MPC,298.432861328125,1976500,766.65625
2026-08-06,ILMN,193.72000122070312,4276200,766.65625
2026-08-06,PLTR,155.9199981689453,41751400,766.65625
2026-08-06,SMCI,29.3799991607666,26698000,766.65625
2026-08-06,PSX,204.43495178222656,2547600,766.65625
2026-08-06,WDAY,170.24000549316406,3571500,766.65625
2026-08-06,HPE,52.29772186279297,17447500,766.65625
2026-08-06,VLO,302.989990234375,2676200,766.65625
2026-08-06,HPQ,27.908777236938477,15803400,766.65625
2026-08-06,ACN,171.11000061035156,5206000,766.65625
2026-08-06,CRM,186.44200134277344,13297600,766.65625
2026-08-06,CTSH,56.55836868286133,8774300,766.65625
2026-08-06,IT,184.82000732421875,1646100,766.65625
2026-08-06,ZBRA,364.239990234375,734400,766.65625
2026-08-06,CRWD,207.38999938964844,6911300,766.65625
2026-08-06,RVTY,114.23999786376953,1259800,766.65625
2026-08-06,NTAP,191.47999572753906,2654400,766.65625
2026-08-06,MSFT,498.9207458496094,36441500,766.65625
2026-08-06,IQV,232.42999267578125,1265400,766.65625
2026-08-06,TMO,579.5757446289062,1719400,766.65625
2026-08-06,APA,36.529998779296875,8079900,766.65625
2026-08-06,SWKS,66.83999633789062,3741000,766.65625
2026-08-06,A,141.33999633789062,1160400,766.65625
2026-08-06,CRL,265.510009765625,1307400,766.65625
2026-08-06,DELL,437.6499938964844,6094400,766.65625
2026-08-06,NOW,117.3499984741211,16281500,766.65625
2026-08-06,DXCM,83.0199966430664,3871500,766.65625
2026-08-06,CVX,187.59283447265625,7182100,766.65625
2026-08-06,NEM,105.21098327636719,7958000,766.65625
2026-08-06,ANET,192.32000732421875,7774600,766.65625
2026-08-06,COP,115.98638916015625,8648300,766.65625
2026-08-06,PFE,26.200000762939453,51074500,766.65625
2026-08-06,REGN,771.2094116210938,783900,766.65625
2026-08-06,LITE,838.0599975585938,4140200,766.65625
2026-08-06,TGT,145.95968627929688,2501300,766.65625
2026-08-06,GRMN,300.70556640625,730300,766.65625
2026-08-06,T,23.709999084472656,47689400,766.65625
2026-08-06,ICE,149.25369262695312,5233100,766.65625
2026-08-06,XOM,153.84384155273438,11879100,766.65625
2026-08-06,ULTA,538.7899780273438,358300,766.65625
2026-08-06,PYPL,59.63270568847656,10754100,766.65625
2026-08-06,GILD,130.12709045410156,9234800,766.65625
2026-08-06,LDOS,134.82212829589844,2007500,766.65625
2026-08-06,META,589.4348754882812,11811500,766.65625
2026-08-06,BDX,176.0319061279297,3297400,766.65625
2026-08-06,AMGN,402.497802734375,2609000,766.65625
2026-08-06,PTC,147.66000366210938,2188600,766.65625
2026-08-06,COIN,145.41000366210938,5850800,766.65625
2026-08-06,FOX,55.09798049926758,1705600,766.65625
2026-08-06,MRK,127.61669921875,7051700,766.65625
2026-08-06,FOXA,61.518211364746094,8570500,766.65625
2026-08-06,WAT,399.70001220703125,892300,766.65625
2026-08-06,MTD,1421.239990234375,127000,766.65625
2026-08-06,FCX,68.18000030517578,12634900,766.65625
2026-08-06,OXY,55.784027099609375,16224500,766.65625
2026-08-06,UHS,169.52072143554688,632800,766.65625
2026-08-06,NVDA,218.7452392578125,113940600,766.65625
2026-08-06,BBY,79.18907165527344,6054600,766.65625
2026-08-06,WBD,26.399999618530273,25933200,766.65625
2026-08-06,DVN,42.83259963989258,10972500,766.65625
2026-08-06,BR,163.74148559570312,1455700,766.65625
2026-08-06,DHR,199.626220703125,2793600,766.65625
2026-08-06,CPAY,398.2799987792969,685400,766.65625
2026-08-06,CME,263.0849914550781,1841400,766.65625
2026-08-06,ADBE,260.239990234375,4700600,766.65625
2026-08-06,AAPL,312.14080810546875,46139900,766.65625
2026-08-06,IVZ,31.47945213317871,5207700,766.65625
2026-08-06,AMD,489.2799987792969,24675300,766.65625
2026-08-06,EL,85.20059204101562,1546900,766.65625
2026-08-06,PANW,359.489990234375,5684200,766.65625
2026-08-06,SOLV,82.95999908447266,2355200,766.65625
2026-08-06,FTNT,160.11000061035156,4996300,766.65625
2026-08-06,CTAS,201.62623596191406,1680900,766.65625
2026-08-06,BMY,64.1500015258789,9553600,766.65625
2026-08-06,NDAQ,94.38093566894531,3418800,766.65625
2026-08-06,EMR,156.37966918945312,3831300,766.65625
2026-08-06,NWSA,29.57050323486328,7686900,766.65625
2026-08-06,CBOE,288.36895751953125,931500,766.65625
2026-08-06,MCK,870.454833984375,1607600,766.65625
2026-08-06,NDSN,308.05487060546875,299800,766.65625
2026-08-06,VZ,46.9900016784668,24297000,766.65625
2026-08-06,BAX,26.999584197998047,6944500,766.65625
2026-08-06,EXPD,178.55999755859375,1027500,766.65625
2026-08-06,VRSN,291.67376708984375,615700,766.65625
2026-08-06,LYB,60.812225341796875,5176800,766.65625
2026-08-06,ROST,253.81944274902344,1486700,766.65625
2026-08-06,FDS,273.54913330078125,851500,766.65625
2026-08-06,VTRS,16.16873550415039,21024400,766.65625
2026-08-06,ALLE,168.10289001464844,1117500,766.65625
2026-08-06,RMD,222.60121154785156,1786100,766.65625
2026-08-06,ADP,271.7707214355469,2747900,766.65625
2026-08-07,MRNA,59.16999816894531,6820600,771.3446044921875
2026-08-07,P,90.05000305175781,1980900,771.3446044921875
2026-08-07,VEEV,230.47000122070312,2565500,771.3446044921875
2026-08-07,MPC,297.3857421875,2300300,771.3446044921875
2026-08-07,ILMN,187.9600067138672,1825100,771.3446044921875
2026-08-07,PLTR,172.00999450683594,77579900,771.3446044921875
2026-08-07,SMCI,31.1299991607666,32380700,771.3446044921875
2026-08-07,PSX,202.8334503173828,2909000,771.3446044921875
2026-08-07,WDAY,179.63999938964844,3299700,771.3446044921875
2026-08-07,HPE,53.085731506347656,14041900,771.3446044921875
2026-08-07,VLO,298.30999755859375,3628200,771.3446044921875
2026-08-07,HPQ,29.760778427124023,17888600,771.3446044921875
2026-08-07,ACN,175.72000122070312,3678000,771.3446044921875
2026-08-07,CRM,192.40151977539062,11392800,771.3446044921875
2026-08-07,CTSH,57.33382034301758,12627300,771.3446044921875
2026-08-07,IT,185.60000610351562,1194900,771.3446044921875
2026-08-07,ZBRA,376.489990234375,733700,771.3446044921875
2026-08-07,CRWD,214.4199981689453,5882000,771.3446044921875
2026-08-07,RVTY,114.66000366210938,1032400,771.3446044921875
2026-08-07,NTAP,189.52000427246094,1740200,771.3446044921875
2026-08-07,MSFT,499.0505065917969,28846200,771.3446044921875
2026-08-07,IQV,238.6999969482422,1054300,771.3446044921875
2026-08-07,TMO,593.5450439453125,2206600,771.3446044921875
2026-08-07,APA,37.630001068115234,5653200,771.3446044921875
2026-08-07,SWKS,70.62000274658203,3503300,771.3446044921875
2026-08-07,A,145.97000122070312,1525200,771.3446044921875
2026-08-07,CRL,267.489990234375,612500,771.3446044921875
2026-08-07,DELL,453.7699890136719,5208400,771.3446044921875
2026-08-07,NOW,124.87999725341797,26705900,771.3446044921875
2026-08-07,DXCM,84.75,4626100,771.3446044921875
2026-08-07,CVX,184.94593811035156,7098800,771.3446044921875
2026-08-07,NEM,112.74530792236328,10675800,771.3446044921875
2026-08-07,ANET,188.6699981689453,7208500,771.3446044921875
2026-08-07,COP,116.83075714111328,7866000,771.3446044921875
2026-08-07,PFE,26.760000228881836,42744100,771.3446044921875
2026-08-07,REGN,783.4451293945312,837600,771.3446044921875
2026-08-07,LITE,890.1699829101562,5818800,771.3446044921875
2026-08-07,TGT,148.55972290039062,2848000,771.3446044921875
2026-08-07,GRMN,309.6907653808594,900200,771.3446044921875
2026-08-07,T,23.790000915527344,34887000,771.3446044921875
2026-08-07,ICE,149.8018798828125,3132100,771.3446044921875
2026-08-07,XOM,152.055419921875,18455200,771.3446044921875
2026-08-07,ULTA,565.1500244140625,566300,771.3446044921875
2026-08-07,PYPL,58.92445373535156,8413900,771.3446044921875
2026-08-07,GILD,132.4639434814453,8201800,771.3446044921875
2026-08-07,LDOS,137.12466430664062,1955000,771.3446044921875
2026-08-07,META,591.633056640625,11250300,771.3446044921875
2026-08-07,BDX,175.82313537597656,1851900,771.3446044921875
2026-08-07,AMGN,408.5623474121094,1821500,771.3446044921875
2026-08-07,PTC,147.7100067138672,1235200,771.3446044921875
2026-08-07,COIN,153.60000610351562,8747700,771.3446044921875
2026-08-07,FOX,56.74982452392578,1386800,771.3446044921875
2026-08-07,MRK,127.82547760009766,7347500,771.3446044921875
2026-08-07,FOXA,63.748355865478516,6692700,771.3446044921875
2026-08-07,WAT,406.8599853515625,888600,771.3446044921875
2026-08-07,MTD,1429.4599609375,123700,771.3446044921875
2026-08-07,FCX,69.62000274658203,11290100,771.3446044921875
2026-08-07,OXY,55.65462112426758,7683200,771.3446044921875
2026-08-07,UHS,173.3362274169922,413400,771.3446044921875
2026-08-07,NVDA,223.70968627929688,105669400,771.3446044921875
2026-08-07,BBY,81.14851379394531,3778700,771.3446044921875
2026-08-07,WBD,26.780000686645508,12230400,771.3446044921875
2026-08-07,DVN,42.703433990478516,11843000,771.3446044921875
2026-08-07,BR,165.48077392578125,2169800,771.3446044921875
2026-08-07,DHR,204.39776611328125,3323800,771.3446044921875
2026-08-07,CPAY,392.94000244140625,537500,771.3446044921875
2026-08-07,CME,262.4280700683594,1250900,771.3446044921875
2026-08-07,ADBE,265.2099914550781,4752600,771.3446044921875
2026-08-07,AAPL,313.05999755859375,34437200,771.3446044921875
2026-08-07,IVZ,31.370182037353516,4619400,771.3446044921875
2026-08-07,AMD,483.3599853515625,26618800,771.3446044921875
2026-08-07,EL,88.05091094970703,2118000,771.3446044921875
2026-08-07,PANW,363.8599853515625,4811300,771.3446044921875
2026-08-07,SOLV,82.9800033569336,1104100,771.3446044921875
2026-08-07,FTNT,159.63999938964844,4826800,771.3446044921875
2026-08-07,CTAS,202.52391052246094,1569000,771.3446044921875
2026-08-07,BMY,64.72000122070312,7212900,771.3446044921875
2026-08-07,NDAQ,94.27130126953125,2140700,771.3446044921875
2026-08-07,EMR,157.72509765625,2826800,771.3446044921875
2026-08-07,NWSA,28.424358367919922,4542900,771.3446044921875
2026-08-07,CBOE,285.7861022949219,756000,771.3446044921875
2026-08-07,MCK,868.65673828125,1562200,771.3446044921875
2026-08-07,NDSN,309.18145751953125,243100,771.3446044921875
2026-08-07,VZ,47.060001373291016,20545000,771.3446044921875
2026-08-07,BAX,27.53937530517578,8162700,771.3446044921875
2026-08-07,EXPD,178.7100067138672,816700,771.3446044921875
2026-08-07,VRSN,293.6978454589844,556600,771.3446044921875
2026-08-07,LYB,58.98112869262695,4891900,771.3446044921875
2026-08-07,ROST,254.73765563964844,1214000,771.3446044921875
2026-08-07,FDS,284.4978942871094,941000,771.3446044921875
2026-08-07,VTRS,16.307693481445312,13015400,771.3446044921875
2026-08-07,ALLE,168.342041015625,1066100,771.3446044921875
2026-08-07,RMD,211.3335418701172,3810300,771.3446044921875
2026-08-07,ADP,269.5946350097656,2119300,771.3446044921875
2026-08-10,MRNA,59.810001373291016,6224500,771.1151733398438
2026-08-10,P,97.9800033569336,5151500,771.1151733398438
2026-08-10,VEEV,234.69000244140625,1786600,771.1151733398438
2026-08-10,MPC,319.4453125,4058700,771.1151733398438
2026-08-10,ILMN,191.7899932861328,1687600,771.1151733398438
2026-08-10,PLTR,175.22999572753906,57402700,771.1151733398438
2026-08-10,SMCI,31.459999084472656,56320400,771.1151733398438
2026-08-10,PSX,214.3821563720703,3081300,771.1151733398438
2026-08-10,WDAY,184.19000244140625,4349600,771.1151733398438
2026-08-10,HPE,54.54204559326172,15824100,771.1151733398438
2026-08-10,VLO,314.95001220703125,3513000,771.1151733398438
2026-08-10,HPQ,29.51318359375,13223100,771.1151733398438
2026-08-10,ACN,178.25,3974700,771.1151733398438
2026-08-10,CRM,197.1631317138672,9706600,771.1151733398438
2026-08-10,CTSH,57.9700927734375,9629900,771.1151733398438
2026-08-10,IT,193.1699981689453,1666400,771.1151733398438
2026-08-10,ZBRA,378.0799865722656,564400,771.1151733398438
2026-08-10,CRWD,225.16000366210938,8178500,771.1151733398438
2026-08-10,RVTY,116.0199966430664,1253800,771.1151733398438
2026-08-10,NTAP,198.72000122070312,4075600,771.1151733398438
2026-08-10,MSFT,505.109130859375,31206100,771.1151733398438
2026-08-10,IQV,241.99000549316406,1161400,771.1151733398438
2026-08-10,TMO,599.230712890625,1862600,771.1151733398438
2026-08-10,APA,41.02000045776367,7198200,771.1151733398438
2026-08-10,SWKS,68.79000091552734,5496900,771.1151733398438
2026-08-10,A,148.72000122070312,1751900,771.1151733398438
2026-08-10,CRL,277.0,1025300,771.1151733398438
2026-08-10,DELL,457.8800048828125,4986600,771.1151733398438
2026-08-10,NOW,127.44000244140625,17216100,771.1151733398438
2026-08-10,DXCM,87.6500015258789,7832700,771.1151733398438
2026-08-10,CVX,193.2237091064453,13667300,771.1151733398438
2026-08-10,NEM,117.01641082763672,10026100,771.1151733398438
2026-08-10,ANET,191.52000427246094,5434100,771.1151733398438
2026-08-10,COP,122.21484375,7267300,771.1151733398438
2026-08-10,PFE,27.049999237060547,49786800,771.1151733398438
2026-08-10,REGN,807.1075439453125,1213700,771.1151733398438
2026-08-10,LITE,813.510009765625,6155000,771.1151733398438
2026-08-10,TGT,150.862060546875,5256500,771.1151733398438
2026-08-10,GRMN,311.9519958496094,716800,771.1151733398438
2026-08-10,T,24.049999237060547,42877500,771.1151733398438
2026-08-10,ICE,150.04107666015625,2687200,771.1151733398438
2026-08-10,XOM,158.76199340820312,19761600,771.1151733398438
2026-08-10,ULTA,548.6599731445312,727300,771.1151733398438
2026-08-10,PYPL,58.92445373535156,6707100,771.1151733398438
2026-08-10,GILD,132.3147735595703,6833700,771.1151733398438
2026-08-10,LDOS,138.6497039794922,1884700,771.1151733398438
2026-08-10,META,594.4508666992188,14967300,771.1151733398438
2026-08-10,BDX,178.57688903808594,1765900,771.1151733398438
2026-08-10,AMGN,414.7760314941406,1959700,771.1151733398438
2026-08-10,PTC,151.02000427246094,1317500,771.1151733398438
2026-08-10,COIN,148.67999267578125,6089900,771.1151733398438
2026-08-10,FOX,56.05326843261719,905600,771.1151733398438
2026-08-10,MRK,130.15174865722656,6007600,771.1151733398438
2026-08-10,FOXA,63.14104080200195,4932200,771.1151733398438
2026-08-10,WAT,411.7699890136719,826600,771.1151733398438
2026-08-10,MTD,1427.530029296875,148500,771.1151733398438
2026-08-10,FCX,70.51000213623047,11801000,771.1151733398438
2026-08-10,OXY,58.38210678100586,9416400,771.1151733398438
2026-08-10,UHS,172.53717041015625,730400,771.1151733398438
2026-08-10,NVDA,217.3068389892578,115846600,771.1151733398438
2026-08-10,BBY,81.57405090332031,2573000,771.1151733398438
2026-08-10,WBD,26.8700008392334,18379800,771.1151733398438
2026-08-10,DVN,45.068119049072266,12870500,771.1151733398438
2026-08-10,BR,172.33851623535156,1745500,771.1151733398438
2026-08-10,DHR,208.99960327148438,3678000,771.1151733398438
2026-08-10,CPAY,400.8800048828125,565500,771.1151733398438
2026-08-10,CME,262.4181213378906,1578400,771.1151733398438
2026-08-10,ADBE,272.9599914550781,4052600,771.1151733398438
2026-08-10,AAPL,308.260009765625,44812500,771.1151733398438
2026-08-10,IVZ,31.52911949157715,4184700,771.1151733398438
2026-08-10,AMD,469.55999755859375,19656600,771.1151733398438
2026-08-10,EL,86.89484405517578,2214600,771.1151733398438
2026-08-10,PANW,385.0400085449219,5828000,771.1151733398438
2026-08-10,SOLV,85.20999908447266,1400400,771.1151733398438
2026-08-10,FTNT,164.2100067138672,5726200,771.1151733398438
2026-08-10,CTAS,202.18479919433594,1834200,771.1151733398438
2026-08-10,BMY,64.83999633789062,9753300,771.1151733398438
2026-08-10,NDAQ,95.29783630371094,2658700,771.1151733398438
2026-08-10,EMR,158.17359924316406,3570200,771.1151733398438
2026-08-10,NWSA,28.394458770751953,3434500,771.1151733398438
2026-08-10,CBOE,284.2304382324219,755300,771.1151733398438
2026-08-10,MCK,878.935791015625,809700,771.1151733398438
2026-08-10,NDSN,307.7657165527344,224800,771.1151733398438
2026-08-10,VZ,47.029998779296875,15462500,771.1151733398438
2026-08-10,BAX,27.769287109375,8306800,771.1151733398438
2026-08-10,EXPD,179.0,1033400,771.1151733398438
2026-08-10,VRSN,292.4814147949219,1278800,771.1151733398438
2026-08-10,LYB,62.009864807128906,4165300,771.1151733398438
2026-08-10,ROST,254.33843994140625,2116800,771.1151733398438
2026-08-10,FDS,283.0533447265625,703000,771.1151733398438
2026-08-10,VTRS,16.158809661865234,13226000,771.1151733398438
2026-08-10,ALLE,164.94410705566406,1014000,771.1151733398438
2026-08-10,RMD,219.4203338623047,1716000,771.1151733398438
2026-08-10,ADP,271.9396057128906,1703300,771.1151733398438
2026-08-11,MRNA,60.56999969482422,6556300,768.6513061523438
2026-08-11,P,109.37999725341797,5497600,768.6513061523438
2026-08-11,VEEV,236.5800018310547,1645700,768.6513061523438
2026-08-11,MPC,335.5013732910156,3183100,768.6513061523438
2026-08-11,ILMN,192.83999633789062,868000,768.6513061523438
2026-08-11,PLTR,174.94000244140625,43162500,768.6513061523438
2026-08-11,SMCI,31.600000381469727,95520500,768.6513061523438
2026-08-11,PSX,223.17547607421875,2913700,768.6513061523438
2026-08-11,WDAY,181.27000427246094,3073800,768.6513061523438
2026-08-11,HPE,54.242801666259766,10844900,768.6513061523438
2026-08-11,VLO,323.9200134277344,2188200,768.6513061523438
2026-08-11,HPQ,28.790210723876953,9930000,768.6513061523438
2026-08-11,ACN,179.82000732421875,3900000,768.6513061523438
2026-08-11,CRM,197.12319946289062,11171600,768.6513061523438
2026-08-11,CTSH,58.258399963378906,9528700,768.6513061523438
2026-08-11,IT,187.27000427246094,1378200,768.6513061523438
2026-08-11,ZBRA,383.05999755859375,579000,768.6513061523438
2026-08-11,CRWD,221.89999389648438,6343100,768.6513061523438
2026-08-11,RVTY,115.7300033569336,1287600,768.6513061523438
2026-08-11,NTAP,198.47000122070312,2065400,768.6513061523438
2026-08-11,MSFT,502.86334228515625,23049800,768.6513061523438
2026-08-11,IQV,243.83999633789062,1084500,768.6513061523438
2026-08-11,TMO,604.53662109375,1656100,768.6513061523438
2026-08-11,APA,40.619998931884766,6182200,768.6513061523438
2026-08-11,SWKS,68.33000183105469,4186700,768.6513061523438
2026-08-11,A,149.49000549316406,1199300,768.6513061523438
2026-08-11,CRL,282.0,1180200,768.6513061523438
2026-08-11,DELL,440.9700012207031,4796100,768.6513061523438
2026-08-11,NOW,127.54000091552734,13461000,768.6513061523438
2026-08-11,DXCM,89.52999877929688,5971500,768.6513061523438
2026-08-11,CVX,194.9585723876953,6049800,768.6513061523438
2026-08-11,NEM,116.96651458740234,6795500,768.6513061523438
2026-08-11,ANET,197.85000610351562,6277300,768.6513061523438
2026-08-11,COP,125.085693359375,5922800,768.6513061523438
2026-08-11,PFE,26.6200008392334,37943600,768.6513061523438
2026-08-11,REGN,796.0704345703125,939100,768.6513061523438
2026-08-11,LITE,820.5900268554688,5985700,768.6513061523438
2026-08-11,TGT,151.12998962402344,4171400,768.6513061523438
2026-08-11,GRMN,308.4555358886719,425300,768.6513061523438
2026-08-11,T,24.5,35144000,768.6513061523438
2026-08-11,ICE,150.7487335205078,5117000,768.6513061523438
2026-08-11,XOM,158.7719268798828,13744500,768.6513061523438
2026-08-11,ULTA,541.3499755859375,414600,768.6513061523438
2026-08-11,PYPL,58.85462951660156,9752300,768.6513061523438
2026-08-11,GILD,135.0095977783203,5493700,768.6513061523438
2026-08-11,LDOS,140.43389892578125,1888800,768.6513061523438
2026-08-11,META,598.6475219726562,13146900,768.6513061523438
2026-08-11,BDX,180.34646606445312,1515600,768.6513061523438
2026-08-11,AMGN,411.89288330078125,2029700,768.6513061523438
2026-08-11,PTC,150.44000244140625,934300,768.6513061523438
2026-08-11,COIN,148.5800018310547,6472600,768.6513061523438
2026-08-11,FOX,55.06813049316406,736700,768.6513061523438
2026-08-11,MRK,129.65467834472656,6342200,768.6513061523438
2026-08-11,FOXA,61.86667251586914,4871300,768.6513061523438
2026-08-11,WAT,415.0,669800,768.6513061523438
2026-08-11,MTD,1437.1800537109375,119700,768.6513061523438
2026-08-11,FCX,68.87000274658203,11952400,768.6513061523438
2026-08-11,OXY,58.79023361206055,7724000,768.6513061523438
2026-08-11,UHS,168.52188110351562,611200,768.6513061523438
2026-08-11,NVDA,217.25689697265625,101273100,768.6513061523438
2026-08-11,BBY,82.41522216796875,2662100,768.6513061523438
2026-08-11,WBD,27.06999969482422,20152300,768.6513061523438
2026-08-11,DVN,45.10786437988281,7414700,768.6513061523438
2026-08-11,BR,169.68487548828125,1243200,768.6513061523438
2026-08-11,DHR,207.07302856445312,2472700,768.6513061523438
2026-08-11,CPAY,406.1600036621094,592700,768.6513061523438
2026-08-11,CME,258.1083679199219,1593500,768.6513061523438
2026-08-11,ADBE,263.7099914550781,4675200,768.6513061523438
2026-08-11,AAPL,304.9100036621094,37476700,768.6513061523438
2026-08-11,IVZ,31.151643753051758,3474600,768.6513061523438
2026-08-11,AMD,474.32000732421875,18052500,768.6513061523438
2026-08-11,EL,87.48284149169922,3910100,768.6513061523438
2026-08-11,PANW,383.79998779296875,6039700,768.6513061523438
2026-08-11,SOLV,84.0999984741211,773900,768.6513061523438
2026-08-11,FTNT,161.88999938964844,4156400,768.6513061523438
2026-08-11,CTAS,204.7481231689453,1785600,768.6513061523438
2026-08-11,BMY,63.61000061035156,9366700,768.6513061523438
2026-08-11,NDAQ,94.6998519897461,2094100,768.6513061523438
2026-08-11,EMR,163.82443237304688,2530900,768.6513061523438
2026-08-11,NWSA,28.53398895263672,3560100,768.6513061523438
2026-08-11,CBOE,281.9468078613281,776000,768.6513061523438
2026-08-11,MCK,900.8125610351562,805000,768.6513061523438
2026-08-11,NDSN,310.4277038574219,303800,768.6513061523438
2026-08-11,VZ,47.27000045776367,13314600,768.6513061523438
2026-08-11,BAX,27.599353790283203,7577200,768.6513061523438
2026-08-11,EXPD,177.2100067138672,848400,768.6513061523438
2026-08-11,VRSN,286.7881164550781,748300,768.6513061523438
2026-08-11,LYB,63.32627487182617,4069000,768.6513061523438
2026-08-11,ROST,251.3242645263672,2348200,768.6513061523438
2026-08-11,FDS,281.88775634765625,461400,768.6513061523438
2026-08-11,VTRS,16.158809661865234,12758900,768.6513061523438
2026-08-11,ALLE,167.84381103515625,739400,768.6513061523438
2026-08-11,RMD,224.1966094970703,1239100,768.6513061523438
2026-08-11,ADP,269.3660888671875,2105700,768.6513061523438
2026-08-12,MRNA,63.66999816894531,6582000,770.5764770507812
2026-08-12,P,111.4000015258789,4412400,770.5764770507812
2026-08-12,VEEV,241.50999450683594,1782400,770.5764770507812
2026-08-12,MPC,347.2990417480469,2977400,770.5764770507812
2026-08-12,ILMN,192.91000366210938,1256600,770.5764770507812
2026-08-12,PLTR,171.0399932861328,35220300,770.5764770507812
2026-08-12,SMCI,37.61000061035156,165736400,770.5764770507812
2026-08-12,PSX,224.3890380859375,2575400,770.5764770507812
2026-08-12,WDAY,175.2899932861328,4549200,770.5764770507812
2026-08-12,HPE,58.64167785644531,22395200,770.5764770507812
2026-08-12,VLO,330.2099914550781,2701000,770.5764770507812
2026-08-12,HPQ,28.99818992614746,11119200,770.5764770507812
2026-08-12,ACN,180.13999938964844,5626900,770.5764770507812
2026-08-12,CRM,192.98049926757812,12787900,770.5764770507812
2026-08-12,CTSH,57.86073303222656,9924400,770.5764770507812
2026-08-12,IT,179.4600067138672,1011800,770.5764770507812
2026-08-12,ZBRA,378.3699951171875,748500,770.5764770507812
2026-08-12,CRWD,221.77999877929688,6919400,770.5764770507812
2026-08-12,RVTY,117.87999725341797,1213800,770.5764770507812
2026-08-12,NTAP,202.0500030517578,1583600,770.5764770507812
2026-08-12,MSFT,491.5047302246094,29001500,770.5764770507812
2026-08-12,IQV,241.7100067138672,854800,770.5764770507812
2026-08-12,TMO,602.5481567382812,1531600,770.5764770507812
2026-08-12,APA,39.970001220703125,6656200,770.5764770507812
2026-08-12,SWKS,69.68000030517578,4520100,770.5764770507812
2026-08-12,A,148.24000549316406,1367500,770.5764770507812
2026-08-12,CRL,284.3699951171875,1166400,770.5764770507812
2026-08-12,DELL,484.5,6243900,770.5764770507812
2026-08-12,NOW,124.94000244140625,12654600,770.5764770507812
2026-08-12,DXCM,90.80000305175781,5402500,770.5764770507812
2026-08-12,CVX,194.8990936279297,7366200,770.5764770507812
2026-08-12,NEM,117.59519958496094,6913900,770.5764770507812
2026-08-12,ANET,210.5,10008600,770.5764770507812
2026-08-12,COP,126.45655822753906,6063400,770.5764770507812
2026-08-12,PFE,26.309999465942383,32591400,770.5764770507812
2026-08-12,REGN,797.0592651367188,575100,770.5764770507812
2026-08-12,LITE,932.469970703125,11774600,770.5764770507812
2026-08-12,TGT,154.0,4601300,770.5764770507812
2026-08-12,GRMN,308.7842712402344,623600,770.5764770507812
2026-08-12,T,24.25,32522200,770.5764770507812
2026-08-12,ICE,150.82846069335938,2037400,770.5764770507812
2026-08-12,XOM,158.7222442626953,13219500,770.5764770507812
2026-08-12,ULTA,531.8900146484375,510800,770.5764770507812
2026-08-12,PYPL,59.054134368896484,6141400,770.5764770507812
2026-08-12,GILD,135.10902404785156,5683800,770.5764770507812
2026-08-12,LDOS,139.92556762695312,1708100,770.5764770507812
2026-08-12,META,578.3934936523438,16186900,770.5764770507812
2026-08-12,BDX,182.5037384033203,1551500,770.5764770507812
2026-08-12,AMGN,413.761962890625,2065500,770.5764770507812
2026-08-12,PTC,147.99000549316406,916800,770.5764770507812
2026-08-12,COIN,149.0399932861328,5927300,770.5764770507812
2026-08-12,FOX,55.69503402709961,548700,770.5764770507812
2026-08-12,MRK,132.13999938964844,10447100,770.5764770507812
2026-08-12,FOXA,62.772666931152344,3925900,770.5764770507812
2026-08-12,WAT,416.1499938964844,736900,770.5764770507812
2026-08-12,MTD,1438.530029296875,140600,770.5764770507812
2026-08-12,FCX,69.22000122070312,8173500,770.5764770507812
2026-08-12,OXY,58.282562255859375,7529200,770.5764770507812
2026-08-12,UHS,172.24749755859375,551300,770.5764770507812
2026-08-12,NVDA,223.8395233154297,108783600,770.5764770507812
2026-08-12,BBY,82.13813018798828,1910100,770.5764770507812
2026-08-12,WBD,27.649999618530273,25565700,770.5764770507812
2026-08-12,DVN,44.57133865356445,8309500,770.5764770507812
2026-08-12,BR,168.2338104248047,1234800,770.5764770507812
2026-08-12,DHR,205.42593383789062,3038400,770.5764770507812
2026-08-12,CPAY,409.67999267578125,534000,770.5764770507812
2026-08-12,CME,260.9450378417969,1366200,770.5764770507812
2026-08-12,ADBE,258.75,4191700,770.5764770507812
2026-08-12,AAPL,302.25,41657800,770.5764770507812
2026-08-12,IVZ,31.330448150634766,6381500,770.5764770507812
2026-08-12,AMD,482.92999267578125,18628300,770.5764770507812
2026-08-12,EL,87.3831787109375,3350600,770.5764770507812
2026-08-12,PANW,387.010009765625,5492100,770.5764770507812
2026-08-12,SOLV,85.29000091552734,834000,770.5764770507812
2026-08-12,FTNT,160.83999633789062,3850500,770.5764770507812
2026-08-12,CTAS,202.9827117919922,1266900,770.5764770507812
2026-08-12,BMY,63.70000076293945,7509600,770.5764770507812
2026-08-12,NDAQ,95.33770751953125,1885900,770.5764770507812
2026-08-12,EMR,163.2463836669922,2457100,770.5764770507812
2026-08-12,NWSA,28.573856353759766,3175100,770.5764770507812
2026-08-12,CBOE,290.1739501953125,814200,770.5764770507812
2026-08-12,MCK,877.7969970703125,1096100,770.5764770507812
2026-08-12,NDSN,310.3280334472656,332800,770.5764770507812
2026-08-12,VZ,46.97999954223633,12120500,770.5764770507812
2026-08-12,BAX,26.939607620239258,6881500,770.5764770507812
2026-08-12,EXPD,184.47000122070312,859600,770.5764770507812
2026-08-12,VRSN,282.1118469238281,879600,770.5764770507812
2026-08-12,LYB,62.158329010009766,3293600,770.5764770507812
2026-08-12,ROST,247.77113342285156,2601100,770.5764770507812
2026-08-12,FDS,276.94635009765625,478300,770.5764770507812
2026-08-12,VTRS,15.980149269104004,13605600,770.5764770507812
2026-08-12,ALLE,165.5220489501953,821800,770.5764770507812
2026-08-12,RMD,225.35330200195312,1403100,770.5764770507812
2026-08-12,ADP,267.6172790527344,2159900,770.5764770507812
2026-08-13,MRNA,63.650001525878906,8159700,775.9531860351562
2026-08-13,P,117.3499984741211,4054500,775.9531860351562
2026-08-13,VEEV,252.63999938964844,2590600,775.9531860351562
2026-08-13,MPC,355.3968811035156,2232900,775.9531860351562
2026-08-13,ILMN,192.63999938964844,1061400,775.9531860351562
2026-08-13,PLTR,179.00999450683594,36511200,775.9531860351562
2026-08-13,SMCI,39.15999984741211,122775700,775.9531860351562
2026-08-13,PSX,231.38192749023438,2392500,775.9531860351562
2026-08-13,WDAY,206.4499969482422,16323900,775.9531860351562
2026-08-13,HPE,59.6690788269043,26124000,775.9531860351562
2026-08-13,VLO,342.9200134277344,2186400,775.9531860351562
2026-08-13,HPQ,30.998746871948242,23445400,775.9531860351562
2026-08-13,ACN,178.49000549316406,9336300,775.9531860351562
2026-08-13,CRM,201.016357421875,15058700,775.9531860351562
2026-08-13,CTSH,58.94437789916992,7521000,775.9531860351562
2026-08-13,IT,183.3000030517578,1618800,775.9531860351562
2026-08-13,ZBRA,379.6300048828125,760000,775.9531860351562
2026-08-13,CRWD,225.52999877929688,5822700,775.9531860351562
2026-08-13,RVTY,117.5,1373200,775.9531860351562
2026-08-13,NTAP,204.99000549316406,3424600,775.9531860351562
2026-08-13,MSFT,495.9463806152344,23039000,775.9531860351562
2026-08-13,IQV,241.52000427246094,749800,775.9531860351562
2026-08-13,TMO,595.43359375,1448300,775.9531860351562
2026-08-13,APA,40.0,4156700,775.9531860351562
2026-08-13,SWKS,69.76000213623047,4139700,775.9531860351562
2026-08-13,A,149.2899932861328,1026700,775.9531860351562
2026-08-13,CRL,281.2699890136719,1054900,775.9531860351562
2026-08-13,DELL,494.510009765625,8064000,775.9531860351562
2026-08-13,NOW,127.25,23124900,775.9531860351562
2026-08-13,DXCM,91.4800033569336,4686400,775.9531860351562
2026-08-13,CVX,195.98956298828125,5908900,775.9531860351562
2026-08-13,NEM,113.95278930664062,6671900,775.9531860351562
2026-08-13,ANET,203.6199951171875,7907800,775.9531860351562
2026-08-13,COP,123.6949691772461,7248000,775.9531860351562
2026-08-13,PFE,26.799999237060547,35355800,775.9531860351562
2026-08-13,REGN,805.0299072265625,709700,775.9531860351562
2026-08-13,LITE,880.4099731445312,4646000,775.9531860351562
2026-08-13,TGT,155.50999450683594,3650200,775.9531860351562
2026-08-13,GRMN,310.72674560546875,535500,775.9531860351562
2026-08-13,T,24.579999923706055,35277700,775.9531860351562
2026-08-13,ICE,154.7255096435547,2364000,775.9531860351562
2026-08-13,XOM,157.58958435058594,10542800,775.9531860351562
2026-08-13,ULTA,515.5700073242188,758800,775.9531860351562
2026-08-13,PYPL,60.440711975097656,9568900,775.9531860351562
2026-08-13,GILD,137.36631774902344,4896600,775.9531860351562
2026-08-13,LDOS,142.14833068847656,1660400,775.9531860351562
2026-08-13,META,594.5007934570312,11164200,775.9531860351562
2026-08-13,BDX,180.90316772460938,2155300,775.9531860351562
2026-08-13,AMGN,415.4123229980469,2777900,775.9531860351562
2026-08-13,PTC,153.88999938964844,1159300,775.9531860351562
2026-08-13,COIN,153.89999389648438,7458900,775.9531860351562
2026-08-13,FOX,57.81456756591797,618800,775.9531860351562
2026-08-13,MRK,134.75457763671875,8895200,775.9531860351562
2026-08-13,FOXA,65.162109375,3734800,775.9531860351562
2026-08-13,WAT,413.510009765625,688600,775.9531860351562
2026-08-13,MTD,1430.760009765625,89600,775.9531860351562
2026-08-13,FCX,66.83000183105469,9297000,775.9531860351562
2026-08-13,OXY,57.43644714355469,8682000,775.9531860351562
2026-08-13,UHS,171.00897216796875,761200,775.9531860351562
2026-08-13,NVDA,225.04818725585938,98867200,775.9531860351562
2026-08-13,BBY,84.46372985839844,3083900,775.9531860351562
2026-08-13,WBD,27.75,25255700,775.9531860351562
2026-08-13,DVN,44.10436248779297,9046300,775.9531860351562
2026-08-13,BR,171.18563842773438,1389500,775.9531860351562
2026-08-13,DHR,203.52931213378906,1920400,775.9531860351562
2026-08-13,CPAY,425.239990234375,583600,775.9531860351562
2026-08-13,CME,265.96148681640625,2023300,775.9531860351562
2026-08-13,ADBE,270.489990234375,5201600,775.9531860351562
2026-08-13,AAPL,305.260009765625,40349300,775.9531860351562
2026-08-13,IVZ,32.14500045776367,3746500,775.9531860351562
2026-08-13,AMD,483.010009765625,18764900,775.9531860351562
2026-08-13,EL,87.02439880371094,2036600,775.9531860351562
2026-08-13,PANW,396.0,4593400,775.9531860351562
2026-08-13,SOLV,86.45999908447266,1232100,775.9531860351562
2026-08-13,FTNT,165.44000244140625,4262300,775.9531860351562
2026-08-13,CTAS,200.17999267578125,1310100,775.9531860351562
2026-08-13,BMY,64.6500015258789,10526100,775.9531860351562
2026-08-13,NDAQ,97.26119232177734,2595100,775.9531860351562
2026-08-13,EMR,163.65499877929688,2695400,775.9531860351562
2026-08-13,NWSA,28.84295082092285,3222800,775.9531860351562
2026-08-13,CBOE,292.2680969238281,667800,775.9531860351562
2026-08-13,MCK,855.7803955078125,992300,775.9531860351562
2026-08-13,NDSN,309.06182861328125,234700,775.9531860351562
2026-08-13,VZ,48.220001220703125,17937300,775.9531860351562
2026-08-13,BAX,27.039567947387695,6711300,775.9531860351562
2026-08-13,EXPD,187.0500030517578,861200,775.9531860351562
2026-08-13,VRSN,286.30950927734375,693100,775.9531860351562
2026-08-13,LYB,61.762420654296875,5142500,775.9531860351562
2026-08-13,ROST,244.48748779296875,1797900,775.9531860351562
2026-08-13,FDS,286.1018371582031,686900,775.9531860351562
2026-08-13,VTRS,15.920597076416016,16157200,775.9531860351562
2026-08-13,ALLE,165.85089111328125,1754000,775.9531860351562
2026-08-13,RMD,226.0911865234375,1167600,775.9531860351562
2026-08-13,ADP,274.4734191894531,1911800,775.9531860351562
2026-08-14,MRNA,63.31999969482422,4700900,774.4169921875
2026-08-14,P,118.16000366210938,3544100,774.4169921875
2026-08-14,VEEV,243.75,1426100,774.4169921875
2026-08-14,MPC,354.4494934082031,2188100,774.4169921875
2026-08-14,ILMN,190.88999938964844,993000,774.4169921875
2026-08-14,PLTR,174.0399932861328,24065800,774.4169921875
2026-08-14,SMCI,39.84000015258789,61990900,774.4169921875
2026-08-14,PSX,232.37664794921875,2654200,774.4169921875
2026-08-14,WDAY,198.67999267578125,8192000,774.4169921875
2026-08-14,HPE,58.5618782043457,11762700,774.4169921875
2026-08-14,VLO,341.6700134277344,1918800,774.4169921875
2026-08-14,HPQ,29.820201873779297,10733800,774.4169921875
2026-08-14,ACN,176.88999938964844,6291000,774.4169921875
2026-08-14,CRM,195.86541748046875,8664800,774.4169921875
2026-08-14,CTSH,58.447296142578125,10665300,774.4169921875
2026-08-14,IT,181.08999633789062,1629600,774.4169921875
2026-08-14,ZBRA,376.0299987792969,573400,774.4169921875
2026-08-14,CRWD,216.9499969482422,6750300,774.4169921875
2026-08-14,RVTY,116.83999633789062,774500,774.4169921875
2026-08-14,NTAP,207.0800018310547,2338400,774.4169921875
2026-08-14,MSFT,494.4691467285156,16217600,774.4169921875
2026-08-14,IQV,236.66000366210938,905600,774.4169921875
2026-08-14,TMO,587.8394165039062,1057600,774.4169921875
2026-08-14,APA,40.470001220703125,3961200,774.4169921875
2026-08-14,SWKS,69.62000274658203,3811000,774.4169921875
2026-08-14,A,148.52999877929688,983100,774.4169921875
2026-08-14,CRL,280.04998779296875,750400,774.4169921875
2026-08-14,DELL,490.80999755859375,3992900,774.4169921875
2026-08-14,NOW,124.0,15030800,774.4169921875
2026-08-14,DXCM,89.75,3858900,774.4169921875
2026-08-14,CVX,198.26966857910156,7910500,774.4169921875
2026-08-14,NEM,117.51537322998047,5578800,774.4169921875
2026-08-14,ANET,198.82000732421875,4707400,774.4169921875
2026-08-14,COP,125.93999481201172,5626200,774.4169921875
2026-08-14,PFE,26.790000915527344,23174200,774.4169921875
2026-08-14,REGN,802.5428466796875,425600,774.4169921875
2026-08-14,LITE,926.1400146484375,4251900,774.4169921875
2026-08-14,TGT,154.47999572753906,3615800,774.4169921875
2026-08-14,GRMN,309.0034484863281,491100,774.4169921875
2026-08-14,T,24.889999389648438,27109300,774.4169921875
2026-08-14,ICE,154.21719360351562,1634000,774.4169921875
2026-08-14,XOM,159.07000732421875,10231300,774.4169921875
2026-08-14,ULTA,510.75,639300,774.4169921875
2026-08-14,PYPL,61.50807189941406,15707800,774.4169921875
2026-08-14,GILD,137.5850830078125,3407800,774.4169921875
2026-08-14,LDOS,143.36439514160156,1392800,774.4169921875
2026-08-14,META,589.3848266601562,8758000,774.4169921875
2026-08-14,BDX,182.3247833251953,1009000,774.4169921875
2026-08-14,AMGN,412.7975769042969,2036800,774.4169921875
2026-08-14,PTC,149.75,1151700,774.4169921875
2026-08-14,COIN,148.47000122070312,7265300,774.4169921875
2026-08-14,FOX,61.10831069946289,1069000,774.4169921875
2026-08-14,MRK,135.04286193847656,6869000,774.4169921875
2026-08-14,FOXA,68.73632049560547,7501500,774.4169921875
2026-08-14,WAT,412.1700134277344,387600,774.4169921875
2026-08-14,MTD,1419.02001953125,162000,774.4169921875
2026-08-14,FCX,66.48999786376953,8200200,774.4169921875
2026-08-14,OXY,58.09342956542969,6745100,774.4169921875
2026-08-14,UHS,169.8203582763672,460400,774.4169921875
2026-08-14,NVDA,224.90834045410156,75680900,774.4169921875
2026-08-14,BBY,85.52261352539062,2920700,774.4169921875
2026-08-14,WBD,27.989999771118164,12495700,774.4169921875
2026-08-14,DVN,45.55496597290039,8918000,774.4169921875
2026-08-14,BR,169.96315002441406,587600,774.4169921875
2026-08-14,DHR,202.0918426513672,2244400,774.4169921875
2026-08-14,CPAY,417.6000061035156,292100,774.4169921875
2026-08-14,CME,268.53936767578125,1717100,774.4169921875
2026-08-14,ADBE,264.0199890136719,2876300,774.4169921875
2026-08-14,AAPL,305.92999267578125,28229400,774.4169921875
2026-08-14,IVZ,32.54999923706055,4434200,774.4169921875
2026-08-14,AMD,514.3900146484375,25570300,774.4169921875
2026-08-14,EL,85.80852508544922,1846700,774.4169921875
2026-08-14,PANW,384.2699890136719,4353500,774.4169921875
2026-08-14,SOLV,88.58999633789062,1450400,774.4169921875
2026-08-14,FTNT,160.00999450683594,2861500,774.4169921875
2026-08-14,CTAS,199.52000427246094,1612800,774.4169921875
2026-08-14,BMY,63.83000183105469,7529800,774.4169921875
2026-08-14,NDAQ,96.693115234375,1328100,774.4169921875
2026-08-14,EMR,163.1699981689453,2144400,774.4169921875
2026-08-14,NWSA,29.062211990356445,2160400,774.4169921875
2026-08-14,CBOE,295.31964111328125,362600,774.4169921875
2026-08-14,MCK,868.0773315429688,614200,774.4169921875
2026-08-14,NDSN,307.7956237792969,400700,774.4169921875
2026-08-14,VZ,48.47999954223633,15062300,774.4169921875
2026-08-14,BAX,26.71969223022461,4957300,774.4169921875
2026-08-14,EXPD,186.1199951171875,733300,774.4169921875
2026-08-14,VRSN,283.40802001953125,466700,774.4169921875
2026-08-14,LYB,63.1085205078125,2513300,774.4169921875
2026-08-14,ROST,244.88670349121094,1933700,774.4169921875
2026-08-14,FDS,282.4256896972656,1324500,774.4169921875
2026-08-14,VTRS,16.109180450439453,8202700,774.4169921875
2026-08-14,ALLE,164.19676208496094,1048300,774.4169921875
2026-08-14,RMD,223.81771850585938,1193100,774.4169921875
2026-08-14,ADP,271.22418212890625,1457400,774.4169921875
2026-08-17,MRNA,64.45999908447266,3979600,770.7560424804688
2026-08-17,P,116.98999786376953,3130000,770.7560424804688
2026-08-17,VEEV,238.33999633789062,1008100,770.7560424804688
2026-08-17,MPC,357.2019348144531,3043600,770.7560424804688
2026-08-17,ILMN,193.13999938964844,995800,770.7560424804688
2026-08-17,PLTR,172.5500030517578,24590900,770.7560424804688
2026-08-17,SMCI,38.279998779296875,55467000,770.7560424804688
2026-08-17,PSX,239.28001403808594,3820900,770.7560424804688
2026-08-17,WDAY,191.17999267578125,4584200,770.7560424804688
2026-08-17,HPE,57.46465301513672,10835200,770.7560424804688
2026-08-17,VLO,347.19000244140625,2161200,770.7560424804688
2026-08-17,HPQ,29.117034912109375,9149000,770.7560424804688
2026-08-17,ACN,169.97999572753906,5041100,770.7560424804688
2026-08-17,CRM,190.63462829589844,14378800,770.7560424804688
2026-08-17,CTSH,56.28000259399414,4970100,770.7560424804688
2026-08-17,IT,179.19000244140625,2285300,770.7560424804688
2026-08-17,ZBRA,371.260009765625,809400,770.7560424804688
2026-08-17,CRWD,213.89999389648438,6412000,770.7560424804688
2026-08-17,RVTY,116.16999816894531,786700,770.7560424804688
2026-08-17,NTAP,204.1999969482422,2106600,770.7560424804688
2026-08-17,MSFT,479.44744873046875,29635800,770.7560424804688
2026-08-17,IQV,241.24000549316406,1521500,770.7560424804688
2026-08-17,TMO,585.0615844726562,887300,770.7560424804688
2026-08-17,APA,41.58000183105469,4935600,770.7560424804688
2026-08-17,SWKS,67.7300033569336,3689600,770.7560424804688
2026-08-17,A,148.4499969482422,964600,770.7560424804688
2026-08-17,CRL,286.6400146484375,856800,770.7560424804688
2026-08-17,DELL,479.80999755859375,5273700,770.7560424804688
2026-08-17,NOW,117.69999694824219,20204200,770.7560424804688
2026-08-17,DXCM,88.76000213623047,4048800,770.7560424804688
2026-08-17,CVX,200.94630432128906,8357800,770.7560424804688
2026-08-17,NEM,120.08003234863281,7193500,770.7560424804688
2026-08-17,ANET,201.8000030517578,5683900,770.7560424804688
2026-08-17,COP,127.55999755859375,6963700,770.7560424804688
2026-08-17,PFE,26.8700008392334,29261200,770.7560424804688
2026-08-17,REGN,804.989990234375,541300,770.7560424804688
2026-08-17,LITE,968.9000244140625,5388200,770.7560424804688
2026-08-17,TGT,151.00999450683594,6122400,770.7560424804688
2026-08-17,GRMN,306.3138427734375,748600,770.7560424804688
2026-08-17,T,24.68000030517578,36794800,770.7560424804688
2026-08-17,ICE,153.798583984375,2639600,770.7560424804688
2026-08-17,XOM,161.4600067138672,12858100,770.7560424804688
2026-08-17,ULTA,493.3299865722656,556300,770.7560424804688
2026-08-17,PYPL,60.321006774902344,9233700,770.7560424804688
2026-08-17,GILD,138.14195251464844,3940300,770.7560424804688
2026-08-17,LDOS,141.7895050048828,1096200,770.7560424804688
2026-08-17,META,568.5213012695312,17225600,770.7560424804688
2026-08-17,BDX,181.0224609375,1310500,770.7560424804688
2026-08-17,AMGN,416.943359375,2880500,770.7560424804688
2026-08-17,PTC,145.97999572753906,1036900,770.7560424804688
2026-08-17,COIN,150.5500030517578,5768300,770.7560424804688
2026-08-17,FOX,61.18791580200195,659000,770.7560424804688
2026-08-17,MRK,135.17210388183594,8477300,770.7560424804688
2026-08-17,FOXA,68.88566589355469,6651400,770.7560424804688
2026-08-17,WAT,407.739990234375,608800,770.7560424804688
2026-08-17,MTD,1417.4200439453125,107500,770.7560424804688
2026-08-17,FCX,68.37999725341797,9837400,770.7560424804688
2026-08-17,OXY,58.77032470703125,6575400,770.7560424804688
2026-08-17,UHS,170.3297576904297,609600,770.7560424804688
2026-08-17,NVDA,224.7584991455078,93678700,770.7560424804688
2026-08-17,BBY,84.55279541015625,2380500,770.7560424804688
2026-08-17,WBD,27.93000030517578,13857600,770.7560424804688
2026-08-17,DVN,47.26390075683594,14835300,770.7560424804688
2026-08-17,BR,166.81256103515625,1457500,770.7560424804688
2026-08-17,DHR,202.27154541015625,2982200,770.7560424804688
2026-08-17,CPAY,407.6199951171875,343800,770.7560424804688
2026-08-17,CME,266.62835693359375,2150700,770.7560424804688
2026-08-17,ADBE,254.0399932861328,3871100,770.7560424804688
2026-08-17,AAPL,305.5899963378906,38169300,770.7560424804688
2026-08-17,IVZ,32.56999969482422,4047800,770.7560424804688
2026-08-17,AMD,506.0,20057600,770.7560424804688
2026-08-17,EL,84.05448150634766,3048700,770.7560424804688
2026-08-17,PANW,375.760009765625,5088800,770.7560424804688
2026-08-17,SOLV,86.81999969482422,1521400,770.7560424804688
2026-08-17,FTNT,155.85000610351562,3834600,770.7560424804688
2026-08-17,CTAS,197.82000732421875,2249000,770.7560424804688
2026-08-17,BMY,64.62999725341797,7288800,770.7560424804688
2026-08-17,NDAQ,96.35426330566406,2139800,770.7560424804688
2026-08-17,EMR,162.0500030517578,2054100,770.7560424804688
2026-08-17,NWSA,28.603755950927734,3308800,770.7560424804688
2026-08-17,CBOE,294.18280029296875,523800,770.7560424804688
2026-08-17,MCK,859.0069580078125,1137200,770.7560424804688
2026-08-17,NDSN,308.9023132324219,423700,770.7560424804688
2026-08-17,VZ,48.060001373291016,14466200,770.7560424804688
2026-08-17,BAX,25.900007247924805,5851200,770.7560424804688
2026-08-17,EXPD,188.27000427246094,717100,770.7560424804688
2026-08-17,VRSN,271.97161865234375,793800,770.7560424804688
2026-08-17,LYB,64.06861114501953,7705400,770.7560424804688
2026-08-17,ROST,234.82614135742188,2943600,770.7560424804688
2026-08-17,FDS,275.7209777832031,343500,770.7560424804688
2026-08-17,VTRS,16.109180450439453,7888300,770.7560424804688
2026-08-17,ALLE,161.5262451171875,1272900,770.7560424804688
2026-08-17,RMD,219.73941040039062,1453900,770.7560424804688
2026-08-17,ADP,264.3680725097656,2289400,770.7560424804688
2026-08-18,MRNA,62.959999084472656,4305000,765.5490112304688
2026-08-18,P,117.05999755859375,3004900,765.5490112304688
2026-08-18,VEEV,242.75,1522600,765.5490112304688
2026-08-18,MPC,365.2099914550781,2033800,765.5490112304688
2026-08-18,ILMN,188.2899932861328,1192800,765.5490112304688
2026-08-18,PLTR,171.5399932861328,28082100,765.5490112304688
2026-08-18,SMCI,37.40999984741211,52260100,765.5490112304688
2026-08-18,PSX,243.49000549316406,3108100,765.5490112304688
2026-08-18,WDAY,190.63999938964844,3783700,765.5490112304688
2026-08-18,HPE,55.549495697021484,19363200,765.5490112304688
2026-08-18,VLO,350.04998779296875,1768200,765.5490112304688
2026-08-18,HPQ,29.67164421081543,9541500,765.5490112304688
2026-08-18,ACN,172.92999267578125,5995600,765.5490112304688
2026-08-18,CRM,195.79554748535156,14152900,765.5490112304688
2026-08-18,CTSH,57.779998779296875,4704700,765.5490112304688
2026-08-18,IT,182.07000732421875,1304600,765.5490112304688
2026-08-18,ZBRA,366.4200134277344,544300,765.5490112304688
2026-08-18,CRWD,212.9199981689453,6887300,765.5490112304688
2026-08-18,RVTY,113.75,800000,765.5490112304688
2026-08-18,NTAP,204.7100067138672,2425400,765.5490112304688
2026-08-18,MSFT,480.72503662109375,24087600,765.5490112304688
2026-08-18,IQV,240.02999877929688,1095600,765.5490112304688
2026-08-18,TMO,588.5888061523438,1721600,765.5490112304688
2026-08-18,APA,42.369998931884766,5908000,765.5490112304688
2026-08-18,SWKS,67.43000030517578,5697400,765.5490112304688
2026-08-18,A,148.44000244140625,1798200,765.5490112304688
2026-08-18,CRL,279.19000244140625,703700,765.5490112304688
2026-08-18,DELL,468.6499938964844,5530200,765.5490112304688
2026-08-18,NOW,119.48999786376953,17341500,765.5490112304688
2026-08-18,DXCM,89.5999984741211,3362800,765.5490112304688
2026-08-18,CVX,203.9600067138672,7701600,765.5490112304688
2026-08-18,NEM,115.73907470703125,6539100,765.5490112304688
2026-08-18,ANET,193.17999267578125,8886900,765.5490112304688
2026-08-18,COP,129.72000122070312,5339300,765.5490112304688
2026-08-18,PFE,27.25,34660100,765.5490112304688
2026-08-18,REGN,810.239990234375,779000,765.5490112304688
2026-08-18,LITE,873.3099975585938,6012800,765.5490112304688
2026-08-18,TGT,152.47999572753906,5788000,765.5490112304688
2026-08-18,GRMN,296.2926330566406,1043300,765.5490112304688
2026-08-18,T,24.899999618530273,34303300,765.5490112304688
2026-08-18,ICE,155.66238403320312,3619700,765.5490112304688
2026-08-18,XOM,165.55999755859375,18952700,765.5490112304688
2026-08-18,ULTA,516.739990234375,773000,765.5490112304688
2026-08-18,PYPL,60.281105041503906,9911600,765.5490112304688
2026-08-18,GILD,142.6366424560547,5758800,765.5490112304688
2026-08-18,LDOS,143.01551818847656,1232000,765.5490112304688
2026-08-18,META,543.2412719726562,27094900,765.5490112304688
2026-08-18,BDX,179.710205078125,1616400,765.5490112304688
2026-08-18,AMGN,422.80908203125,2591400,765.5490112304688
2026-08-18,PTC,146.47999572753906,1217100,765.5490112304688
2026-08-18,COIN,146.22999572753906,6746700,765.5490112304688
2026-08-18,FOX,60.92919158935547,1019600,765.5490112304688
2026-08-18,MRK,134.37680053710938,10284200,765.5490112304688
2026-08-18,FOXA,68.72636413574219,5601100,765.5490112304688
2026-08-18,WAT,401.25,739700,765.5490112304688
2026-08-18,MTD,1399.6700439453125,140600,765.5490112304688
2026-08-18,FCX,66.31999969482422,10486800,765.5490112304688
2026-08-18,OXY,59.526851654052734,7942600,765.5490112304688
2026-08-18,UHS,172.88674926757812,938900,765.5490112304688
2026-08-18,NVDA,219.49440002441406,103128200,765.5490112304688
2026-08-18,BBY,86.36378479003906,4262700,765.5490112304688
2026-08-18,WBD,28.479999542236328,26941600,765.5490112304688
2026-08-18,DVN,47.5222282409668,17761000,765.5490112304688
2026-08-18,BR,168.82020568847656,1605900,765.5490112304688
2026-08-18,DHR,199.2269287109375,2289900,765.5490112304688
2026-08-18,CPAY,406.82000732421875,557500,765.5490112304688
2026-08-18,CME,270.2712707519531,1488900,765.5490112304688
2026-08-18,ADBE,263.1400146484375,4774100,765.5490112304688
2026-08-18,AAPL,310.0299987792969,53424500,765.5490112304688
2026-08-18,IVZ,32.380001068115234,4061100,765.5490112304688
2026-08-18,AMD,484.3900146484375,23721500,765.5490112304688
2026-08-18,EL,83.9847183227539,3334400,765.5490112304688
2026-08-18,PANW,374.1400146484375,4946000,765.5490112304688
2026-08-18,SOLV,87.44999694824219,1163100,765.5490112304688
2026-08-18,FTNT,158.00999450683594,4055100,765.5490112304688
2026-08-18,CTAS,199.4499969482422,1837100,765.5490112304688
2026-08-18,BMY,66.05000305175781,9413800,765.5490112304688
2026-08-18,NDAQ,96.38416290283203,1683600,765.5490112304688
2026-08-18,EMR,157.77999877929688,2120300,765.5490112304688
2026-08-18,NWSA,29.291440963745117,4096700,765.5490112304688
2026-08-18,CBOE,290.18389892578125,660000,765.5490112304688
2026-08-18,MCK,868.3370971679688,618700,765.5490112304688
2026-08-18,NDSN,303.29913330078125,563300,765.5490112304688
2026-08-18,VZ,48.540000915527344,14376300,765.5490112304688
2026-08-18,BAX,25.929996490478516,6688500,765.5490112304688
2026-08-18,EXPD,185.9499969482422,633500,765.5490112304688
2026-08-18,VRSN,275.92999267578125,627000,765.5490112304688
2026-08-18,LYB,64.66248321533203,3379900,765.5490112304688
2026-08-18,ROST,235.9240264892578,3954500,765.5490112304688
2026-08-18,FDS,284.3385009765625,639400,765.5490112304688
2026-08-18,VTRS,16.04962921142578,9048900,765.5490112304688
2026-08-18,ALLE,159.2642822265625,887100,765.5490112304688
2026-08-18,RMD,219.35052490234375,1295900,765.5490112304688
2026-08-18,ADP,267.597412109375,3344200,765.5490112304688
2026-08-19,MRNA,174.3800048828125,199252300,767.1549682617188
2026-08-19,P,112.0,3433000,767.1549682617188
2026-08-19,VEEV,251.0,1800300,767.1549682617188
2026-08-19,MPC,360.75,2398500,767.1549682617188
2026-08-19,ILMN,205.0,2090900,767.1549682617188
2026-08-19,PLTR,175.19000244140625,36132600,767.1549682617188
2026-08-19,SMCI,36.58000183105469,35466200,767.1549682617188
2026-08-19,PSX,242.2899932861328,2998000,767.1549682617188
2026-08-19,WDAY,198.4199981689453,4835700,767.1549682617188
2026-08-19,HPE,52.99595642089844,17719100,767.1549682617188
2026-08-19,VLO,346.260009765625,2301100,767.1549682617188
2026-08-19,HPQ,29.651838302612305,9523300,767.1549682617188
2026-08-19,ACN,183.1699981689453,5660500,767.1549682617188
2026-08-19,CRM,205.72805786132812,17843600,767.1549682617188
2026-08-19,CTSH,60.93000030517578,6867500,767.1549682617188
2026-08-19,IT,192.82000732421875,1279700,767.1549682617188
2026-08-19,ZBRA,354.6499938964844,714700,767.1549682617188
2026-08-19,CRWD,201.6300048828125,10751400,767.1549682617188
2026-08-19,RVTY,119.44999694824219,1717800,767.1549682617188
2026-08-19,NTAP,194.47999572753906,2727300,767.1549682617188
2026-08-19,MSFT,483.3999938964844,19961900,767.1549682617188
2026-08-19,IQV,249.27999877929688,1209500,767.1549682617188
2026-08-19,TMO,613.070068359375,2507200,767.1549682617188
2026-08-19,APA,43.45000076293945,8741800,767.1549682617188
2026-08-19,SWKS,68.4800033569336,5530600,767.1549682617188
2026-08-19,A,155.41000366210938,3006200,767.1549682617188
2026-08-19,CRL,290.0,987400,767.1549682617188
2026-08-19,DELL,437.54998779296875,7087900,767.1549682617188
2026-08-19,NOW,127.19999694824219,22503800,767.1549682617188
2026-08-19,DXCM,89.87999725341797,8668100,767.1549682617188
2026-08-19,CVX,205.75999450683594,8689900,767.1549682617188
2026-08-19,NEM,124.8201675415039,9071900,767.1549682617188
2026-08-19,ANET,186.4499969482422,5740500,767.1549682617188
2026-08-19,COP,130.5800018310547,7845500,767.1549682617188
2026-08-19,PFE,28.239999771118164,59804200,767.1549682617188
2026-08-19,REGN,840.8400268554688,750400,767.1549682617188
2026-08-19,LITE,827.5999755859375,4409400,767.1549682617188
2026-08-19,TGT,159.0,9467500,767.1549682617188
2026-08-19,GRMN,294.52947998046875,1244100,767.1549682617188
2026-08-19,T,25.1200008392334,29973400,767.1549682617188
2026-08-19,ICE,156.71888732910156,3757100,767.1549682617188
2026-08-19,XOM,164.77000427246094,13648900,767.1549682617188
2026-08-19,ULTA,527.8499755859375,646000,767.1549682617188
2026-08-19,PYPL,61.099082946777344,9489000,767.1549682617188
2026-08-19,GILD,146.77334594726562,6738600,767.1549682617188
2026-08-19,LDOS,145.8363494873047,1171300,767.1549682617188
2026-08-19,META,545.5994262695312,16971700,767.1549682617188
2026-08-19,BDX,186.5001678466797,2164500,767.1549682617188
2026-08-19,AMGN,439.7898254394531,2544000,767.1549682617188
2026-08-19,PTC,152.44000244140625,905200,767.1549682617188
2026-08-19,COIN,160.1999969482422,16961300,767.1549682617188
2026-08-19,FOX,60.093318939208984,1041100,767.1549682617188
2026-08-19,MRK,151.30686950683594,32776300,767.1549682617188
2026-08-19,FOXA,67.66107177734375,6080800,767.1549682617188
2026-08-19,WAT,415.8399963378906,1091800,767.1549682617188
2026-08-19,MTD,1425.0899658203125,121700,767.1549682617188
2026-08-19,FCX,69.08999633789062,16696500,767.1549682617188
2026-08-19,OXY,59.815528869628906,7899100,767.1549682617188
2026-08-19,UHS,172.12765502929688,821300,767.1549682617188
2026-08-19,NVDA,217.31683349609375,96797300,767.1549682617188
2026-08-19,BBY,88.28364562988281,3004200,767.1549682617188
2026-08-19,WBD,28.530000686645508,20045400,767.1549682617188
2026-08-19,DVN,47.87990951538086,15097500,767.1549682617188
2026-08-19,BR,174.95242309570312,1702200,767.1549682617188
2026-08-19,DHR,211.12583923339844,5253000,767.1549682617188
2026-08-19,CPAY,407.0799865722656,335000,767.1549682617188
2026-08-19,CME,265.6927490234375,2561400,767.1549682617188
2026-08-19,ADBE,272.4700012207031,5541800,767.1549682617188
2026-08-19,AAPL,316.8299865722656,50505600,767.1549682617188
2026-08-19,IVZ,32.209999084472656,3267500,767.1549682617188
2026-08-19,AMD,466.4200134277344,19208400,767.1549682617188
2026-08-19,EL,97.67821502685547,13700900,767.1549682617188
2026-08-19,PANW,359.760009765625,5286100,767.1549682617188
2026-08-19,SOLV,87.80999755859375,917900,767.1549682617188
2026-08-19,FTNT,152.85000610351562,3812300,767.1549682617188
2026-08-19,CTAS,203.0800018310547,1606800,767.1549682617188
2026-08-19,BMY,67.61000061035156,13889200,767.1549682617188
2026-08-19,NDAQ,96.02537536621094,3016300,767.1549682617188
2026-08-19,EMR,157.60000610351562,1554700,767.1549682617188
2026-08-19,NWSA,29.351240158081055,3128000,767.1549682617188
2026-08-19,CBOE,279.9722595214844,1861400,767.1549682617188
2026-08-19,MCK,852.8035888671875,938800,767.1549682617188
2026-08-19,NDSN,308.9920654296875,617000,767.1549682617188
2026-08-19,VZ,49.36000061035156,17796000,767.1549682617188
2026-08-19,BAX,26.62972640991211,5054000,767.1549682617188
2026-08-19,EXPD,186.44000244140625,625500,767.1549682617188
2026-08-19,VRSN,273.0299987792969,615400,767.1549682617188
2026-08-19,LYB,65.38501739501953,3887700,767.1549682617188
2026-08-19,ROST,234.23728942871094,3001900,767.1549682617188
2026-08-19,FDS,296.9808654785156,689700,767.1549682617188
2026-08-19,VTRS,16.129032135009766,5676800,767.1549682617188
2026-08-19,ALLE,162.18389892578125,939600,767.1549682617188
2026-08-19,RMD,229.989990234375,1209800,767.1549682617188
2026-08-19,ADP,275.4571228027344,2355000,767.1549682617188
2026-08-20,MRNA,133.32000732421875,99499900,760.7109985351562
2026-08-20,P,109.9800033569336,3003000,760.7109985351562
2026-08-20,VEEV,250.52999877929688,1305700,760.7109985351562
2026-08-20,MPC,358.2300109863281,2895700,760.7109985351562
2026-08-20,ILMN,213.24000549316406,3284400,760.7109985351562
2026-08-20,PLTR,173.9600067138672,27018400,760.7109985351562
2026-08-20,SMCI,36.5,51286600,760.7109985351562
2026-08-20,PSX,240.0,3109800,760.7109985351562
2026-08-20,WDAY,197.32000732421875,3122600,760.7109985351562
2026-08-20,HPE,52.756561279296875,11165500,760.7109985351562
2026-08-20,VLO,341.510009765625,2263800,760.7109985351562
2026-08-20,HPQ,29.18636131286621,11416700,760.7109985351562
2026-08-20,ACN,181.35000610351562,4383300,760.7109985351562
2026-08-20,CRM,205.0692138671875,11482300,760.7109985351562
2026-08-20,CTSH,60.91999816894531,4752400,760.7109985351562
2026-08-20,IT,193.67999267578125,854200,760.7109985351562
2026-08-20,ZBRA,360.5199890136719,522600,760.7109985351562
2026-08-20,CRWD,190.33999633789062,8902400,760.7109985351562
2026-08-20,RVTY,124.12999725341797,2344500,760.7109985351562
2026-08-20,NTAP,192.80999755859375,2171700,760.7109985351562
2026-08-20,MSFT,481.1499938964844,20020800,760.7109985351562
2026-08-20,IQV,256.04998779296875,1787200,760.7109985351562
2026-08-20,TMO,627.0693359375,2750100,760.7109985351562
2026-08-20,APA,44.38999938964844,6279400,760.7109985351562
2026-08-20,SWKS,67.94000244140625,3419900,760.7109985351562
2026-08-20,A,156.3000030517578,2830300,760.7109985351562
2026-08-20,CRL,291.45001220703125,1059300,760.7109985351562
2026-08-20,DELL,434.7799987792969,3633000,760.7109985351562
2026-08-20,NOW,129.75,16952300,760.7109985351562
2026-08-20,DXCM,90.22000122070312,5164500,760.7109985351562
2026-08-20,CVX,205.77000427246094,8200600,760.7109985351562
2026-08-20,NEM,127.37484741210938,9674100,760.7109985351562
2026-08-20,ANET,183.75,4207300,760.7109985351562
2026-08-20,COP,134.88999938964844,9358400,760.7109985351562
2026-08-20,PFE,27.790000915527344,29297000,760.7109985351562
2026-08-20,REGN,826.6400146484375,596400,760.7109985351562
2026-08-20,LITE,879.280029296875,4260100,760.7109985351562
2026-08-20,TGT,158.25,6059900,760.7109985351562
2026-08-20,GRMN,291.95941162109375,899600,760.7109985351562
2026-08-20,T,25.149999618530273,25231400,760.7109985351562
2026-08-20,ICE,158.08433532714844,4522300,760.7109985351562
2026-08-20,XOM,166.14999389648438,13803000,760.7109985351562
2026-08-20,ULTA,515.1400146484375,497000,760.7109985351562
2026-08-20,PYPL,62.1464958190918,12019600,760.7109985351562
2026-08-20,GILD,142.6366424560547,7167600,760.7109985351562
2026-08-20,LDOS,140.91233825683594,1160600,760.7109985351562
2026-08-20,META,545.3995971679688,13872200,760.7109985351562
2026-08-20,BDX,186.52005004882812,1972600,760.7109985351562
2026-08-20,AMGN,431.2099914550781,2914300,760.7109985351562
2026-08-20,PTC,153.52000427246094,826400,760.7109985351562
2026-08-20,COIN,172.35000610351562,17570800,760.7109985351562
2026-08-20,FOX,60.15302658081055,1090700,760.7109985351562
2026-08-20,MRK,148.11570739746094,16204700,760.7109985351562
2026-08-20,FOXA,67.66107177734375,5784300,760.7109985351562
2026-08-20,WAT,404.69000244140625,1233800,760.7109985351562
2026-08-20,MTD,1393.22998046875,444600,760.7109985351562
2026-08-20,FCX,71.22000122070312,17647400,760.7109985351562
2026-08-20,OXY,61.23899841308594,8957700,760.7109985351562
2026-08-20,UHS,172.66700744628906,555500,760.7109985351562
2026-08-20,NVDA,216.60763549804688,92457000,760.7109985351562
2026-08-20,BBY,84.83978271484375,2743200,760.7109985351562
2026-08-20,WBD,28.229999542236328,17136300,760.7109985351562
2026-08-20,DVN,48.982765197753906,10357900,760.7109985351562
2026-08-20,BR,177.4073028564453,1071600,760.7109985351562
2026-08-20,DHR,215.52804565429688,5503200,760.7109985351562
2026-08-20,CPAY,412.0,410800,760.7109985351562
2026-08-20,CME,269.6043701171875,1567400,760.7109985351562
2026-08-20,ADBE,272.2200012207031,2631400,760.7109985351562
2026-08-20,AAPL,311.29998779296875,40959200,760.7109985351562
2026-08-20,IVZ,31.360000610351562,4467500,760.7109985351562
2026-08-20,AMD,469.4599914550781,15178900,760.7109985351562
2026-08-20,EL,95.82450866699219,5120100,760.7109985351562
2026-08-20,PANW,349.55999755859375,4736200,760.7109985351562
2026-08-20,SOLV,88.61000061035156,805100,760.7109985351562
2026-08-20,FTNT,150.7899932861328,5157700,760.7109985351562
2026-08-20,CTAS,203.52000427246094,2028300,760.7109985351562
2026-08-20,BMY,65.47000122070312,9489600,760.7109985351562
2026-08-20,NDAQ,97.2213363647461,2938300,760.7109985351562
2026-08-20,EMR,154.72000122070312,1821600,760.7109985351562
2026-08-20,NWSA,29.550569534301758,2519700,760.7109985351562
2026-08-20,CBOE,293.2952575683594,1446800,760.7109985351562
2026-08-20,MCK,837.8594970703125,557500,760.7109985351562
2026-08-20,NDSN,333.6978454589844,1255900,760.7109985351562
2026-08-20,VZ,49.189998626708984,12546300,760.7109985351562
2026-08-20,BAX,26.39981460571289,3527900,760.7109985351562
2026-08-20,EXPD,186.39999389648438,652800,760.7109985351562
2026-08-20,VRSN,276.8999938964844,548200,760.7109985351562
2026-08-20,LYB,67.4041748046875,4403500,760.7109985351562
2026-08-20,ROST,228.5482940673828,6306500,760.7109985351562
2026-08-20,FDS,298.9335021972656,958200,760.7109985351562
2026-08-20,VTRS,16.000001907348633,5329500,760.7109985351562
2026-08-20,ALLE,161.14759826660156,935500,760.7109985351562
2026-08-20,RMD,228.44000244140625,1285700,760.7109985351562
2026-08-20,ADP,277.4344482421875,1685000,760.7109985351562
2026-08-21,MRNA,145.1300048828125,87316100,763.8232421875
2026-08-21,P,108.55000305175781,2587200,763.8232421875
2026-08-21,VEEV,247.89999389648438,1091600,763.8232421875
2026-08-21,MPC,360.7200012207031,2233200,763.8232421875
2026-08-21,ILMN,219.39999389648438,1917100,763.8232421875
2026-08-21,PLTR,179.94000244140625,41076200,763.8232421875
2026-08-21,SMCI,37.2400016784668,36474300,763.8232421875
2026-08-21,PSX,242.8699951171875,2653800,763.8232421875
2026-08-21,WDAY,200.00999450683594,3430900,763.8232421875
2026-08-21,HPE,53.31515121459961,7894600,763.8232421875
2026-08-21,VLO,348.8599853515625,1907500,763.8232421875
2026-08-21,HPQ,29.42405128479004,10134000,763.8232421875
2026-08-21,ACN,185.27999877929688,4837600,763.8232421875
2026-08-21,CRM,208.8026580810547,9685400,763.8232421875
2026-08-21,CTSH,61.869998931884766,6859000,763.8232421875
2026-08-21,IT,195.89999389648438,1059800,763.8232421875
2026-08-21,ZBRA,368.510009765625,718600,763.8232421875
2026-08-21,CRWD,191.9499969482422,8201000,763.8232421875
2026-08-21,RVTY,124.75,2289700,763.8232421875
2026-08-21,NTAP,192.27000427246094,1612300,763.8232421875
2026-08-21,MSFT,483.239990234375,22510800,763.8232421875
2026-08-21,IQV,259.82000732421875,1307300,763.8232421875
2026-08-21,TMO,628.7880249023438,1556000,763.8232421875
2026-08-21,APA,43.38999938964844,6578400,763.8232421875
2026-08-21,SWKS,67.13999938964844,6948300,763.8232421875
2026-08-21,A,159.0,2730300,763.8232421875
2026-08-21,CRL,295.19000244140625,887500,763.8232421875
2026-08-21,DELL,442.0799865722656,3687700,763.8232421875
2026-08-21,NOW,128.47999572753906,12504600,763.8232421875
2026-08-21,DXCM,92.33999633789062,3481300,763.8232421875
2026-08-21,CVX,205.27000427246094,7359100,763.8232421875
2026-08-21,NEM,131.30667114257812,10513100,763.8232421875
2026-08-21,ANET,188.64999389648438,8123600,763.8232421875
2026-08-21,COP,134.8699951171875,8696600,763.8232421875
2026-08-21,PFE,28.06999969482422,37109600,763.8232421875
2026-08-21,REGN,834.0399780273438,786800,763.8232421875
2026-08-21,LITE,866.7100219726562,3660700,763.8232421875
2026-08-21,TGT,165.44000244140625,6232700,763.8232421875
2026-08-21,GRMN,293.712646484375,706800,763.8232421875
2026-08-21,T,25.290000915527344,30363300,763.8232421875
2026-08-21,ICE,160.71559143066406,3665400,763.8232421875
2026-08-21,XOM,165.11000061035156,14314300,763.8232421875
2026-08-21,ULTA,521.4600219726562,468400,763.8232421875
2026-08-21,PYPL,61.39834213256836,11479100,763.8232421875
2026-08-21,GILD,145.30162048339844,5384300,763.8232421875
2026-08-21,LDOS,140.93228149414062,954900,763.8232421875
2026-08-21,META,549.4663696289062,13848000,763.8232421875
2026-08-21,BDX,190.87437438964844,2524400,763.8232421875
2026-08-21,AMGN,439.3299865722656,2114300,763.8232421875
2026-08-21,PTC,154.67999267578125,857400,763.8232421875
2026-08-21,COIN,186.49000549316406,22736000,763.8232421875
2026-08-21,FOX,60.75007629394531,564500,763.8232421875
2026-08-21,MRK,151.65481567382812,15976200,763.8232421875
2026-08-21,FOXA,68.238525390625,5731700,763.8232421875
2026-08-21,WAT,410.70001220703125,816900,763.8232421875
2026-08-21,MTD,1395.25,365600,763.8232421875
2026-08-21,FCX,76.66000366210938,28518300,763.8232421875
2026-08-21,OXY,61.02000045776367,6451000,763.8232421875
2026-08-21,UHS,177.05184936523438,672700,763.8232421875
2026-08-21,NVDA,214.48001098632812,98869300,763.8232421875
2026-08-21,BBY,84.99812316894531,2574300,763.8232421875
2026-08-21,WBD,28.549999237060547,15115600,763.8232421875
2026-08-21,DVN,48.784053802490234,9005500,763.8232421875
2026-08-21,BR,181.0647735595703,1142600,763.8232421875
2026-08-21,DHR,218.4628448486328,4701700,763.8232421875
2026-08-21,CPAY,417.1300048828125,335000,763.8232421875
2026-08-21,CME,273.6951904296875,1815100,763.8232421875
2026-08-21,ADBE,275.29998779296875,4343100,763.8232421875
2026-08-21,AAPL,309.3500061035156,46876800,763.8232421875
2026-08-21,IVZ,32.02000045776367,3094600,763.8232421875
2026-08-21,AMD,473.25,14343900,763.8232421875
2026-08-21,EL,101.59490966796875,6020900,763.8232421875
2026-08-21,PANW,357.8699951171875,5136100,763.8232421875
2026-08-21,SOLV,89.56999969482422,925200,763.8232421875
2026-08-21,FTNT,153.50999450683594,4054200,763.8232421875
2026-08-21,CTAS,203.7899932861328,1731600,763.8232421875
2026-08-21,BMY,67.01000213623047,6841300,763.8232421875
2026-08-21,NDAQ,97.88907623291016,3932000,763.8232421875
2026-08-21,EMR,157.25999450683594,2081300,763.8232421875
2026-08-21,NWSA,30.278120040893555,3285200,763.8232421875
2026-08-21,CBOE,299.9068908691406,1242400,763.8232421875
2026-08-21,MCK,857.9880981445312,1580600,763.8232421875
2026-08-21,NDSN,331.2452087402344,700300,763.8232421875
2026-08-21,VZ,49.45000076293945,15078100,763.8232421875
2026-08-21,BAX,26.32984161376953,4360800,763.8232421875
2026-08-21,EXPD,187.80999755859375,872300,763.8232421875
2026-08-21,VRSN,281.79998779296875,603500,763.8232421875
2026-08-21,LYB,66.83999633789062,2838800,763.8232421875
2026-08-21,ROST,238.57888793945312,6967600,763.8232421875
2026-08-21,FDS,298.7840576171875,499300,763.8232421875
2026-08-21,VTRS,16.31999969482422,6494300,763.8232421875
2026-08-21,ALLE,161.73550415039062,936200,763.8232421875
2026-08-21,RMD,231.52000427246094,1725300,763.8232421875
2026-08-21,ADP,279.0242919921875,2609500,763.8232421875
2026-08-24,MRNA,138.88999938964844,31587200,761.5787963867188
2026-08-24,P,100.44000244140625,3605800,761.5787963867188
2026-08-24,VEEV,248.4600067138672,1570000,761.5787963867188
2026-08-24,MPC,362.5199890136719,2169000,761.5787963867188
2026-08-24,ILMN,223.22000122070312,2250400,761.5787963867188
2026-08-24,PLTR,175.88999938964844,35115500,761.5787963867188
2026-08-24,SMCI,35.16999816894531,39934900,761.5787963867188
2026-08-24,PSX,241.9600067138672,2301400,761.5787963867188
2026-08-24,WDAY,199.14999389648438,3107400,761.5787963867188
2026-08-24,HPE,52.29772186279297,10481100,761.5787963867188
2026-08-24,VLO,346.0,2029300,761.5787963867188
2026-08-24,HPQ,28.304927825927734,13959800,761.5787963867188
2026-08-24,ACN,186.52999877929688,7346300,761.5787963867188
2026-08-24,CRM,208.69285583496094,9580200,761.5787963867188
2026-08-24,CTSH,62.20000076293945,4122900,761.5787963867188
2026-08-24,IT,202.77999877929688,1292100,761.5787963867188
2026-08-24,ZBRA,363.29998779296875,637900,761.5787963867188
2026-08-24,CRWD,190.67999267578125,7245600,761.5787963867188
2026-08-24,RVTY,123.0,1505400,761.5787963867188
2026-08-24,NTAP,186.86000061035156,2277000,761.5787963867188
2026-08-24,MSFT,487.30999755859375,17230800,761.5787963867188
2026-08-24,IQV,260.239990234375,1114100,761.5787963867188
2026-08-24,TMO,628.2584228515625,1727100,761.5787963867188
2026-08-24,APA,42.959999084472656,6205100,761.5787963867188
2026-08-24,SWKS,66.86000061035156,3636000,761.5787963867188
2026-08-24,A,153.42999267578125,3946000,761.5787963867188
2026-08-24,CRL,298.5799865722656,786100,761.5787963867188
2026-08-24,DELL,433.19000244140625,4337900,761.5787963867188
2026-08-24,NOW,128.0500030517578,8949300,761.5787963867188
2026-08-24,DXCM,91.05999755859375,4451300,761.5787963867188
2026-08-24,CVX,203.08999633789062,5853900,761.5787963867188
2026-08-24,NEM,131.5661163330078,6474000,761.5787963867188
2026-08-24,ANET,188.14999389648438,5306400,761.5787963867188
2026-08-24,COP,133.35000610351562,6137400,761.5787963867188
2026-08-24,PFE,27.969999313354492,23845600,761.5787963867188
2026-08-24,REGN,828.5,672000,761.5787963867188
2026-08-24,LITE,830.1699829101562,3919000,761.5787963867188
2026-08-24,TGT,169.88999938964844,6410700,761.5787963867188
2026-08-24,GRMN,290.12652587890625,1882900,761.5787963867188
2026-08-24,T,25.690000534057617,26268500,761.5787963867188
2026-08-24,ICE,162.4498291015625,3641800,761.5787963867188
2026-08-24,XOM,164.0500030517578,10842500,761.5787963867188
2026-08-24,ULTA,538.760009765625,612200,761.5787963867188
2026-08-24,PYPL,61.52802658081055,8571900,761.5787963867188
2026-08-24,GILD,145.9181671142578,6182900,761.5787963867188
2026-08-24,LDOS,137.9818572998047,737100,761.5787963867188
2026-08-24,META,558.5792236328125,12990600,761.5787963867188
2026-08-24,BDX,189.62176513671875,1311000,761.5787963867188
2026-08-24,AMGN,443.8399963378906,2463300,761.5787963867188
2026-08-24,PTC,154.30999755859375,913300,761.5787963867188
2026-08-24,COIN,179.47999572753906,13193700,761.5787963867188
2026-08-24,FOX,61.28742599487305,805500,761.5787963867188
2026-08-24,MRK,149.77590942382812,15032000,761.5787963867188
2026-08-24,FOXA,68.90557098388672,4643400,761.5787963867188
2026-08-24,WAT,410.75,600300,761.5787963867188
2026-08-24,MTD,1398.8900146484375,164300,761.5787963867188
2026-08-24,FCX,77.80000305175781,21435700,761.5787963867188
2026-08-24,OXY,59.8354377746582,6934000,761.5787963867188
2026-08-24,UHS,176.19285583496094,567700,761.5787963867188
2026-08-24,NVDA,208.24697875976562,135187300,761.5787963867188
2026-08-24,BBY,86.57161712646484,2768200,761.5787963867188
2026-08-24,WBD,28.700000762939453,21480400,761.5787963867188
2026-08-24,DVN,47.91965103149414,7617700,761.5787963867188
2026-08-24,BR,184.31475830078125,1409900,761.5787963867188
2026-08-24,DHR,214.72946166992188,2510300,761.5787963867188
2026-08-24,CPAY,413.9200134277344,492400,761.5787963867188
2026-08-24,CME,277.8656311035156,1318000,761.5787963867188
2026-08-24,ADBE,276.2699890136719,3593200,761.5787963867188
2026-08-24,AAPL,310.3399963378906,34673600,761.5787963867188
2026-08-24,IVZ,32.45000076293945,2803400,761.5787963867188
2026-08-24,AMD,456.75,16602200,761.5787963867188
2026-08-24,EL,103.7774887084961,4535400,761.5787963867188
2026-08-24,PANW,350.8999938964844,5463900,761.5787963867188
2026-08-24,SOLV,91.25,1144700,761.5787963867188
2026-08-24,FTNT,151.99000549316406,3422500,761.5787963867188
2026-08-24,CTAS,207.39999389648438,1819800,761.5787963867188
2026-08-24,BMY,67.27999877929688,6812100,761.5787963867188
2026-08-24,NDAQ,98.4571533203125,3743800,761.5787963867188
2026-08-24,EMR,157.57000732421875,1722000,761.5787963867188
2026-08-24,NWSA,30.65684700012207,3053200,761.5787963867188
2026-08-24,CBOE,307.2365417480469,1327600,761.5787963867188
2026-08-24,MCK,872.8622436523438,600500,761.5787963867188
2026-08-24,NDSN,332.9301452636719,439600,761.5787963867188
2026-08-24,VZ,50.150001525878906,19498700,761.5787963867188
2026-08-24,BAX,26.47978401184082,4426600,761.5787963867188
2026-08-24,EXPD,187.8300018310547,692400,761.5787963867188
2026-08-24,VRSN,290.7900085449219,640200,761.5787963867188
2026-08-24,LYB,65.19999694824219,2897200,761.5787963867188
2026-08-24,ROST,241.0541229248047,2735300,761.5787963867188
2026-08-24,FDS,304.1637878417969,649500,761.5787963867188
2026-08-24,VTRS,16.540000915527344,4980500,761.5787963867188
2026-08-24,ALLE,162.05438232421875,1329600,761.5787963867188
2026-08-24,RMD,232.4499969482422,1113400,761.5787963867188
2026-08-24,ADP,281.2102966308594,2449100,761.5787963867188
2026-08-25,MRNA,158.8300018310547,49225700,764.0127563476562
2026-08-25,P,102.80999755859375,2544200,764.0127563476562
2026-08-25,VEEV,246.77999877929688,1620000,764.0127563476562
2026-08-25,MPC,354.8800048828125,2205200,764.0127563476562
2026-08-25,ILMN,224.99000549316406,1917700,764.0127563476562
2026-08-25,PLTR,172.72999572753906,24558500,764.0127563476562
2026-08-25,SMCI,38.459999084472656,48106900,764.0127563476562
2026-08-25,PSX,236.89999389648438,2176000,764.0127563476562
2026-08-25,WDAY,194.4199981689453,3488100,764.0127563476562
2026-08-25,HPE,53.305171966552734,11199400,764.0127563476562
2026-08-25,VLO,340.4100036621094,1735600,764.0127563476562
2026-08-25,HPQ,29.23587989807129,10214500,764.0127563476562
2026-08-25,ACN,186.92999267578125,4071800,764.0127563476562
2026-08-25,CRM,205.32876586914062,10081800,764.0127563476562
2026-08-25,CTSH,63.060001373291016,5817200,764.0127563476562
2026-08-25,IT,195.7899932861328,1986200,764.0127563476562
2026-08-25,ZBRA,360.5199890136719,490700,764.0127563476562
2026-08-25,CRWD,185.3800048828125,8346500,764.0127563476562
2026-08-25,RVTY,124.83999633789062,1035600,764.0127563476562
2026-08-25,NTAP,187.42999267578125,1738600,764.0127563476562
2026-08-25,MSFT,491.7099914550781,19519000,764.0127563476562
2026-08-25,IQV,259.4200134277344,901400,764.0127563476562
2026-08-25,TMO,627.6688842773438,1535300,764.0127563476562
2026-08-25,APA,41.349998474121094,4984400,764.0127563476562
2026-08-25,SWKS,65.69999694824219,4946700,764.0127563476562
2026-08-25,A,154.77000427246094,2425300,764.0127563476562
2026-08-25,CRL,297.6400146484375,883500,764.0127563476562
2026-08-25,DELL,451.5,3895600,764.0127563476562
2026-08-25,NOW,127.0,12317500,764.0127563476562
2026-08-25,DXCM,89.16000366210938,4105700,764.0127563476562
2026-08-25,CVX,199.88999938964844,8176800,764.0127563476562
2026-08-25,NEM,134.85926818847656,7145000,764.0127563476562
2026-08-25,ANET,190.94000244140625,4385100,764.0127563476562
2026-08-25,COP,131.83999633789062,6044500,764.0127563476562
2026-08-25,PFE,28.56999969482422,31915700,764.0127563476562
2026-08-25,REGN,833.5599975585938,505400,764.0127563476562
2026-08-25,LITE,885.5650024414062,3240600,764.0127563476562
2026-08-25,TGT,163.47000122070312,7597500,764.0127563476562
2026-08-25,GRMN,287.33734130859375,597700,764.0127563476562
2026-08-25,T,25.770000457763672,28823000,764.0127563476562
2026-08-25,ICE,161.24383544921875,2119800,764.0127563476562
2026-08-25,XOM,160.63999938964844,17525300,764.0127563476562
2026-08-25,ULTA,537.219970703125,716000,764.0127563476562
2026-08-25,PYPL,62.11656951904297,10337000,764.0127563476562
2026-08-25,GILD,147.93678283691406,4630300,764.0127563476562
2026-08-25,LDOS,134.1044464111328,1248900,764.0127563476562
2026-08-25,META,569.6004638671875,9769100,764.0127563476562
2026-08-25,BDX,188.66738891601562,1207500,764.0127563476562
2026-08-25,AMGN,442.239990234375,2100900,764.0127563476562
2026-08-25,PTC,151.13999938964844,1523800,764.0127563476562
2026-08-25,COIN,187.16000366210938,10565300,764.0127563476562
2026-08-25,FOX,62.38201904296875,739000,764.0127563476562
2026-08-25,MRK,155.53192138671875,14005100,764.0127563476562
2026-08-25,FOXA,70.0206527709961,4266300,764.0127563476562
2026-08-25,WAT,414.44000244140625,631800,764.0127563476562
2026-08-25,MTD,1402.25,116900,764.0127563476562
2026-08-25,FCX,79.91000366210938,15801100,764.0127563476562
2026-08-25,OXY,58.1431999206543,6822800,764.0127563476562
2026-08-25,UHS,175.55361938476562,391800,764.0127563476562
2026-08-25,NVDA,212.81187438964844,122309000,764.0127563476562
2026-08-25,BBY,84.40435028076172,4192100,764.0127563476562
2026-08-25,WBD,28.899999618530273,24403800,764.0127563476562
2026-08-25,DVN,46.60814666748047,7305400,764.0127563476562
2026-08-25,BR,183.68862915039062,1108200,764.0127563476562
2026-08-25,DHR,215.5879364013672,2339300,764.0127563476562
2026-08-25,CPAY,412.3699951171875,580900,764.0127563476562
2026-08-25,CME,276.0242614746094,1403400,764.0127563476562
2026-08-25,ADBE,273.9200134277344,3137600,764.0127563476562
2026-08-25,AAPL,309.8999938964844,25869800,764.0127563476562
2026-08-25,IVZ,32.720001220703125,2917200,764.0127563476562
2026-08-25,AMD,479.17999267578125,19001400,764.0127563476562
2026-08-25,EL,104.49505615234375,3312000,764.0127563476562
2026-08-25,PANW,339.8999938964844,4727900,764.0127563476562
2026-08-25,SOLV,91.61000061035156,1048000,764.0127563476562
2026-08-25,FTNT,153.66000366210938,3459800,764.0127563476562
2026-08-25,CTAS,204.75999450683594,2440700,764.0127563476562
2026-08-25,BMY,67.91999816894531,7911500,764.0127563476562
2026-08-25,NDAQ,98.3973617553711,1985500,764.0127563476562
2026-08-25,EMR,154.9600067138672,3112000,764.0127563476562
2026-08-25,NWSA,30.81631088256836,2196400,764.0127563476562
2026-08-25,CBOE,307.9645080566406,789400,764.0127563476562
2026-08-25,MCK,904.1290283203125,882600,764.0127563476562
2026-08-25,NDSN,332.5811767578125,344500,764.0127563476562
2026-08-25,VZ,50.25,21337600,764.0127563476562
2026-08-25,BAX,26.279861450195312,3792500,764.0127563476562
2026-08-25,EXPD,189.0500030517578,582300,764.0127563476562
2026-08-25,VRSN,293.75,606400,764.0127563476562
2026-08-25,LYB,62.54999923706055,3660400,764.0127563476562
2026-08-25,ROST,240.72474670410156,2412800,764.0127563476562
2026-08-25,FDS,294.9684143066406,2059800,764.0127563476562
2026-08-25,VTRS,16.719999313354492,8326400,764.0127563476562
2026-08-25,ALLE,159.8023681640625,1016500,764.0127563476562
2026-08-25,RMD,236.58999633789062,1761100,764.0127563476562
2026-08-25,ADP,280.98175048828125,2248300,764.0127563476562
2026-08-26,MRNA,149.66000366210938,22009500,764.182373046875
2026-08-26,P,108.9000015258789,5351200,764.182373046875
2026-08-26,VEEV,244.91000366210938,1452600,764.182373046875
2026-08-26,MPC,362.2699890136719,2089400,764.182373046875
2026-08-26,ILMN,224.83999633789062,1714100,764.182373046875
2026-08-26,PLTR,177.5,27924200,764.182373046875
2026-08-26,SMCI,37.38999938964844,33723200,764.182373046875
2026-08-26,PSX,242.22999572753906,2235000,764.182373046875
2026-08-26,WDAY,190.75,3223000,764.182373046875
2026-08-26,HPE,55.09065628051758,10384300,764.182373046875
2026-08-26,VLO,348.0299987792969,2156500,764.182373046875
2026-08-26,HPQ,30.226255416870117,23669100,764.182373046875
2026-08-26,ACN,181.3800048828125,4376500,764.182373046875
2026-08-26,CRM,205.25888061523438,14888900,764.182373046875
2026-08-26,CTSH,62.09000015258789,7003900,764.182373046875
2026-08-26,IT,192.9600067138672,1181400,764.182373046875
2026-08-26,ZBRA,359.8399963378906,575600,764.182373046875
2026-08-26,CRWD,189.17999267578125,13619900,764.182373046875
2026-08-26,RVTY,126.3499984741211,1155800,764.182373046875
2026-08-26,NTAP,193.85000610351562,1709900,764.182373046875
2026-08-26,MSFT,496.3699951171875,20758900,764.182373046875
2026-08-26,IQV,261.510009765625,1272100,764.182373046875
2026-08-26,TMO,633.2246704101562,1843000,764.182373046875
2026-08-26,APA,41.189998626708984,4209500,764.182373046875
2026-08-26,SWKS,66.62000274658203,3080600,764.182373046875
2026-08-26,A,155.0800018310547,3202500,764.182373046875
2026-08-26,CRL,295.1000061035156,1231100,764.182373046875
2026-08-26,DELL,463.82000732421875,4459600,764.182373046875
2026-08-26,NOW,125.80000305175781,13384900,764.182373046875
2026-08-26,DXCM,88.95999908447266,3822600,764.182373046875
2026-08-26,CVX,200.2100067138672,6863100,764.182373046875
2026-08-26,NEM,131.32662963867188,10400500,764.182373046875
2026-08-26,ANET,202.25,7664600,764.182373046875
2026-08-26,COP,130.61000061035156,5820200,764.182373046875
2026-08-26,PFE,28.299999237060547,35070000,764.182373046875
2026-08-26,REGN,814.7899780273438,585300,764.182373046875
2026-08-26,LITE,939.030029296875,4511400,764.182373046875
2026-08-26,TGT,164.0399932861328,4660300,764.182373046875
2026-08-26,GRMN,287.9051208496094,569900,764.182373046875
2026-08-26,T,25.8700008392334,26372000,764.182373046875
2026-08-26,ICE,161.38336181640625,1998900,764.182373046875
2026-08-26,XOM,158.19000244140625,14838400,764.182373046875
2026-08-26,ULTA,543.1900024414062,629200,764.182373046875
2026-08-26,PYPL,61.65770721435547,11415900,764.182373046875
2026-08-26,GILD,147.26058959960938,5258300,764.182373046875
2026-08-26,LDOS,136.98509216308594,944500,764.182373046875
2026-08-26,META,575.6856689453125,31416300,764.182373046875
2026-08-26,BDX,189.09486389160156,1403100,764.182373046875
2026-08-26,AMGN,440.3399963378906,2289000,764.182373046875
2026-08-26,PTC,151.61000061035156,1411400,764.182373046875
2026-08-26,COIN,181.77999877929688,6275800,764.182373046875
2026-08-26,FOX,61.924278259277344,671200,764.182373046875
2026-08-26,MRK,152.20159912109375,8627600,764.182373046875
2026-08-26,FOXA,69.29385375976562,5127700,764.182373046875
2026-08-26,WAT,414.1700134277344,426600,764.182373046875
2026-08-26,MTD,1398.4599609375,97100,764.182373046875
2026-08-26,FCX,79.0,18324500,764.182373046875
2026-08-26,OXY,58.35224151611328,6204500,764.182373046875
2026-08-26,UHS,178.4801788330078,632800,764.182373046875
2026-08-26,NVDA,209.4256591796875,179900000,764.182373046875
2026-08-26,BBY,86.53202819824219,6809700,764.182373046875
2026-08-26,WBD,28.75,12518400,764.182373046875
2026-08-26,DVN,46.528663635253906,6339300,764.182373046875
2026-08-26,BR,180.48834228515625,1186200,764.182373046875
2026-08-26,DHR,214.97901916503906,2531100,764.182373046875
2026-08-26,CPAY,406.92999267578125,507200,764.182373046875
2026-08-26,CME,279.6671447753906,1722500,764.182373046875
2026-08-26,ADBE,273.4700012207031,3630300,764.182373046875
2026-08-26,AAPL,313.45001220703125,34024500,764.182373046875
2026-08-26,IVZ,32.97999954223633,3622100,764.182373046875
2026-08-26,AMD,480.92999267578125,14348100,764.182373046875
2026-08-26,EL,104.704345703125,2666500,764.182373046875
2026-08-26,PANW,339.30999755859375,4588300,764.182373046875
2026-08-26,SOLV,91.52999877929688,1019500,764.182373046875
2026-08-26,FTNT,157.5399932861328,2990700,764.182373046875
2026-08-26,CTAS,205.77999877929688,1516400,764.182373046875
2026-08-26,BMY,67.56999969482422,7511200,764.182373046875
2026-08-26,NDAQ,99.1348648071289,1543700,764.182373046875
2026-08-26,EMR,158.2899932861328,2066500,764.182373046875
2026-08-26,NWSA,30.856176376342773,2709900,764.182373046875
2026-08-26,CBOE,311.3251647949219,727300,764.182373046875
2026-08-26,MCK,895.697998046875,1058400,764.182373046875
2026-08-26,NDSN,333.57818603515625,353100,764.182373046875
2026-08-26,VZ,50.189998626708984,20720800,764.182373046875
2026-08-26,BAX,26.48978042602539,5186500,764.182373046875
2026-08-26,EXPD,190.17999267578125,667200,764.182373046875
2026-08-26,VRSN,292.989990234375,558300,764.182373046875
2026-08-26,LYB,62.619998931884766,2743900,764.182373046875
2026-08-26,ROST,235.81423950195312,2467500,764.182373046875
2026-08-26,FDS,294.3408203125,831700,764.182373046875
2026-08-26,VTRS,16.850000381469727,7392800,764.182373046875
2026-08-26,ALLE,159.7126922607422,993500,764.182373046875
2026-08-26,RMD,235.69000244140625,1542300,764.182373046875
2026-08-26,ADP,279.6006164550781,1221900,764.182373046875
2026-08-27,MRNA,142.77000427246094,24993200,769.18994140625
2026-08-27,P,99.23999786376953,7548400,769.18994140625
2026-08-27,VEEV,282.1300048828125,6408800,769.18994140625
2026-08-27,MPC,363.5400085449219,3019500,769.18994140625
2026-08-27,ILMN,227.69000244140625,1937200,769.18994140625
2026-08-27,PLTR,185.92999267578125,40739300,769.18994140625
2026-08-27,SMCI,38.459999084472656,41662100,769.18994140625
2026-08-27,PSX,239.80999755859375,2419900,769.18994140625
2026-08-27,WDAY,193.57000732421875,8166600,769.18994140625
2026-08-27,HPE,54.272727966308594,14949500,769.18994140625
2026-08-27,VLO,346.5899963378906,1957300,769.18994140625
2026-08-27,HPQ,29.344820022583008,40837500,769.18994140625
2026-08-27,ACN,187.3800048828125,4930200,769.18994140625
2026-08-27,CRM,251.60736083984375,55517500,769.18994140625
2026-08-27,CTSH,63.7599983215332,5800800,769.18994140625
2026-08-27,IT,196.60000610351562,1198200,769.18994140625
2026-08-27,ZBRA,361.1099853515625,469000,769.18994140625
2026-08-27,CRWD,227.9600067138672,23443200,769.18994140625
2026-08-27,RVTY,129.7100067138672,1932700,769.18994140625
2026-08-27,NTAP,190.63999938964844,2142000,769.18994140625
2026-08-27,MSFT,505.05999755859375,28688800,769.18994140625
2026-08-27,IQV,262.3800048828125,1232400,769.18994140625
2026-08-27,TMO,630.2169189453125,1466900,769.18994140625
2026-08-27,APA,42.380001068115234,4329400,769.18994140625
2026-08-27,SWKS,67.36000061035156,4640800,769.18994140625
2026-08-27,A,157.69000244140625,3202300,769.18994140625
2026-08-27,CRL,296.4100036621094,901300,769.18994140625
2026-08-27,DELL,472.260009765625,4642600,769.18994140625
2026-08-27,NOW,138.42999267578125,27815500,769.18994140625
2026-08-27,DXCM,89.29000091552734,3025900,769.18994140625
2026-08-27,CVX,199.77000427246094,8112300,769.18994140625
2026-08-27,NEM,132.0151824951172,6425600,769.18994140625
2026-08-27,ANET,201.08999633789062,4692700,769.18994140625
2026-08-27,COP,129.52000427246094,6677700,769.18994140625
2026-08-27,PFE,28.020000457763672,31174400,769.18994140625
2026-08-27,REGN,807.7100219726562,766800,769.18994140625
2026-08-27,LITE,956.1400146484375,4119600,769.18994140625
2026-08-27,TGT,165.92999267578125,4746000,769.18994140625
2026-08-27,GRMN,288.7518310546875,654700,769.18994140625
2026-08-27,T,25.43000030517578,26110900,769.18994140625
2026-08-27,ICE,160.70562744140625,3119500,769.18994140625
2026-08-27,XOM,156.44000244140625,14288500,769.18994140625
2026-08-27,ULTA,540.0999755859375,1239200,769.18994140625
2026-08-27,PYPL,61.31854248046875,9165000,769.18994140625
2026-08-27,GILD,148.02627563476562,5014800,769.18994140625
2026-08-27,LDOS,139.40724182128906,880300,769.18994140625
2026-08-27,META,570.6495971679688,15221400,769.18994140625
2026-08-27,BDX,187.02706909179688,1353600,769.18994140625
2026-08-27,AMGN,436.989990234375,1761500,769.18994140625
2026-08-27,PTC,158.9499969482422,979300,769.18994140625
2026-08-27,COIN,190.72000122070312,9240900,769.18994140625
2026-08-27,FOX,60.103271484375,1701400,769.18994140625
2026-08-27,MRK,148.6624755859375,8522600,769.18994140625
2026-08-27,FOXA,66.92433166503906,5373000,769.18994140625
2026-08-27,WAT,421.260009765625,741500,769.18994140625
2026-08-27,MTD,1407.4300537109375,146000,769.18994140625
2026-08-27,FCX,78.41999816894531,15105400,769.18994140625
2026-08-27,OXY,58.89972686767578,6107100,769.18994140625
2026-08-27,UHS,172.37734985351562,574800,769.18994140625
2026-08-27,NVDA,227.7251739501953,298909800,769.18994140625
2026-08-27,BBY,82.69231414794922,8969300,769.18994140625
2026-08-27,WBD,28.8799991607666,13702200,769.18994140625
2026-08-27,DVN,46.816795349121094,6443000,769.18994140625
2026-08-27,BR,181.9592742919922,1008700,769.18994140625
2026-08-27,DHR,215.29844665527344,2926500,769.18994140625
2026-08-27,CPAY,403.6700134277344,252200,769.18994140625
2026-08-27,CME,279.6273498535156,2058100,769.18994140625
2026-08-27,ADBE,289.1499938964844,6521600,769.18994140625
2026-08-27,AAPL,314.5799865722656,32419200,769.18994140625
2026-08-27,IVZ,33.310001373291016,2628800,769.18994140625
2026-08-27,AMD,476.6700134277344,16441800,769.18994140625
2026-08-27,EL,105.85044860839844,4548100,769.18994140625
2026-08-27,PANW,382.8500061035156,7308800,769.18994140625
2026-08-27,SOLV,90.93000030517578,687200,769.18994140625
2026-08-27,FTNT,172.77999877929688,6902800,769.18994140625
2026-08-27,CTAS,204.14999389648438,1281500,769.18994140625
2026-08-27,BMY,66.94999694824219,4667100,769.18994140625
2026-08-27,NDAQ,99.01526641845703,2159900,769.18994140625
2026-08-27,EMR,157.7100067138672,1710300,769.18994140625
2026-08-27,NWSA,31.085405349731445,5784400,769.18994140625
2026-08-27,CBOE,313.080322265625,836400,769.18994140625
2026-08-27,MCK,889.5645141601562,1108000,769.18994140625
2026-08-27,NDSN,329.8493957519531,275300,769.18994140625
2026-08-27,VZ,49.43000030517578,16389700,769.18994140625
2026-08-27,BAX,25.920000076293945,4499500,769.18994140625
2026-08-27,EXPD,190.72000122070312,782900,769.18994140625
2026-08-27,VRSN,294.7300109863281,580300,769.18994140625
2026-08-27,LYB,63.060001373291016,2675900,769.18994140625
2026-08-27,ROST,229.42657470703125,2317000,769.18994140625
2026-08-27,FDS,303.3269348144531,857200,769.18994140625
2026-08-27,VTRS,16.889999389648438,6462700,769.18994140625
2026-08-27,ALLE,159.15467834472656,1019200,769.18994140625
2026-08-27,RMD,235.75999450683594,1588300,769.18994140625
2026-08-27,ADP,282.8696594238281,1766400,769.18994140625
2026-08-28,MRNA,137.99000549316406,25820600,767.4442749023438
2026-08-28,P,93.4000015258789,3254300,767.4442749023438
2026-08-28,VEEV,276.69000244140625,3641600,767.4442749023438
2026-08-28,MPC,368.8299865722656,1918600,767.4442749023438
2026-08-28,ILMN,215.58999633789062,1791700,767.4442749023438
2026-08-28,PLTR,186.2899932861328,25060200,767.4442749023438
2026-08-28,SMCI,37.08000183105469,29132900,767.4442749023438
2026-08-28,PSX,244.00999450683594,1728500,767.4442749023438
2026-08-28,WDAY,204.72000122070312,8668700,767.4442749023438
2026-08-28,HPE,52.17802429199219,13921600,767.4442749023438
2026-08-28,VLO,352.3599853515625,1848500,767.4442749023438
2026-08-28,HPQ,30.226255416870117,15845800,767.4442749023438
2026-08-28,ACN,189.61000061035156,4840700,767.4442749023438
2026-08-28,CRM,255.5504150390625,34362700,767.4442749023438
2026-08-28,CTSH,64.04000091552734,5303000,767.4442749023438
2026-08-28,IT,198.38999938964844,610200,767.4442749023438
2026-08-28,ZBRA,356.45001220703125,581000,767.4442749023438
2026-08-28,CRWD,218.39999389648438,14728300,767.4442749023438
2026-08-28,RVTY,128.8000030517578,1576300,767.4442749023438
2026-08-28,NTAP,187.02000427246094,1497500,767.4442749023438
2026-08-28,MSFT,513.530029296875,29207300,767.4442749023438
2026-08-28,IQV,261.75,1842100,767.4442749023438
2026-08-28,TMO,621.7034301757812,1016600,767.4442749023438
2026-08-28,APA,42.540000915527344,3317200,767.4442749023438
2026-08-28,SWKS,65.79000091552734,4832400,767.4442749023438
2026-08-28,A,153.83999633789062,2966300,767.4442749023438
2026-08-28,CRL,291.5,659800,767.4442749023438
2026-08-28,DELL,456.239990234375,3954900,767.4442749023438
2026-08-28,NOW,144.7100067138672,29034400,767.4442749023438
2026-08-28,DXCM,90.81999969482422,2546700,767.4442749023438
2026-08-28,CVX,201.86000061035156,5301000,767.4442749023438
2026-08-28,NEM,127.71414184570312,8821100,767.4442749023438
2026-08-28,ANET,195.3800048828125,3063000,767.4442749023438
2026-08-28,COP,130.35000610351562,4651300,767.4442749023438
2026-08-28,PFE,27.959999084472656,27175800,767.4442749023438
2026-08-28,REGN,794.1900024414062,487700,767.4442749023438
2026-08-28,LITE,895.0,3442100,767.4442749023438
2026-08-28,TGT,163.17999267578125,3643800,767.4442749023438
2026-08-28,GRMN,284.08990478515625,781100,767.4442749023438
2026-08-28,T,26.010000228881836,22677400,767.4442749023438
2026-08-28,ICE,161.79200744628906,3000900,767.4442749023438
2026-08-28,XOM,156.7100067138672,11352600,767.4442749023438
2026-08-28,ULTA,517.5,1608100,767.4442749023438
2026-08-28,PYPL,53.52778625488281,36340500,767.4442749023438
2026-08-28,GILD,144.8640899658203,3946900,767.4442749023438
2026-08-28,LDOS,140.20465087890625,950200,767.4442749023438
2026-08-28,META,577.564208984375,16042400,767.4442749023438
2026-08-28,BDX,188.40892028808594,1693800,767.4442749023438
2026-08-28,AMGN,432.4200134277344,1739700,767.4442749023438
2026-08-28,PTC,157.14999389648438,1069100,767.4442749023438
2026-08-28,COIN,178.63999938964844,10016500,767.4442749023438
2026-08-28,FOX,61.01874923706055,943300,767.4442749023438
2026-08-28,MRK,147.47946166992188,8067000,767.4442749023438
2026-08-28,FOXA,68.11904907226562,3622700,767.4442749023438
2026-08-28,WAT,414.69000244140625,435100,767.4442749023438
2026-08-28,MTD,1398.5799560546875,202000,767.4442749023438
2026-08-28,FCX,76.44999694824219,18058100,767.4442749023438
2026-08-28,OXY,58.830047607421875,4429000,767.4442749023438
2026-08-28,UHS,171.45843505859375,556200,767.4442749023438
2026-08-28,NVDA,217.3068389892578,195116400,767.4442749023438
2026-08-28,BBY,81.58394622802734,5154300,767.4442749023438
2026-08-28,WBD,28.770000457763672,10004800,767.4442749023438
2026-08-28,DVN,47.04531478881836,8783600,767.4442749023438
2026-08-28,BR,182.51583862304688,734200,767.4442749023438
2026-08-28,DHR,215.68775939941406,2860000,767.4442749023438
2026-08-28,CPAY,407.8800048828125,242600,767.4442749023438
2026-08-28,CME,284.464599609375,2981900,767.4442749023438
2026-08-28,ADBE,291.5199890136719,3649300,767.4442749023438
2026-08-28,AAPL,319.70001220703125,38649400,767.4442749023438
2026-08-28,IVZ,32.86000061035156,2777100,767.4442749023438
2026-08-28,AMD,465.5799865722656,15373900,767.4442749023438
2026-08-28,EL,103.04000091552734,3121700,767.4442749023438
2026-08-28,PANW,371.5899963378906,5840700,767.4442749023438
2026-08-28,SOLV,91.12000274658203,678800,767.4442749023438
2026-08-28,FTNT,166.0,5095000,767.4442749023438
2026-08-28,CTAS,204.17999267578125,1344000,767.4442749023438
2026-08-28,BMY,66.58000183105469,5542900,767.4442749023438
2026-08-28,NDAQ,98.97540283203125,2528900,767.4442749023438
2026-08-28,EMR,155.17999267578125,1533800,767.4442749023438
2026-08-28,NWSA,30.86614227294922,5268000,767.4442749023438
2026-08-28,CBOE,309.5899963378906,953900,767.4442749023438
2026-08-28,MCK,892.4414672851562,606000,767.4442749023438
2026-08-28,NDSN,323.61810302734375,343000,767.4442749023438
2026-08-28,VZ,50.099998474121094,15790100,767.4442749023438
2026-08-28,BAX,26.1299991607666,3960400,767.4442749023438
2026-08-28,EXPD,190.97000122070312,567300,767.4442749023438
2026-08-28,VRSN,291.92999267578125,698800,767.4442749023438
2026-08-28,LYB,63.66999816894531,2171300,767.4442749023438
2026-08-28,ROST,228.109130859375,2431500,767.4442749023438
2026-08-28,FDS,307.82000732421875,715300,767.4442749023438
2026-08-28,VTRS,16.34000015258789,6217400,767.4442749023438
2026-08-28,ALLE,156.92259216308594,1202000,767.4442749023438
2026-08-28,RMD,240.3300018310547,1386700,767.4442749023438
2026-08-28,ADP,285.6518859863281,1761300,767.4442749023438
2026-08-31,MRNA,140.33999633789062,18570700,765.1499633789062
2026-08-31,P,92.94999694824219,3213400,765.1499633789062
2026-08-31,VEEV,285.69000244140625,2844900,765.1499633789062
2026-08-31,MPC,373.32000732421875,3626500,765.1499633789062
2026-08-31,ILMN,213.6300048828125,2017600,765.1499633789062
2026-08-31,PLTR,186.3800048828125,25941200,765.1499633789062
2026-08-31,SMCI,37.279998779296875,22915000,765.1499633789062
2026-08-31,PSX,246.5800018310547,4438400,765.1499633789062
2026-08-31,WDAY,197.4499969482422,4597500,765.1499633789062
2026-08-31,HPE,52.10820388793945,30315000,765.1499633789062
2026-08-31,VLO,358.9200134277344,3537300,765.1499633789062
2026-08-31,HPQ,29.731067657470703,19355600,765.1499633789062
2026-08-31,ACN,189.75999450683594,4194000,765.1499633789062
2026-08-31,CRM,257.08770751953125,22471500,765.1499633789062
2026-08-31,CTSH,64.58000183105469,8661300,765.1499633789062
2026-08-31,IT,198.11000061035156,997700,765.1499633789062
2026-08-31,ZBRA,353.54998779296875,517200,765.1499633789062
2026-08-31,CRWD,231.0,17823500,765.1499633789062
2026-08-31,RVTY,128.6699981689453,1631800,765.1499633789062
2026-08-31,NTAP,185.2899932861328,3066200,765.1499633789062
2026-08-31,MSFT,507.2900085449219,27208900,765.1499633789062
2026-08-31,IQV,261.19000244140625,1303900,765.1499633789062
2026-08-31,TMO,616.6273193359375,1429100,765.1499633789062
2026-08-31,APA,43.150001525878906,4251500,765.1499633789062
2026-08-31,SWKS,67.01000213623047,20028700,765.1499633789062
2026-08-31,A,153.55999755859375,2765700,765.1499633789062
2026-08-31,CRL,288.239990234375,1086200,765.1499633789062
2026-08-31,DELL,456.010009765625,7686500,765.1499633789062
2026-08-31,NOW,147.99000549316406,26013700,765.1499633789062
2026-08-31,DXCM,91.05999755859375,2999300,765.1499633789062
2026-08-31,CVX,206.13999938964844,12067400,765.1499633789062
2026-08-31,NEM,125.79812622070312,16671300,765.1499633789062
2026-08-31,ANET,195.69000244140625,5021700,765.1499633789062
2026-08-31,COP,132.49000549316406,8844800,765.1499633789062
2026-08-31,PFE,28.459999084472656,45930300,765.1499633789062
2026-08-31,REGN,799.0800170898438,894100,765.1499633789062
2026-08-31,LITE,914.760009765625,3206500,765.1499633789062
2026-08-31,TGT,160.8800048828125,3911400,765.1499633789062
2026-08-31,GRMN,283.0140380859375,1323900,765.1499633789062
2026-08-31,T,25.889999389648438,37385800,765.1499633789062
2026-08-31,ICE,160.1674041748047,4121700,765.1499633789062
2026-08-31,XOM,160.9499969482422,18363400,765.1499633789062
2026-08-31,ULTA,537.0999755859375,1104000,765.1499633789062
2026-08-31,PYPL,52.53523635864258,19870200,765.1499633789062
2026-08-31,GILD,145.5203857421875,6594700,765.1499633789062
2026-08-31,LDOS,139.75611877441406,1422600,765.1499633789062
2026-08-31,META,571.888671875,13383800,765.1499633789062
2026-08-31,BDX,187.00717163085938,2629600,765.1499633789062
2026-08-31,AMGN,429.8800048828125,2339500,765.1499633789062
2026-08-31,PTC,155.74000549316406,1418600,765.1499633789062
2026-08-31,COIN,188.1199951171875,10710600,765.1499633789062
2026-08-31,FOX,59.924156188964844,1871500,765.1499633789062
2026-08-31,MRK,146.89291381835938,11124700,765.1499633789062
2026-08-31,FOXA,67.05375671386719,6165600,765.1499633789062
2026-08-31,WAT,414.6300048828125,679200,765.1499633789062
2026-08-31,MTD,1405.1400146484375,221200,765.1499633789062
2026-08-31,FCX,75.73999786376953,14023200,765.1499633789062
2026-08-31,OXY,59.90511703491211,8916600,765.1499633789062
2026-08-31,UHS,170.1300048828125,756600,765.1499633789062
2026-08-31,NVDA,220.53323364257812,124702700,765.1499633789062
2026-08-31,BBY,79.3177261352539,5780900,765.1499633789062
2026-08-31,WBD,28.530000686645508,25384600,765.1499633789062
2026-08-31,DVN,48.19784927368164,12617800,765.1499633789062
2026-08-31,BR,181.26356506347656,1126000,765.1499633789062
2026-08-31,DHR,213.18218994140625,3608400,765.1499633789062
2026-08-31,CPAY,404.29998779296875,420200,765.1499633789062
2026-08-31,CME,284.166015625,3293700,765.1499633789062
2026-08-31,ADBE,292.7900085449219,5207600,765.1499633789062
2026-08-31,AAPL,316.8500061035156,41242700,765.1499633789062
2026-08-31,IVZ,32.779998779296875,4394700,765.1499633789062
2026-08-31,AMD,470.7200012207031,12463000,765.1499633789062
2026-08-31,EL,102.30000305175781,4134500,765.1499633789062
2026-08-31,PANW,382.1300048828125,8797000,765.1499633789062
2026-08-31,SOLV,91.05999755859375,926400,765.1499633789062
2026-08-31,FTNT,170.92999267578125,6596900,765.1499633789062
2026-08-31,CTAS,201.7899932861328,1726500,765.1499633789062
2026-08-31,BMY,66.80999755859375,12681800,765.1499633789062
2026-08-31,NDAQ,98.27776336669922,3599200,765.1499633789062
2026-08-31,EMR,152.44000244140625,2285400,765.1499633789062
2026-08-31,NWSA,30.607013702392578,5091800,765.1499633789062
2026-08-31,CBOE,300.20001220703125,2110100,765.1499633789062
2026-08-31,MCK,884.3800048828125,1382700,765.1499633789062
2026-08-31,NDSN,320.7567138671875,435000,765.1499633789062
2026-08-31,VZ,50.02000045776367,21403000,765.1499633789062
2026-08-31,BAX,26.0,3991300,765.1499633789062
2026-08-31,EXPD,189.64999389648438,1289200,765.1499633789062
2026-08-31,VRSN,288.2799987792969,798900,765.1499633789062
2026-08-31,LYB,65.08000183105469,4146600,765.1499633789062
2026-08-31,ROST,228.09913635253906,2478300,765.1499633789062
2026-08-31,FDS,313.54998779296875,1078900,765.1499633789062
2026-08-31,VTRS,16.510000228881836,12669000,765.1499633789062
2026-08-31,ALLE,154.7004852294922,7471000,765.1499633789062
2026-08-31,RMD,240.10000610351562,1722100,765.1499633789062
2026-08-31,ADP,284.34027099609375,1569200,765.1499633789062
2026-09-01,MRNA,154.27000427246094,25831700,759.89306640625
2026-09-01,P,93.77999877929688,2692800,759.89306640625
2026-09-01,VEEV,279.2300109863281,1218900,759.89306640625
2026-09-01,MPC,383.0,2376700,759.89306640625
2026-09-01,ILMN,207.1300048828125,1500800,759.89306640625
2026-09-01,PLTR,179.9199981689453,24567200,759.89306640625
2026-09-01,SMCI,36.709999084472656,26862900,759.89306640625
2026-09-01,PSX,252.02000427246094,3097400,759.89306640625
2026-09-01,WDAY,198.3800048828125,3642700,759.89306640625
2026-09-01,HPE,50.74165725708008,19454900,759.89306640625
2026-09-01,VLO,361.989990234375,2733600,759.89306640625
2026-09-01,HPQ,31.0185546875,14872800,759.89306640625
2026-09-01,ACN,188.08999633789062,3409500,759.89306640625
2026-09-01,CRM,257.6567077636719,15897500,759.89306640625
2026-09-01,CTSH,63.38999938964844,4106100,759.89306640625
2026-09-01,IT,189.92999267578125,772300,759.89306640625
2026-09-01,ZBRA,343.70001220703125,664100,759.89306640625
2026-09-01,CRWD,215.07000732421875,13740700,759.89306640625
2026-09-01,RVTY,126.58999633789062,3056600,759.89306640625
2026-09-01,NTAP,183.16000366210938,2358900,759.89306640625
2026-09-01,MSFT,501.0199890136719,21046900,759.89306640625
2026-09-01,IQV,258.3500061035156,1240000,759.89306640625
2026-09-01,TMO,600.0400390625,1385000,759.89306640625
2026-09-01,APA,44.29999923706055,4813200,759.89306640625
2026-09-01,SWKS,67.41000366210938,5311700,759.89306640625
2026-09-01,A,149.92999267578125,2715500,759.89306640625
2026-09-01,CRL,282.3399963378906,705700,759.89306640625
2026-09-01,DELL,425.0,15948000,759.89306640625
2026-09-01,NOW,142.89999389648438,16926100,759.89306640625
2026-09-01,DXCM,90.13999938964844,2151600,759.89306640625
2026-09-01,CVX,211.0500030517578,8551500,759.89306640625
2026-09-01,NEM,122.37525177001953,8016700,759.89306640625
2026-09-01,ANET,189.25999450683594,4369200,759.89306640625
2026-09-01,COP,136.19000244140625,6414000,759.89306640625
2026-09-01,PFE,28.549999237060547,42493400,759.89306640625
2026-09-01,REGN,823.8200073242188,682600,759.89306640625
2026-09-01,LITE,868.9500122070312,3834300,759.89306640625
2026-09-01,TGT,163.75,3982800,759.89306640625
2026-09-01,GRMN,274.1085510253906,782200,759.89306640625
2026-09-01,T,26.0,32807800,759.89306640625
2026-09-01,ICE,159.07106018066406,2696900,759.89306640625
2026-09-01,XOM,164.5500030517578,11381800,759.89306640625
2026-09-01,ULTA,545.6599731445312,828400,759.89306640625
2026-09-01,PYPL,52.27089309692383,10187200,759.89306640625
2026-09-01,GILD,149.08033752441406,4868100,759.89306640625
2026-09-01,LDOS,138.72943115234375,1198900,759.89306640625
2026-09-01,META,578.083740234375,15796900,759.89306640625
2026-09-01,BDX,186.02297973632812,1279700,759.89306640625
2026-09-01,AMGN,438.1199951171875,2358200,759.89306640625
2026-09-01,PTC,152.80999755859375,696500,759.89306640625
2026-09-01,COIN,176.82000732421875,8429200,759.89306640625
2026-09-01,FOX,58.7400016784668,1228400,759.89306640625
2026-09-01,MRK,148.98060607910156,9865600,759.89306640625
2026-09-01,FOXA,65.63999938964844,4929700,759.89306640625
2026-09-01,WAT,405.8399963378906,517200,759.89306640625
2026-09-01,MTD,1375.9599609375,168500,759.89306640625
2026-09-01,FCX,72.47000122070312,12799500,759.89306640625
2026-09-01,OXY,60.671600341796875,7241800,759.89306640625
2026-09-01,UHS,170.75,522700,759.89306640625
2026-09-01,NVDA,217.1969757080078,109756200,759.89306640625
2026-09-01,BBY,81.77197265625,4614800,759.89306640625
2026-09-01,WBD,28.31999969482422,14728000,759.89306640625
2026-09-01,DVN,48.734375,10284400,759.89306640625
2026-09-01,BR,179.28573608398438,1141100,759.89306640625
2026-09-01,DHR,206.5639190673828,3149200,759.89306640625
2026-09-01,CPAY,404.80999755859375,474400,759.89306640625
2026-09-01,CME,285.1116027832031,1664500,759.89306640625
2026-09-01,ADBE,286.0799865722656,4449300,759.89306640625
2026-09-01,AAPL,325.1300048828125,53167400,759.89306640625
2026-09-01,IVZ,31.989999771118164,4820500,759.89306640625
2026-09-01,AMD,459.6099853515625,16212800,759.89306640625
2026-09-01,EL,100.0,2910300,759.89306640625
2026-09-01,PANW,362.0899963378906,9282700,759.89306640625
2026-09-01,SOLV,90.94999694824219,1112700,759.89306640625
2026-09-01,FTNT,161.85000610351562,5492000,759.89306640625
2026-09-01,CTAS,200.58999633789062,1522600,759.89306640625
2026-09-01,BMY,66.91999816894531,6933300,759.89306640625
2026-09-01,NDAQ,97.21136474609375,3275500,759.89306640625
2026-09-01,EMR,147.6300048828125,2700400,759.89306640625
2026-09-01,NWSA,30.52728271484375,3413900,759.89306640625
2026-09-01,CBOE,307.6199951171875,744100,759.89306640625
2026-09-01,MCK,906.77001953125,788000,759.89306640625
2026-09-01,NDSN,313.4586181640625,390600,759.89306640625
2026-09-01,VZ,50.29999923706055,20187700,759.89306640625
2026-09-01,BAX,25.479999542236328,5275100,759.89306640625
2026-09-01,EXPD,187.6999969482422,797400,759.89306640625
2026-09-01,VRSN,288.3699951171875,736600,759.89306640625
2026-09-01,LYB,65.16999816894531,3052300,759.89306640625
2026-09-01,ROST,228.7978057861328,2152300,759.89306640625
2026-09-01,FDS,305.44000244140625,952000,759.89306640625
2026-09-01,VTRS,16.6299991607666,6527500,759.89306640625
2026-09-01,ALLE,151.2826385498047,1146000,759.89306640625
2026-09-01,RMD,231.36000061035156,987000,759.89306640625
2026-09-01,ADP,281.6872253417969,1782000,759.89306640625
2026-09-02,MRNA,150.80999755859375,16563200,763.2646484375
2026-09-02,P,92.43000030517578,2591400,763.2646484375
2026-09-02,VEEV,280.7200012207031,1490300,763.2646484375
2026-09-02,MPC,387.0,2398000,763.2646484375
2026-09-02,ILMN,213.25,1771400,763.2646484375
2026-09-02,PLTR,169.4600067138672,39874000,763.2646484375
2026-09-02,SMCI,37.0,33258800,763.2646484375
2026-09-02,PSX,256.0899963378906,2887400,763.2646484375
2026-09-02,WDAY,200.8699951171875,2779200,763.2646484375
2026-09-02,HPE,51.69923782348633,60701300,763.2646484375
2026-09-02,VLO,366.0899963378906,2848600,763.2646484375
2026-09-02,HPQ,31.682106018066406,15201500,763.2646484375
2026-09-02,ACN,187.67999267578125,2876300,763.2646484375
2026-09-02,CRM,256.478759765625,14393700,763.2646484375
2026-09-02,CTSH,63.400001525878906,5852000,763.2646484375
2026-09-02,IT,186.75,690700,763.2646484375
2026-09-02,ZBRA,351.1099853515625,517200,763.2646484375
2026-09-02,CRWD,203.4199981689453,12386000,763.2646484375
2026-09-02,RVTY,130.94000244140625,2101500,763.2646484375
2026-09-02,NTAP,180.77000427246094,3973500,763.2646484375
2026-09-02,MSFT,496.82000732421875,15336100,763.2646484375
2026-09-02,IQV,263.8399963378906,1127700,763.2646484375
2026-09-02,TMO,608.0739135742188,1617000,763.2646484375
2026-09-02,APA,44.70000076293945,4267800,763.2646484375
2026-09-02,SWKS,71.66999816894531,7516900,763.2646484375
2026-09-02,A,151.38999938964844,3130600,763.2646484375
2026-09-02,CRL,291.760009765625,606500,763.2646484375
2026-09-02,DELL,492.20001220703125,36720200,763.2646484375
2026-09-02,NOW,136.72000122070312,14617700,763.2646484375
2026-09-02,DXCM,89.69000244140625,1918200,763.2646484375
2026-09-02,CVX,211.77999877929688,7595300,763.2646484375
2026-09-02,NEM,124.9000015258789,6341800,763.2646484375
2026-09-02,ANET,186.10000610351562,4363800,763.2646484375
2026-09-02,COP,137.1999969482422,6019800,763.2646484375
2026-09-02,PFE,29.020000457763672,39277900,763.2646484375
2026-09-02,REGN,852.030029296875,749400,763.2646484375
2026-09-02,LITE,870.5800170898438,2791300,763.2646484375
2026-09-02,TGT,163.36000061035156,2804600,763.2646484375
2026-09-02,GRMN,274.9751892089844,972300,763.2646484375
2026-09-02,T,25.950000762939453,33805800,763.2646484375
2026-09-02,ICE,157.3268585205078,3192900,763.2646484375
2026-09-02,XOM,164.14999389648438,11287000,763.2646484375
2026-09-02,ULTA,551.739990234375,597200,763.2646484375
2026-09-02,PYPL,54.53529357910156,15056400,763.2646484375
2026-09-02,GILD,148.77207946777344,4923200,763.2646484375
2026-09-02,LDOS,133.346923828125,1022100,763.2646484375
2026-09-02,META,592.3824462890625,16552700,763.2646484375
2026-09-02,BDX,186.42063903808594,1474500,763.2646484375
2026-09-02,AMGN,442.8399963378906,2285500,763.2646484375
2026-09-02,PTC,149.1300048828125,1229400,763.2646484375
2026-09-02,COIN,174.9600067138672,5264100,763.2646484375
2026-09-02,FOX,60.27000045776367,1390700,763.2646484375
2026-09-02,MRK,150.75015258789062,8969200,763.2646484375
2026-09-02,FOXA,67.5199966430664,4715200,763.2646484375
2026-09-02,WAT,412.20001220703125,621500,763.2646484375
2026-09-02,MTD,1367.739990234375,179000,763.2646484375
2026-09-02,FCX,73.93000030517578,11960300,763.2646484375
2026-09-02,OXY,60.63178253173828,5280500,763.2646484375
2026-09-02,UHS,167.49000549316406,808900,763.2646484375
2026-09-02,NVDA,224.1591796875,157104700,763.2646484375
2026-09-02,BBY,86.09659576416016,7453200,763.2646484375
2026-09-02,WBD,28.389999389648438,21713000,763.2646484375
2026-09-02,DVN,48.71450424194336,8496300,763.2646484375
2026-09-02,BR,176.97000122070312,1003600,763.2646484375
2026-09-02,DHR,209.53866577148438,2951000,763.2646484375
2026-09-02,CPAY,416.3999938964844,494500,763.2646484375
2026-09-02,CME,276.4721374511719,2466200,763.2646484375
2026-09-02,ADBE,279.7900085449219,3855000,763.2646484375
2026-09-02,AAPL,324.9599914550781,33776400,763.2646484375
2026-09-02,IVZ,31.719999313354492,3021400,763.2646484375
2026-09-02,AMD,457.05999755859375,11938800,763.2646484375
2026-09-02,EL,101.1500015258789,3500800,763.2646484375
2026-09-02,PANW,328.4800109863281,13214800,763.2646484375
2026-09-02,SOLV,91.9000015258789,826100,763.2646484375
2026-09-02,FTNT,154.5399932861328,5173700,763.2646484375
2026-09-02,CTAS,198.08999633789062,2173200,763.2646484375
2026-09-02,BMY,67.66000366210938,7823700,763.2646484375
2026-09-02,NDAQ,95.39749908447266,4658700,763.2646484375
2026-09-02,EMR,148.97999572753906,2885700,763.2646484375
2026-09-02,NWSA,30.547216415405273,3704600,763.2646484375
2026-09-02,CBOE,294.1199951171875,1182100,763.2646484375
2026-09-02,MCK,924.780029296875,856600,763.2646484375
2026-09-02,NDSN,315.68194580078125,322300,763.2646484375
2026-09-02,VZ,50.220001220703125,18674600,763.2646484375
2026-09-02,BAX,25.700000762939453,4167800,763.2646484375
2026-09-02,EXPD,186.16000366210938,719300,763.2646484375
2026-09-02,VRSN,289.9599914550781,766900,763.2646484375
2026-09-02,LYB,66.56999969482422,3052500,763.2646484375
2026-09-02,ROST,230.40469360351562,2287900,763.2646484375
2026-09-02,FDS,306.07000732421875,524100,763.2646484375
2026-09-02,VTRS,17.09000015258789,7833200,763.2646484375
2026-09-02,ALLE,154.52113342285156,1204900,763.2646484375
2026-09-02,RMD,230.8699951171875,1156200,763.2646484375
2026-09-02,ADP,279.3720703125,1829200,763.2646484375
2026-09-03,MRNA,148.8699951171875,13290400,771.2548217773438
2026-09-03,P,98.1500015258789,2666700,771.2548217773438
2026-09-03,VEEV,284.3800048828125,1505300,771.2548217773438
2026-09-03,MPC,387.7099914550781,2135500,771.2548217773438
2026-09-03,ILMN,221.66000366210938,1715200,771.2548217773438
2026-09-03,PLTR,182.52999877929688,38108000,771.2548217773438
2026-09-03,SMCI,37.869998931884766,34436400,771.2548217773438
2026-09-03,PSX,254.66000366210938,2717700,771.2548217773438
2026-09-03,WDAY,206.9199981689453,2981900,771.2548217773438
2026-09-03,HPE,54.302650451660156,72139300,771.2548217773438
2026-09-03,VLO,370.69000244140625,2525800,771.2548217773438
2026-09-03,HPQ,31.622684478759766,13804600,771.2548217773438
2026-09-03,ACN,193.1199951171875,5420300,771.2548217773438
2026-09-03,CRM,263.9656066894531,16028300,771.2548217773438
2026-09-03,CTSH,64.63999938964844,4456700,771.2548217773438
2026-09-03,IT,195.4600067138672,1026500,771.2548217773438
2026-09-03,ZBRA,357.5,416400,771.2548217773438
2026-09-03,CRWD,214.97000122070312,12070100,771.2548217773438
2026-09-03,RVTY,130.6300048828125,1817100,771.2548217773438
2026-09-03,NTAP,185.3800048828125,6230300,771.2548217773438
2026-09-03,MSFT,510.1199951171875,24125900,771.2548217773438
2026-09-03,IQV,271.6199951171875,2012500,771.2548217773438
2026-09-03,TMO,617.956298828125,1804900,771.2548217773438
2026-09-03,APA,44.18000030517578,3618700,771.2548217773438
2026-09-03,SWKS,71.5,4022500,771.2548217773438
2026-09-03,A,149.97999572753906,2255800,771.2548217773438
2026-09-03,CRL,293.3500061035156,646300,771.2548217773438
2026-09-03,DELL,516.3900146484375,20328000,771.2548217773438
2026-09-03,NOW,145.58999633789062,18172800,771.2548217773438
2026-09-03,DXCM,89.70999908447266,1677900,771.2548217773438
2026-09-03,CVX,211.32000732421875,6668200,771.2548217773438
2026-09-03,NEM,130.42999267578125,7738500,771.2548217773438
2026-09-03,ANET,191.44000244140625,4108500,771.2548217773438
2026-09-03,COP,135.72000122070312,4985200,771.2548217773438
2026-09-03,PFE,28.809999465942383,26724300,771.2548217773438
2026-09-03,REGN,843.469970703125,496200,771.2548217773438
2026-09-03,LITE,847.3699951171875,3301500,771.2548217773438
2026-09-03,TGT,164.00999450683594,1986800,771.2548217773438
2026-09-03,GRMN,276.11077880859375,697600,771.2548217773438
2026-09-03,T,26.190000534057617,32839800,771.2548217773438
2026-09-03,ICE,164.0445098876953,4676900,771.2548217773438
2026-09-03,XOM,162.2100067138672,13755100,771.2548217773438
2026-09-03,ULTA,557.1099853515625,665200,771.2548217773438
2026-09-03,PYPL,56.68000030517578,15209400,771.2548217773438
2026-09-03,GILD,150.37306213378906,4497700,771.2548217773438
2026-09-03,LDOS,131.9315185546875,1320500,771.2548217773438
2026-09-03,META,610.1984252929688,19737100,771.2548217773438
2026-09-03,BDX,186.52005004882812,1206500,771.2548217773438
2026-09-03,AMGN,444.1199951171875,1842300,771.2548217773438
2026-09-03,PTC,150.0800018310547,1249600,771.2548217773438
2026-09-03,COIN,192.6999969482422,13741500,771.2548217773438
2026-09-03,FOX,60.470001220703125,988700,771.2548217773438
2026-09-03,MRK,151.446044921875,6498300,771.2548217773438
2026-09-03,FOXA,67.70999908447266,3936800,771.2548217773438
2026-09-03,WAT,413.55999755859375,438300,771.2548217773438
2026-09-03,MTD,1356.22998046875,168300,771.2548217773438
2026-09-03,FCX,72.55999755859375,11280200,771.2548217773438
2026-09-03,OXY,60.333152770996094,5776800,771.2548217773438
2026-09-03,UHS,169.2100067138672,483700,771.2548217773438
2026-09-03,NVDA,228.1946563720703,134681600,771.2548217773438
2026-09-03,BBY,86.58150482177734,3363700,771.2548217773438
2026-09-03,WBD,28.3700008392334,14296000,771.2548217773438
2026-09-03,DVN,48.476051330566406,11100500,771.2548217773438
2026-09-03,BR,178.91000366210938,754100,771.2548217773438
2026-09-03,DHR,210.65667724609375,2424200,771.2548217773438
2026-09-03,CPAY,419.67999267578125,453700,771.2548217773438
2026-09-03,CME,280.7321472167969,1739900,771.2548217773438
2026-09-03,ADBE,285.75,3538800,771.2548217773438
2026-09-03,AAPL,328.2099914550781,37225800,771.2548217773438
2026-09-03,IVZ,32.709999084472656,3470200,771.2548217773438
2026-09-03,AMD,456.1600036621094,14868100,771.2548217773438
2026-09-03,EL,100.86000061035156,2127400,771.2548217773438
2026-09-03,PANW,331.94000244140625,6903200,771.2548217773438
2026-09-03,SOLV,92.44000244140625,784300,771.2548217773438
2026-09-03,FTNT,156.36000061035156,3123000,771.2548217773438
2026-09-03,CTAS,201.0500030517578,1210500,771.2548217773438
2026-09-03,BMY,68.08999633789062,6224000,771.2548217773438
2026-09-03,NDAQ,98.37742614746094,1933500,771.2548217773438
2026-09-03,EMR,150.2100067138672,1596400,771.2548217773438
2026-09-03,NWSA,30.846210479736328,3809600,771.2548217773438
2026-09-03,CBOE,298.5,1132700,771.2548217773438
2026-09-03,MCK,921.3800048828125,816800,771.2548217773438
2026-09-03,NDSN,316.53936767578125,213300,771.2548217773438
2026-09-03,VZ,50.59000015258789,17998500,771.2548217773438
2026-09-03,BAX,25.56999969482422,4698400,771.2548217773438
2026-09-03,EXPD,187.1300048828125,789900,771.2548217773438
2026-09-03,VRSN,293.3500061035156,560400,771.2548217773438
2026-09-03,LYB,64.76000213623047,2073100,771.2548217773438
2026-09-03,ROST,231.22311401367188,1504600,771.2548217773438
2026-09-03,FDS,312.9599914550781,637600,771.2548217773438
2026-09-03,VTRS,16.940000534057617,8032000,771.2548217773438
2026-09-03,ALLE,155.0093994140625,1022200,771.2548217773438
2026-09-03,RMD,229.19000244140625,1483400,771.2548217773438
2026-09-03,ADP,281.72698974609375,2346500,771.2548217773438
2026-09-04,MRNA,145.5500030517578,14966500,768.2822265625
2026-09-04,P,99.51000213623047,2151100,768.2822265625
2026-09-04,VEEV,275.0899963378906,1152100,768.2822265625
2026-09-04,MPC,388.8999938964844,1874700,768.2822265625
2026-09-04,ILMN,218.22000122070312,1748200,768.2822265625
2026-09-04,PLTR,174.3300018310547,27963000,768.2822265625
2026-09-04,SMCI,39.59000015258789,53633200,768.2822265625
2026-09-04,PSX,255.08999633789062,2285000,768.2822265625
2026-09-04,WDAY,195.7899932861328,2864300,768.2822265625
2026-09-04,HPE,51.868804931640625,30210400,768.2822265625
2026-09-04,VLO,370.7200012207031,2849000,768.2822265625
2026-09-04,HPQ,32.32585144042969,13302000,768.2822265625
2026-09-04,ACN,186.72000122070312,5103400,768.2822265625
2026-09-04,CRM,258.7747497558594,10490600,768.2822265625
2026-09-04,CTSH,62.310001373291016,4473100,768.2822265625
2026-09-04,IT,186.4199981689453,839500,768.2822265625
2026-09-04,ZBRA,362.739990234375,401400,768.2822265625
2026-09-04,CRWD,213.10000610351562,8422800,768.2822265625
2026-09-04,RVTY,130.22000122070312,1175200,768.2822265625
2026-09-04,NTAP,185.58999633789062,2247400,768.2822265625
2026-09-04,MSFT,499.70001220703125,18101800,768.2822265625
2026-09-04,IQV,267.7699890136719,1197800,768.2822265625
2026-09-04,TMO,613.3099365234375,1228900,768.2822265625
2026-09-04,APA,42.77000045776367,4224600,768.2822265625
2026-09-04,SWKS,74.0199966430664,4805300,768.2822265625
2026-09-04,A,150.86000061035156,1825400,768.2822265625
2026-09-04,CRL,288.5,738900,768.2822265625
2026-09-04,DELL,524.1400146484375,11118700,768.2822265625
2026-09-04,NOW,141.25999450683594,12505100,768.2822265625
2026-09-04,DXCM,87.9000015258789,2361500,768.2822265625
2026-09-04,CVX,208.60000610351562,5458400,768.2822265625
2026-09-04,NEM,128.08999633789062,5745900,768.2822265625
2026-09-04,ANET,193.77999877929688,4204100,768.2822265625
2026-09-04,COP,134.25999450683594,5496100,768.2822265625
2026-09-04,PFE,28.450000762939453,23782900,768.2822265625
2026-09-04,REGN,827.719970703125,561100,768.2822265625
2026-09-04,LITE,881.2550048828125,3558500,768.2822265625
2026-09-04,TGT,164.44000244140625,2865600,768.2822265625
2026-09-04,GRMN,275.96136474609375,733500,768.2822265625
2026-09-04,T,25.68000030517578,26146000,768.2822265625
2026-09-04,ICE,160.7255401611328,3184100,768.2822265625
2026-09-04,XOM,159.47000122070312,16206400,768.2822265625
2026-09-04,ULTA,564.1199951171875,515800,768.2822265625
2026-09-04,PYPL,54.959999084472656,13039200,768.2822265625
2026-09-04,GILD,150.154296875,6181300,768.2822265625
2026-09-04,LDOS,132.61929321289062,1078700,768.2822265625
2026-09-04,META,616.2836303710938,15966200,768.2822265625
2026-09-04,BDX,183.6569366455078,1439100,768.2822265625
2026-09-04,AMGN,437.2300109863281,1648800,768.2822265625
2026-09-04,PTC,141.02000427246094,2119700,768.2822265625
2026-09-04,COIN,184.63999938964844,8177700,768.2822265625
2026-09-04,FOX,58.41999816894531,1039600,768.2822265625
2026-09-04,MRK,149.44784545898438,4395400,768.2822265625
2026-09-04,FOXA,65.41999816894531,4823000,768.2822265625
2026-09-04,WAT,409.3800048828125,352100,768.2822265625
2026-09-04,MTD,1345.260009765625,103000,768.2822265625
2026-09-04,FCX,72.7300033569336,7265300,768.2822265625
2026-09-04,OXY,59.7657585144043,6886300,768.2822265625
2026-09-04,UHS,169.64999389648438,428900,768.2822265625
2026-09-04,NVDA,230.10252380371094,135352400,768.2822265625
2026-09-04,BBY,89.33263397216797,3954700,768.2822265625
2026-09-04,WBD,28.25,11491400,768.2822265625
2026-09-04,DVN,47.75074768066406,8853200,768.2822265625
2026-09-04,BR,172.8800048828125,1250400,768.2822265625
2026-09-04,DHR,207.29263305664062,2898100,768.2822265625
2026-09-04,CPAY,416.3699951171875,329600,768.2822265625
2026-09-04,CME,279.9757080078125,1647900,768.2822265625
2026-09-04,ADBE,266.510009765625,6637100,768.2822265625
2026-09-04,AAPL,319.9700012207031,39606900,768.2822265625
2026-09-04,IVZ,33.06999969482422,2860600,768.2822265625
2026-09-04,AMD,477.57000732421875,19678700,768.2822265625
2026-09-04,EL,103.86000061035156,4712900,768.2822265625
2026-09-04,PANW,333.260009765625,5636200,768.2822265625
2026-09-04,SOLV,91.69000244140625,576300,768.2822265625
2026-09-04,FTNT,156.2899932861328,3060100,768.2822265625
2026-09-04,CTAS,200.47000122070312,1320800,768.2822265625
2026-09-04,BMY,66.81999969482422,4825300,768.2822265625
2026-09-04,NDAQ,96.5535888671875,2237000,768.2822265625
2026-09-04,EMR,152.82000732421875,2036700,768.2822265625
2026-09-04,NWSA,30.288087844848633,4012900,768.2822265625
2026-09-04,CBOE,298.3800048828125,779800,768.2822265625
2026-09-04,MCK,907.989990234375,879200,768.2822265625
2026-09-04,NDSN,317.4067687988281,428900,768.2822265625
2026-09-04,VZ,50.13999938964844,13418500,768.2822265625
2026-09-04,BAX,25.829999923706055,3415000,768.2822265625
2026-09-04,EXPD,188.8000030517578,505200,768.2822265625
2026-09-04,VRSN,292.0799865722656,494500,768.2822265625
2026-09-04,LYB,63.52000045776367,2589900,768.2822265625
2026-09-04,ROST,230.24501037597656,1381600,768.2822265625
2026-09-04,FDS,301.9599914550781,633300,768.2822265625
2026-09-04,VTRS,16.8799991607666,5732600,768.2822265625
2026-09-04,ALLE,156.56387329101562,746300,768.2822265625
2026-09-04,RMD,228.35000610351562,843800,768.2822265625
2026-09-04,ADP,275.85455322265625,2209200,768.2822265625
2026-09-08,MRNA,140.3300018310547,10308600,764.0626831054688
2026-09-08,P,101.13999938964844,3484300,764.0626831054688
2026-09-08,VEEV,264.8399963378906,1467800,764.0626831054688
2026-09-08,MPC,397.7699890136719,1844500,764.0626831054688
2026-09-08,ILMN,211.05999755859375,1819700,764.0626831054688
2026-09-08,PLTR,170.3000030517578,24582300,764.0626831054688
2026-09-08,SMCI,40.2599983215332,42400700,764.0626831054688
2026-09-08,PSX,259.1400146484375,2509600,764.0626831054688
2026-09-08,WDAY,186.27999877929688,2836100,764.0626831054688
2026-09-08,HPE,55.88863754272461,27635500,764.0626831054688
2026-09-08,VLO,382.8500061035156,2738200,764.0626831054688
2026-09-08,HPQ,30.869998931884766,15676000,764.0626831054688
2026-09-08,ACN,179.02999877929688,6099500,764.0626831054688
2026-09-08,CRM,248.6824951171875,17482700,764.0626831054688
2026-09-08,CTSH,59.91999816894531,5939700,764.0626831054688
2026-09-08,IT,172.58999633789062,1457900,764.0626831054688
2026-09-08,ZBRA,352.5400085449219,569400,764.0626831054688
2026-09-08,CRWD,210.02000427246094,8026600,764.0626831054688
2026-09-08,RVTY,127.08000183105469,1496200,764.0626831054688
2026-09-08,NTAP,189.1300048828125,2502900,764.0626831054688
2026-09-08,MSFT,493.95001220703125,18882300,764.0626831054688
2026-09-08,IQV,259.2099914550781,1381300,764.0626831054688
2026-09-08,TMO,602.5581665039062,2695300,764.0626831054688
2026-09-08,APA,43.54999923706055,4372600,764.0626831054688
2026-09-08,SWKS,75.37999725341797,6839400,764.0626831054688
2026-09-08,A,146.85000610351562,1603200,764.0626831054688
2026-09-08,CRL,280.760009765625,729100,764.0626831054688
2026-09-08,DELL,533.8800048828125,6662500,764.0626831054688
2026-09-08,NOW,134.2100067138672,14614100,764.0626831054688
2026-09-08,DXCM,84.52999877929688,8224100,764.0626831054688
2026-09-08,CVX,209.8000030517578,7703900,764.0626831054688
2026-09-08,NEM,127.08999633789062,9015100,764.0626831054688
2026-09-08,ANET,194.9600067138672,4741600,764.0626831054688
2026-09-08,COP,135.0399932861328,5175600,764.0626831054688
2026-09-08,PFE,27.790000915527344,31772900,764.0626831054688
2026-09-08,REGN,810.3099975585938,556500,764.0626831054688
2026-09-08,LITE,978.5349731445312,7390800,764.0626831054688
2026-09-08,TGT,162.7100067138672,2659600,764.0626831054688
2026-09-08,GRMN,274.6165771484375,710700,764.0626831054688
2026-09-08,T,25.600000381469727,39871800,764.0626831054688
2026-09-08,ICE,157.23715209960938,5726000,764.0626831054688
2026-09-08,XOM,160.66000366210938,12607700,764.0626831054688
2026-09-08,ULTA,549.22998046875,629800,764.0626831054688
2026-09-08,PYPL,53.18000030517578,9717100,764.0626831054688
2026-09-08,GILD,145.81871032714844,6080100,764.0626831054688
2026-09-08,LDOS,128.82162475585938,1594900,764.0626831054688
2026-09-08,META,612.9962158203125,18909700,764.0626831054688
2026-09-08,BDX,178.0500030517578,1804100,764.0626831054688
2026-09-08,AMGN,393.1700134277344,6825100,764.0626831054688
2026-09-08,PTC,133.25999450683594,1949000,764.0626831054688
2026-09-08,COIN,178.94000244140625,6044600,764.0626831054688
2026-09-08,FOX,58.2400016784668,995000,764.0626831054688
2026-09-08,MRK,147.5888214111328,11187000,764.0626831054688
2026-09-08,FOXA,65.2300033569336,4034000,764.0626831054688
2026-09-08,WAT,402.9100036621094,419500,764.0626831054688
2026-09-08,MTD,1325.52001953125,151100,764.0626831054688
2026-09-08,FCX,76.62000274658203,16796100,764.0626831054688
2026-09-08,OXY,60.37297058105469,6434500,764.0626831054688
2026-09-08,UHS,171.88999938964844,807700,764.0626831054688
2026-09-08,NVDA,225.47769165039062,122965600,764.0626831054688
2026-09-08,BBY,88.40240478515625,3130400,764.0626831054688
2026-09-08,WBD,28.1200008392334,14135900,764.0626831054688
2026-09-08,DVN,48.08856201171875,10772400,764.0626831054688
2026-09-08,BR,168.6199951171875,1473000,764.0626831054688
2026-09-08,DHR,204.86692810058594,3276300,764.0626831054688
2026-09-08,CPAY,407.04998779296875,456600,764.0626831054688
2026-09-08,CME,276.92999267578125,1645400,764.0626831054688
2026-09-08,ADBE,257.260009765625,5484900,764.0626831054688
2026-09-08,AAPL,316.2200012207031,35477100,764.0626831054688
2026-09-08,IVZ,32.34000015258789,2405800,764.0626831054688
2026-09-08,AMD,505.739990234375,28166500,764.0626831054688
2026-09-08,EL,101.69000244140625,2717900,764.0626831054688
2026-09-08,PANW,336.9800109863281,6124100,764.0626831054688
2026-09-08,SOLV,90.11000061035156,1105200,764.0626831054688
2026-09-08,FTNT,157.47000122070312,3575300,764.0626831054688
2026-09-08,CTAS,200.5,1625300,764.0626831054688
2026-09-08,BMY,64.69000244140625,9522900,764.0626831054688
2026-09-08,NDAQ,94.71978759765625,2412800,764.0626831054688
2026-09-08,EMR,152.14999389648438,1930100,764.0626831054688
2026-09-08,NWSA,29.719999313354492,3820400,764.0626831054688
2026-09-08,CBOE,293.3299865722656,897200,764.0626831054688
2026-09-08,MCK,889.1199951171875,747800,764.0626831054688
2026-09-08,NDSN,315.8514404296875,279400,764.0626831054688
2026-09-08,VZ,50.40999984741211,16036300,764.0626831054688
2026-09-08,BAX,24.860000610351562,5908200,764.0626831054688
2026-09-08,EXPD,185.9600067138672,881000,764.0626831054688
2026-09-08,VRSN,282.20001220703125,1174100,764.0626831054688
2026-09-08,LYB,64.58999633789062,3267100,764.0626831054688
2026-09-08,ROST,229.30999755859375,2610600,764.0626831054688
2026-09-08,FDS,289.0,1788800,764.0626831054688
2026-09-08,VTRS,16.610000610351562,4394500,764.0626831054688
2026-09-08,ALLE,155.49766540527344,770000,764.0626831054688
2026-09-08,RMD,221.0500030517578,1959400,764.0626831054688
2026-09-08,ADP,266.2559814453125,1814100,764.0626831054688
2026-09-09,MRNA,135.61000061035156,8650500,760.5115356445312
2026-09-09,P,97.05999755859375,2570200,760.5115356445312
2026-09-09,VEEV,260.79998779296875,1076800,760.5115356445312
2026-09-09,MPC,399.44000244140625,1973400,760.5115356445312
2026-09-09,ILMN,205.0,1707400,760.5115356445312
2026-09-09,PLTR,169.52999877929688,20356800,760.5115356445312
2026-09-09,SMCI,38.93000030517578,31197000,760.5115356445312
2026-09-09,PSX,260.7799987792969,2181300,760.5115356445312
2026-09-09,WDAY,186.0500030517578,2325200,760.5115356445312
2026-09-09,HPE,58.751399993896484,30064600,760.5115356445312
2026-09-09,VLO,388.95001220703125,3207000,760.5115356445312
2026-09-09,HPQ,32.38999938964844,15436100,760.5115356445312
2026-09-09,ACN,175.8000030517578,3981100,760.5115356445312
2026-09-09,CRM,243.73121643066406,11853700,760.5115356445312
2026-09-09,CTSH,58.20000076293945,6273500,760.5115356445312
2026-09-09,IT,169.69000244140625,1295800,760.5115356445312
2026-09-09,ZBRA,344.8299865722656,419800,760.5115356445312
2026-09-09,CRWD,207.8000030517578,5877200,760.5115356445312
2026-09-09,RVTY,123.8499984741211,1882200,760.5115356445312
2026-09-09,NTAP,184.74000549316406,2037600,760.5115356445312
2026-09-09,MSFT,491.6499938964844,12889600,760.5115356445312
2026-09-09,IQV,256.9800109863281,1090300,760.5115356445312
2026-09-09,TMO,605.22607421875,1962400,760.5115356445312
2026-09-09,APA,44.84000015258789,4919200,760.5115356445312
2026-09-09,SWKS,76.54000091552734,4759400,760.5115356445312
2026-09-09,A,144.75,1854000,760.5115356445312
2026-09-09,CRL,278.3500061035156,789200,760.5115356445312
2026-09-09,DELL,535.25,7282300,760.5115356445312
2026-09-09,NOW,131.11000061035156,10674700,760.5115356445312
2026-09-09,DXCM,83.87999725341797,4177200,760.5115356445312
2026-09-09,CVX,213.80999755859375,8384700,760.5115356445312
2026-09-09,NEM,128.7100067138672,7578600,760.5115356445312
2026-09-09,ANET,192.92999267578125,3673900,760.5115356445312
2026-09-09,COP,136.52999877929688,5549700,760.5115356445312
2026-09-09,PFE,27.780000686645508,29128600,760.5115356445312
2026-09-09,REGN,807.6500244140625,621400,760.5115356445312
2026-09-09,LITE,988.97998046875,4539800,760.5115356445312
2026-09-09,TGT,157.52000427246094,3393400,760.5115356445312
2026-09-09,GRMN,271.13006591796875,603500,760.5115356445312
2026-09-09,T,25.149999618530273,51354000,760.5115356445312
2026-09-09,ICE,155.9813232421875,3006300,760.5115356445312
2026-09-09,XOM,164.22999572753906,13124000,760.5115356445312
2026-09-09,ULTA,541.8599853515625,489500,760.5115356445312
2026-09-09,PYPL,52.16999816894531,9528800,760.5115356445312
2026-09-09,GILD,144.83425903320312,4582500,760.5115356445312
2026-09-09,LDOS,127.72518157958984,1184000,760.5115356445312
2026-09-09,META,653.1744995117188,35900700,760.5115356445312
2026-09-09,BDX,179.8000030517578,1529000,760.5115356445312
2026-09-09,AMGN,391.2699890136719,2921400,760.5115356445312
2026-09-09,PTC,128.88999938964844,2399600,760.5115356445312
2026-09-09,COIN,174.72000122070312,5989000,760.5115356445312
2026-09-09,FOX,57.099998474121094,1144400,760.5115356445312
2026-09-09,MRK,146.66427612304688,8546000,760.5115356445312
2026-09-09,FOXA,63.86000061035156,7425500,760.5115356445312
2026-09-09,WAT,404.80999755859375,755200,760.5115356445312
2026-09-09,MTD,1290.3599853515625,193700,760.5115356445312
2026-09-09,FCX,76.2300033569336,10207400,760.5115356445312
2026-09-09,OXY,61.02000045776367,8981700,760.5115356445312
2026-09-09,UHS,175.77999877929688,891500,760.5115356445312
2026-09-09,NVDA,223.4199981689453,82955500,760.5115356445312
2026-09-09,BBY,87.11589813232422,3490500,760.5115356445312
2026-09-09,WBD,27.90999984741211,9909800,760.5115356445312
2026-09-09,DVN,48.664825439453125,9445600,760.5115356445312
2026-09-09,BR,168.10000610351562,1204100,760.5115356445312
2026-09-09,DHR,204.48760986328125,2773100,760.5115356445312
2026-09-09,CPAY,406.0899963378906,439100,760.5115356445312
2026-09-09,CME,274.70001220703125,1618400,760.5115356445312
2026-09-09,ADBE,254.86000061035156,4165500,760.5115356445312
2026-09-09,AAPL,315.3399963378906,65640000,760.5115356445312
2026-09-09,IVZ,32.09000015258789,2998600,760.5115356445312
2026-09-09,AMD,521.0999755859375,22152400,760.5115356445312
2026-09-09,EL,98.7699966430664,3279100,760.5115356445312
2026-09-09,PANW,335.1000061035156,4409600,760.5115356445312
2026-09-09,SOLV,90.02999877929688,803500,760.5115356445312
2026-09-09,FTNT,157.22000122070312,2822000,760.5115356445312
2026-09-09,CTAS,200.0399932861328,2301000,760.5115356445312
2026-09-09,BMY,64.41000366210938,6573400,760.5115356445312
2026-09-09,NDAQ,93.90255737304688,2471400,760.5115356445312
2026-09-09,EMR,150.33999633789062,2038100,760.5115356445312
2026-09-09,NWSA,29.610000610351562,3972900,760.5115356445312
2026-09-09,CBOE,291.8699951171875,1023700,760.5115356445312
2026-09-09,MCK,891.6799926757812,972400,760.5115356445312
2026-09-09,NDSN,313.0,306500,760.5115356445312
2026-09-09,VZ,49.7400016784668,22574700,760.5115356445312
2026-09-09,BAX,24.389999389648438,5299200,760.5115356445312
2026-09-09,EXPD,188.30999755859375,709300,760.5115356445312
2026-09-09,VRSN,286.94000244140625,743900,760.5115356445312
2026-09-09,LYB,64.51000213623047,2566200,760.5115356445312
2026-09-09,ROST,225.27000427246094,1822100,760.5115356445312
2026-09-09,FDS,279.1700134277344,785000,760.5115356445312
2026-09-09,VTRS,16.5,6510500,760.5115356445312
2026-09-09,ALLE,151.1929473876953,838300,760.5115356445312
2026-09-09,RMD,219.9499969482422,1200100,760.5115356445312
2026-09-09,ADP,263.5334167480469,1757300,760.5115356445312
2026-09-10,MRNA,136.6199951171875,7873500,755.9528198242188
2026-09-10,P,94.0999984741211,1961400,755.9528198242188
2026-09-10,VEEV,260.9800109863281,853300,755.9528198242188
2026-09-10,MPC,392.4200134277344,2567800,755.9528198242188
2026-09-10,ILMN,201.27000427246094,1294600,755.9528198242188
2026-09-10,PLTR,165.86000061035156,21330700,755.9528198242188
2026-09-10,SMCI,37.380001068115234,26771400,755.9528198242188
2026-09-10,PSX,258.510009765625,2942400,755.9528198242188
2026-09-10,WDAY,185.08999633789062,2411900,755.9528198242188
2026-09-10,HPE,55.080684661865234,19803400,755.9528198242188
2026-09-10,VLO,385.42999267578125,3157800,755.9528198242188
2026-09-10,HPQ,32.72999954223633,14196100,755.9528198242188
2026-09-10,ACN,177.91000366210938,3961100,755.9528198242188
2026-09-10,CRM,242.5732421875,10732600,755.9528198242188
2026-09-10,CTSH,58.31999969482422,3867200,755.9528198242188
2026-09-10,IT,170.6199951171875,1012100,755.9528198242188
2026-09-10,ZBRA,344.010009765625,500900,755.9528198242188
2026-09-10,CRWD,208.86000061035156,7400800,755.9528198242188
2026-09-10,RVTY,120.94000244140625,1344000,755.9528198242188
2026-09-10,NTAP,183.60000610351562,1878500,755.9528198242188
2026-09-10,MSFT,492.44000244140625,16038800,755.9528198242188
2026-09-10,IQV,257.29998779296875,1319900,755.9528198242188
2026-09-10,TMO,602.718017578125,1545800,755.9528198242188
2026-09-10,APA,44.529998779296875,6550400,755.9528198242188
2026-09-10,SWKS,84.02999877929688,11329600,755.9528198242188
2026-09-10,A,143.1199951171875,1521000,755.9528198242188
2026-09-10,CRL,273.0,764700,755.9528198242188
2026-09-10,DELL,506.6199951171875,5917200,755.9528198242188
2026-09-10,NOW,131.1699981689453,13852200,755.9528198242188
2026-09-10,DXCM,84.51000213623047,3539800,755.9528198242188
2026-09-10,CVX,212.75999450683594,9625200,755.9528198242188
2026-09-10,NEM,126.13999938964844,6279500,755.9528198242188
2026-09-10,ANET,188.99000549316406,2810900,755.9528198242188
2026-09-10,COP,137.0399932861328,5596700,755.9528198242188
2026-09-10,PFE,27.649999618530273,28805300,755.9528198242188
2026-09-10,REGN,793.260009765625,526900,755.9528198242188
2026-09-10,LITE,935.7000122070312,3962400,755.9528198242188
2026-09-10,TGT,155.72999572753906,3209200,755.9528198242188
2026-09-10,GRMN,271.1500244140625,495200,755.9528198242188
2026-09-10,T,25.549999237060547,34185700,755.9528198242188
2026-09-10,ICE,155.29360961914062,3298700,755.9528198242188
2026-09-10,XOM,165.22999572753906,16615300,755.9528198242188
2026-09-10,ULTA,535.6300048828125,625300,755.9528198242188
2026-09-10,PYPL,53.310001373291016,11350100,755.9528198242188
2026-09-10,GILD,143.99896240234375,6019300,755.9528198242188
2026-09-10,LDOS,129.130615234375,1111300,755.9528198242188
2026-09-10,META,643.8718872070312,21531900,755.9528198242188
2026-09-10,BDX,176.4199981689453,1704900,755.9528198242188
2026-09-10,AMGN,382.4700012207031,3430900,755.9528198242188
2026-09-10,PTC,128.72000122070312,1683700,755.9528198242188
2026-09-10,COIN,172.27999877929688,4848700,755.9528198242188
2026-09-10,FOX,58.060001373291016,1401900,755.9528198242188
2026-09-10,MRK,143.86082458496094,7542000,755.9528198242188
2026-09-10,FOXA,65.18000030517578,4643000,755.9528198242188
2026-09-10,WAT,401.6400146484375,572700,755.9528198242188
2026-09-10,MTD,1280.5799560546875,185900,755.9528198242188
2026-09-10,FCX,71.20999908447266,22181400,755.9528198242188
2026-09-10,OXY,61.15999984741211,9151900,755.9528198242188
2026-09-10,UHS,172.72000122070312,665200,755.9528198242188
2026-09-10,NVDA,218.36000061035156,105768000,755.9528198242188
2026-09-10,BBY,87.1752700805664,2731500,755.9528198242188
2026-09-10,WBD,28.200000762939453,32196300,755.9528198242188
2026-09-10,DVN,49.69813537597656,16676800,755.9528198242188
2026-09-10,BR,168.24000549316406,888700,755.9528198242188
2026-09-10,DHR,200.1752471923828,3021100,755.9528198242188
2026-09-10,CPAY,408.4700012207031,452400,755.9528198242188
2026-09-10,CME,274.07000732421875,1670300,755.9528198242188
2026-09-10,ADBE,248.8300018310547,10397200,755.9528198242188
2026-09-10,AAPL,326.57000732421875,70011900,755.9528198242188
2026-09-10,IVZ,31.93000030517578,3383700,755.9528198242188
2026-09-10,AMD,503.6000061035156,16005500,755.9528198242188
2026-09-10,EL,96.47000122070312,2266300,755.9528198242188
2026-09-10,PANW,338.489990234375,4669200,755.9528198242188
2026-09-10,SOLV,87.6500015258789,709700,755.9528198242188
2026-09-10,FTNT,158.85000610351562,3268400,755.9528198242188
2026-09-10,CTAS,198.44000244140625,2122600,755.9528198242188
2026-09-10,BMY,63.75,6495100,755.9528198242188
2026-09-10,NDAQ,91.70000457763672,3524800,755.9528198242188
2026-09-10,EMR,148.3699951171875,2529700,755.9528198242188
2026-09-10,NWSA,29.3799991607666,3371100,755.9528198242188
2026-09-10,CBOE,287.489990234375,865600,755.9528198242188
2026-09-10,MCK,880.8599853515625,853000,755.9528198242188
2026-09-10,NDSN,307.45001220703125,297800,755.9528198242188
2026-09-10,VZ,49.970001220703125,18475800,755.9528198242188
2026-09-10,BAX,24.18000030517578,5751300,755.9528198242188
2026-09-10,EXPD,189.32000732421875,925800,755.9528198242188
2026-09-10,VRSN,288.8500061035156,579400,755.9528198242188
2026-09-10,LYB,64.30000305175781,3303600,755.9528198242188
2026-09-10,ROST,225.47999572753906,1356700,755.9528198242188
2026-09-10,FDS,262.92999267578125,1496400,755.9528198242188
2026-09-10,VTRS,16.3799991607666,9014800,755.9528198242188
2026-09-10,ALLE,150.73458862304688,812500,755.9528198242188
2026-09-10,RMD,219.5800018310547,923100,755.9528198242188
2026-09-10,ADP,265.6300048828125,1661100,755.9528198242188
2026-09-11,MRNA,143.97000122070312,15409300,762.3967895507812
2026-09-11,P,98.18000030517578,1947000,762.3967895507812
2026-09-11,VEEV,262.3999938964844,863700,762.3967895507812
2026-09-11,MPC,395.92999267578125,2357900,762.3967895507812
2026-09-11,ILMN,206.4499969482422,2412100,762.3967895507812
2026-09-11,PLTR,167.22999572753906,15410400,762.3967895507812
2026-09-11,SMCI,40.099998474121094,46492700,762.3967895507812
2026-09-11,PSX,259.4700012207031,2581100,762.3967895507812
2026-09-11,WDAY,185.6999969482422,1856800,762.3967895507812
2026-09-11,HPE,61.933349609375,39047900,762.3967895507812
2026-09-11,VLO,390.4200134277344,3055800,762.3967895507812
2026-09-11,HPQ,35.47999954223633,26522500,762.3967895507812
2026-09-11,ACN,183.89999389648438,2886800,762.3967895507812
2026-09-11,CRM,247.2849578857422,9738300,762.3967895507812
2026-09-11,CTSH,60.0,3103400,762.3967895507812
2026-09-11,IT,179.58999633789062,900500,762.3967895507812
2026-09-11,ZBRA,350.3699951171875,583300,762.3967895507812
2026-09-11,CRWD,206.74000549316406,6649500,762.3967895507812
2026-09-11,RVTY,124.30999755859375,1151500,762.3967895507812
2026-09-11,NTAP,199.27999877929688,2608900,762.3967895507812
2026-09-11,MSFT,495.6300048828125,14510500,762.3967895507812
2026-09-11,IQV,261.7699890136719,1428600,762.3967895507812
2026-09-11,TMO,609.3529052734375,1787000,762.3967895507812
2026-09-11,APA,44.72999954223633,4255100,762.3967895507812
2026-09-11,SWKS,88.3499984741211,11126000,762.3967895507812
2026-09-11,A,146.92999267578125,1775700,762.3967895507812
2026-09-11,CRL,278.260009765625,767600,762.3967895507812
2026-09-11,DELL,567.2899780273438,14473500,762.3967895507812
2026-09-11,NOW,132.52999877929688,10730000,762.3967895507812
2026-09-11,DXCM,83.02999877929688,2547400,762.3967895507812
2026-09-11,CVX,214.05999755859375,6570300,762.3967895507812
2026-09-11,NEM,126.80999755859375,5554000,762.3967895507812
2026-09-11,ANET,199.58999633789062,4638000,762.3967895507812
2026-09-11,COP,137.35000610351562,5524200,762.3967895507812
2026-09-11,PFE,27.719999313354492,25557200,762.3967895507812
2026-09-11,REGN,781.489990234375,444000,762.3967895507812
2026-09-11,LITE,927.030029296875,3396700,762.3967895507812
2026-09-11,TGT,155.8300018310547,2643900,762.3967895507812
2026-09-11,GRMN,282.6700134277344,756900,762.3967895507812
2026-09-11,T,26.059999465942383,43220300,762.3967895507812
2026-09-11,ICE,156.8783416748047,2486900,762.3967895507812
2026-09-11,XOM,165.99000549316406,11362400,762.3967895507812
2026-09-11,ULTA,546.780029296875,419800,762.3967895507812
2026-09-11,PYPL,53.720001220703125,9995800,762.3967895507812
2026-09-11,GILD,142.91506958007812,4202400,762.3967895507812
2026-09-11,LDOS,128.44285583496094,1226400,762.3967895507812
2026-09-11,META,647.51904296875,16925000,762.3967895507812
2026-09-11,BDX,177.85000610351562,1584100,762.3967895507812
2026-09-11,AMGN,377.3500061035156,2272400,762.3967895507812
2026-09-11,PTC,130.77999877929688,1669700,762.3967895507812
2026-09-11,COIN,175.25999450683594,7821500,762.3967895507812
2026-09-11,FOX,58.45000076293945,893100,762.3967895507812
2026-09-11,MRK,143.08538818359375,8678200,762.3967895507812
2026-09-11,FOXA,65.94000244140625,2988200,762.3967895507812
2026-09-11,WAT,408.3399963378906,487200,762.3967895507812
2026-09-11,MTD,1293.52001953125,96700,762.3967895507812
2026-09-11,FCX,71.06999969482422,10762800,762.3967895507812
2026-09-11,OXY,61.459999084472656,7798000,762.3967895507812
2026-09-11,UHS,174.8300018310547,519000,762.3967895507812
2026-09-11,NVDA,218.2899932861328,89060100,762.3967895507812
2026-09-11,BBY,89.85713958740234,3002500,762.3967895507812
2026-09-11,WBD,28.040000915527344,12965600,762.3967895507812
2026-09-11,DVN,49.90678405761719,10404100,762.3967895507812
2026-09-11,BR,167.74000549316406,592600,762.3967895507812
2026-09-11,DHR,199.7859344482422,3628500,762.3967895507812
2026-09-11,CPAY,408.2200012207031,400600,762.3967895507812
2026-09-11,CME,275.5400085449219,1050600,762.3967895507812
2026-09-11,ADBE,252.22999572753906,10780400,762.3967895507812
2026-09-11,AAPL,332.2699890136719,50716900,762.3967895507812
2026-09-11,IVZ,32.279998779296875,3286700,762.3967895507812
2026-09-11,AMD,516.1300048828125,19026200,762.3967895507812
2026-09-11,EL,97.12000274658203,2574200,762.3967895507812
2026-09-11,PANW,330.6499938964844,4679100,762.3967895507812
2026-09-11,SOLV,87.44999694824219,774400,762.3967895507812
2026-09-11,FTNT,156.07000732421875,2591800,762.3967895507812
2026-09-11,CTAS,201.5,1573100,762.3967895507812
2026-09-11,BMY,63.63999938964844,7054400,762.3967895507812
2026-09-11,NDAQ,91.19000244140625,3380500,762.3967895507812
2026-09-11,EMR,152.19000244140625,1901900,762.3967895507812
2026-09-11,NWSA,29.440000534057617,3480200,762.3967895507812
2026-09-11,CBOE,281.0400085449219,750400,762.3967895507812
2026-09-11,MCK,881.510009765625,888800,762.3967895507812
2026-09-11,NDSN,314.4700012207031,267000,762.3967895507812
2026-09-11,VZ,50.61000061035156,16456300,762.3967895507812
2026-09-11,BAX,23.799999237060547,5450600,762.3967895507812
2026-09-11,EXPD,192.60000610351562,866000,762.3967895507812
2026-09-11,VRSN,292.7099914550781,497400,762.3967895507812
2026-09-11,LYB,63.689998626708984,3982500,762.3967895507812
2026-09-11,ROST,230.74000549316406,1609600,762.3967895507812
2026-09-11,FDS,259.7099914550781,1018200,762.3967895507812
2026-09-11,VTRS,16.510000228881836,12174100,762.3967895507812
2026-09-11,ALLE,152.80722045898438,1061000,762.3967895507812
2026-09-11,RMD,218.27000427246094,912300,762.3967895507812
2026-09-11,ADP,268.260009765625,2166000,762.3967895507812
2026-09-14,MRNA,146.69000244140625,10963000,758.9952392578125
2026-09-14,P,93.77999877929688,2731500,758.9952392578125
2026-09-14,VEEV,265.6700134277344,1361800,758.9952392578125
2026-09-14,MPC,396.45001220703125,3571300,758.9952392578125
2026-09-14,ILMN,208.2100067138672,2060400,758.9952392578125
2026-09-14,PLTR,173.30999755859375,29149500,758.9952392578125
2026-09-14,SMCI,36.7400016784668,39892500,758.9952392578125
2026-09-14,PSX,257.05999755859375,3530100,758.9952392578125
2026-09-14,WDAY,194.2100067138672,2886600,758.9952392578125
2026-09-14,HPE,55.27020263671875,31211300,758.9952392578125
2026-09-14,VLO,382.95001220703125,4832100,758.9952392578125
2026-09-14,HPQ,34.02000045776367,19600100,758.9952392578125
2026-09-14,ACN,195.0,5322100,758.9952392578125
2026-09-14,CRM,258.9743957519531,12963700,758.9952392578125
2026-09-14,CTSH,64.0999984741211,6614100,758.9952392578125
2026-09-14,IT,197.07000732421875,1693300,758.9952392578125
2026-09-14,ZBRA,351.80999755859375,567900,758.9952392578125
2026-09-14,CRWD,235.3800048828125,25381500,758.9952392578125
2026-09-14,RVTY,128.49000549316406,1895200,758.9952392578125
2026-09-14,NTAP,188.27999877929688,2019300,758.9952392578125
2026-09-14,MSFT,505.4100036621094,23091900,758.9952392578125
2026-09-14,IQV,265.6700134277344,1279800,758.9952392578125
2026-09-14,TMO,613.1500244140625,1271100,758.9952392578125
2026-09-14,APA,45.029998779296875,6895000,758.9952392578125
2026-09-14,SWKS,79.26000213623047,11163600,758.9952392578125
2026-09-14,A,146.8000030517578,1646700,758.9952392578125
2026-09-14,CRL,273.1099853515625,1385100,758.9952392578125
2026-09-14,DELL,534.280029296875,9173800,758.9952392578125
2026-09-14,NOW,142.35000610351562,17501800,758.9952392578125
2026-09-14,DXCM,84.68000030517578,2540900,758.9952392578125
2026-09-14,CVX,212.1699981689453,9366000,758.9952392578125
2026-09-14,NEM,123.06999969482422,6813400,758.9952392578125
2026-09-14,ANET,187.80999755859375,5673800,758.9952392578125
2026-09-14,COP,136.6699981689453,6580400,758.9952392578125
2026-09-14,PFE,27.719999313354492,28571600,758.9952392578125
2026-09-14,REGN,793.739990234375,591100,758.9952392578125
2026-09-14,LITE,835.030029296875,4919200,758.9952392578125
2026-09-14,TGT,158.6999969482422,3288000,758.9952392578125
2026-09-14,GRMN,280.3800048828125,777900,758.9952392578125
2026-09-14,T,26.510000228881836,38499400,758.9952392578125
2026-09-14,ICE,157.22718811035156,2315100,758.9952392578125
2026-09-14,XOM,165.0800018310547,13942100,758.9952392578125
2026-09-14,ULTA,548.6500244140625,403500,758.9952392578125
2026-09-14,PYPL,54.029998779296875,9247600,758.9952392578125
2026-09-14,GILD,145.5900115966797,4919900,758.9952392578125
2026-09-14,LDOS,132.39999389648438,1195900,758.9952392578125
2026-09-14,META,665.0751342773438,19332300,758.9952392578125
2026-09-14,BDX,182.91000366210938,1634100,758.9952392578125
2026-09-14,AMGN,381.5,2714400,758.9952392578125
2026-09-14,PTC,136.64999389648438,1403400,758.9952392578125
2026-09-14,COIN,191.4499969482422,13252000,758.9952392578125
2026-09-14,FOX,61.13999938964844,809700,758.9952392578125
2026-09-14,MRK,144.0,7412500,758.9952392578125
2026-09-14,FOXA,68.52999877929688,4577500,758.9952392578125
2026-09-14,WAT,410.010009765625,728800,758.9952392578125
2026-09-14,MTD,1285.75,206000,758.9952392578125
2026-09-14,FCX,69.33999633789062,11040500,758.9952392578125
2026-09-14,OXY,61.779998779296875,9068800,758.9952392578125
2026-09-14,UHS,173.25,609200,758.9952392578125
2026-09-14,NVDA,210.9600067138672,132267200,758.9952392578125
2026-09-14,BBY,93.84529113769531,4890200,758.9952392578125
2026-09-14,WBD,28.100000381469727,14336700,758.9952392578125
2026-09-14,DVN,49.40999984741211,14676300,758.9952392578125
2026-09-14,BR,174.38999938964844,758100,758.9952392578125
2026-09-14,DHR,202.89044189453125,3428300,758.9952392578125
2026-09-14,CPAY,412.55999755859375,383500,758.9952392578125
2026-09-14,CME,280.4599914550781,1733800,758.9952392578125
2026-09-14,ADBE,265.6000061035156,5718700,758.9952392578125
2026-09-14,AAPL,333.0799865722656,39269100,758.9952392578125
2026-09-14,IVZ,31.510000228881836,3538000,758.9952392578125
2026-09-14,AMD,493.4100036621094,24810100,758.9952392578125
2026-09-14,EL,98.22000122070312,2105200,758.9952392578125
2026-09-14,PANW,373.94000244140625,12027300,758.9952392578125
2026-09-14,SOLV,89.81999969482422,779300,758.9952392578125
2026-09-14,FTNT,170.17999267578125,5929500,758.9952392578125
2026-09-14,CTAS,200.82000732421875,1747600,758.9952392578125
2026-09-14,BMY,64.0999984741211,6903300,758.9952392578125
2026-09-14,NDAQ,91.56999969482422,2622600,758.9952392578125
2026-09-14,EMR,148.3000030517578,2068500,758.9952392578125
2026-09-14,NWSA,30.559999465942383,3528200,758.9952392578125
2026-09-14,CBOE,284.5,868400,758.9952392578125
2026-09-14,MCK,910.9500122070312,619200,758.9952392578125
2026-09-14,NDSN,308.30999755859375,285500,758.9952392578125
2026-09-14,VZ,51.290000915527344,18116700,758.9952392578125
2026-09-14,BAX,23.860000610351562,5741900,758.9952392578125
2026-09-14,EXPD,193.61000061035156,976100,758.9952392578125
2026-09-14,VRSN,298.6000061035156,682000,758.9952392578125
2026-09-14,LYB,62.75,5680900,758.9952392578125
2026-09-14,ROST,230.0399932861328,1598600,758.9952392578125
2026-09-14,FDS,276.92999267578125,1074900,758.9952392578125
2026-09-14,VTRS,16.65999984741211,7027300,758.9952392578125
2026-09-14,ALLE,154.83999633789062,1256600,758.9952392578125
2026-09-14,RMD,222.99000549316406,989000,758.9952392578125
2026-09-14,ADP,276.6300048828125,2381500,758.9952392578125
2026-09-15,MRNA,143.77000427246094,8414700,755.513916015625
2026-09-15,P,96.97000122070312,3066500,755.513916015625
2026-09-15,VEEV,266.6199951171875,1350400,755.513916015625
2026-09-15,MPC,410.8399963378906,2875200,755.513916015625
2026-09-15,ILMN,222.2899932861328,3144700,755.513916015625
2026-09-15,PLTR,172.55999755859375,31238200,755.513916015625
2026-09-15,SMCI,35.63999938964844,26725900,755.513916015625
2026-09-15,PSX,264.92999267578125,2877600,755.513916015625
2026-09-15,WDAY,190.6699981689453,1981800,755.513916015625
2026-09-15,HPE,55.739017486572266,23297300,755.513916015625
2026-09-15,VLO,397.0400085449219,3616100,755.513916015625
2026-09-15,HPQ,33.81999969482422,14020500,755.513916015625
2026-09-15,ACN,193.39999389648438,5748700,755.513916015625
2026-09-15,CRM,255.20101928710938,11502800,755.513916015625
2026-09-15,CTSH,63.279998779296875,9111200,755.513916015625
2026-09-15,IT,195.6199951171875,1248600,755.513916015625
2026-09-15,ZBRA,342.7300109863281,494200,755.513916015625
2026-09-15,CRWD,242.49000549316406,17227100,755.513916015625
2026-09-15,RVTY,140.19000244140625,3693800,755.513916015625
2026-09-15,NTAP,189.92999267578125,2422200,755.513916015625
2026-09-15,MSFT,497.1199951171875,17794600,755.513916015625
2026-09-15,IQV,269.6700134277344,1439000,755.513916015625
2026-09-15,TMO,641.3900146484375,3022500,755.513916015625
2026-09-15,APA,47.40999984741211,6427700,755.513916015625
2026-09-15,SWKS,90.0,12945200,755.513916015625
2026-09-15,A,150.27000427246094,1682100,755.513916015625
2026-09-15,CRL,272.8800048828125,983700,755.513916015625
2026-09-15,DELL,543.510009765625,9830600,755.513916015625
2026-09-15,NOW,141.89999389648438,14704500,755.513916015625
2026-09-15,DXCM,86.44999694824219,5960900,755.513916015625
2026-09-15,CVX,217.77000427246094,9557600,755.513916015625
2026-09-15,NEM,124.19000244140625,5821400,755.513916015625
2026-09-15,ANET,192.83999633789062,4909600,755.513916015625
2026-09-15,COP,141.22000122070312,6560900,755.513916015625
2026-09-15,PFE,27.549999237060547,40426600,755.513916015625
2026-09-15,REGN,774.1099853515625,540600,755.513916015625
2026-09-15,LITE,838.9600219726562,2893700,755.513916015625
2026-09-15,TGT,154.39999389648438,3620400,755.513916015625
2026-09-15,GRMN,278.9700012207031,506700,755.513916015625
2026-09-15,T,26.719999313354492,37332500,755.513916015625
2026-09-15,ICE,156.37998962402344,2191400,755.513916015625
2026-09-15,XOM,169.32000732421875,12329200,755.513916015625
2026-09-15,ULTA,544.3200073242188,591600,755.513916015625
2026-09-15,PYPL,53.810001373291016,8142600,755.513916015625
2026-09-15,GILD,146.3000030517578,4532600,755.513916015625
2026-09-15,LDOS,129.24000549316406,1048700,755.513916015625
2026-09-15,META,669.7114868164062,19502800,755.513916015625
2026-09-15,BDX,185.9199981689453,2087400,755.513916015625
2026-09-15,AMGN,375.6499938964844,2609000,755.513916015625
2026-09-15,PTC,132.75,1638300,755.513916015625
2026-09-15,COIN,172.11000061035156,18766500,755.513916015625
2026-09-15,FOX,60.34000015258789,741000,755.513916015625
2026-09-15,MRK,143.7899932861328,8291600,755.513916015625
2026-09-15,FOXA,67.56999969482422,4587100,755.513916015625
2026-09-15,WAT,417.0899963378906,825200,755.513916015625
2026-09-15,MTD,1330.4000244140625,211700,755.513916015625
2026-09-15,FCX,69.37999725341797,7533700,755.513916015625
2026-09-15,OXY,63.52000045776367,10379700,755.513916015625
2026-09-15,UHS,176.85000610351562,804500,755.513916015625
2026-09-15,NVDA,212.1699981689453,88059700,755.513916015625
2026-09-15,BBY,92.27179718017578,3680100,755.513916015625
2026-09-15,WBD,28.030000686645508,16780400,755.513916015625
2026-09-15,DVN,51.33000183105469,11508100,755.513916015625
2026-09-15,BR,170.25,945800,755.513916015625
2026-09-15,DHR,208.9896240234375,3504900,755.513916015625
2026-09-15,CPAY,407.75,376000,755.513916015625
2026-09-15,CME,275.0899963378906,2358700,755.513916015625
2026-09-15,ADBE,257.760009765625,4888900,755.513916015625
2026-09-15,AAPL,331.3399963378906,31748200,755.513916015625
2026-09-15,IVZ,30.780000686645508,4368300,755.513916015625
2026-09-15,AMD,504.20001220703125,17134000,755.513916015625
2026-09-15,EL,96.25,1942400,755.513916015625
2026-09-15,PANW,375.0899963378906,6476400,755.513916015625
2026-09-15,SOLV,90.05999755859375,1103100,755.513916015625
2026-09-15,FTNT,172.3699951171875,4389000,755.513916015625
2026-09-15,CTAS,198.9499969482422,1919000,755.513916015625
2026-09-15,BMY,63.72999954223633,9995200,755.513916015625
2026-09-15,NDAQ,89.2300033569336,2995000,755.513916015625
2026-09-15,EMR,147.0,2087300,755.513916015625
2026-09-15,NWSA,30.440000534057617,2959800,755.513916015625
2026-09-15,CBOE,270.44000244140625,1067700,755.513916015625
2026-09-15,MCK,899.5599975585938,1151000,755.513916015625
2026-09-15,NDSN,309.25,632900,755.513916015625
2026-09-15,VZ,51.45000076293945,18718100,755.513916015625
2026-09-15,BAX,23.709999084472656,6145600,755.513916015625
2026-09-15,EXPD,193.89999389648438,938500,755.513916015625
2026-09-15,VRSN,297.260009765625,486900,755.513916015625
2026-09-15,LYB,65.43000030517578,3419900,755.513916015625
2026-09-15,ROST,226.25999450683594,1776200,755.513916015625
2026-09-15,FDS,277.0899963378906,811400,755.513916015625
2026-09-15,VTRS,16.649999618530273,6844400,755.513916015625
2026-09-15,ALLE,154.60000610351562,1065500,755.513916015625
2026-09-15,RMD,229.44000244140625,1640900,755.513916015625
2026-09-15,ADP,276.5299987792969,2208900,755.513916015625
2026-09-16,MRNA,145.6199951171875,8832100,752.1821899414062
2026-09-16,P,97.61000061035156,3141500,752.1821899414062
2026-09-16,VEEV,264.8999938964844,1113600,752.1821899414062
2026-09-16,MPC,413.9200134277344,2868700,752.1821899414062
2026-09-16,ILMN,228.92999267578125,3373800,752.1821899414062
2026-09-16,PLTR,174.33999633789062,20984000,752.1821899414062
2026-09-16,SMCI,36.849998474121094,31390500,752.1821899414062
2026-09-16,PSX,264.6300048828125,2671000,752.1821899414062
2026-09-16,WDAY,187.75999450683594,1926900,752.1821899414062
2026-09-16,HPE,56.5369987487793,24029300,752.1821899414062
2026-09-16,VLO,403.2799987792969,3522900,752.1821899414062
2026-09-16,HPQ,32.70000076293945,12988200,752.1821899414062
2026-09-16,ACN,189.63999938964844,3317200,752.1821899414062
2026-09-16,CRM,250.09999084472656,9423800,752.1821899414062
2026-09-16,CTSH,61.849998474121094,5257200,752.1821899414062
2026-09-16,IT,191.57000732421875,912000,752.1821899414062
2026-09-16,ZBRA,341.17999267578125,514300,752.1821899414062
2026-09-16,CRWD,241.36000061035156,11758600,752.1821899414062
2026-09-16,RVTY,145.72999572753906,3404200,752.1821899414062
2026-09-16,NTAP,191.49000549316406,1918000,752.1821899414062
2026-09-16,MSFT,490.29998779296875,16670300,752.1821899414062
2026-09-16,IQV,268.82000732421875,1671600,752.1821899414062
2026-09-16,TMO,648.4299926757812,2880000,752.1821899414062
2026-09-16,APA,44.790000915527344,9163400,752.1821899414062
2026-09-16,SWKS,85.58999633789062,8191700,752.1821899414062
2026-09-16,A,153.69000244140625,2507700,752.1821899414062
2026-09-16,CRL,273.4100036621094,1014800,752.1821899414062
2026-09-16,DELL,563.2899780273438,13108100,752.1821899414062
2026-09-16,NOW,139.82000732421875,9855600,752.1821899414062
2026-09-16,DXCM,87.33999633789062,3616800,752.1821899414062
2026-09-16,CVX,211.5399932861328,8045100,752.1821899414062
2026-09-16,NEM,121.76000213623047,6354300,752.1821899414062
2026-09-16,ANET,197.5399932861328,4470600,752.1821899414062
2026-09-16,COP,132.5399932861328,9045900,752.1821899414062
2026-09-16,PFE,27.459999084472656,26040900,752.1821899414062
2026-09-16,REGN,774.6099853515625,382900,752.1821899414062
2026-09-16,LITE,919.4000244140625,6482700,752.1821899414062
2026-09-16,TGT,154.67999267578125,2744400,752.1821899414062
2026-09-16,GRMN,276.92999267578125,801700,752.1821899414062
2026-09-16,T,25.860000610351562,37808900,752.1821899414062
2026-09-16,ICE,154.10000610351562,2896700,752.1821899414062
2026-09-16,XOM,163.32000732421875,13437800,752.1821899414062
2026-09-16,ULTA,530.52001953125,651800,752.1821899414062
2026-09-16,PYPL,52.709999084472656,8283400,752.1821899414062
2026-09-16,GILD,147.67999267578125,5187900,752.1821899414062
2026-09-16,LDOS,129.35000610351562,1720000,752.1821899414062
2026-09-16,META,672.779052734375,17217800,752.1821899414062
2026-09-16,BDX,181.85000610351562,1734000,752.1821899414062
2026-09-16,AMGN,376.3500061035156,2401300,752.1821899414062
2026-09-16,PTC,131.16000366210938,1236000,752.1821899414062
2026-09-16,COIN,164.50999450683594,13773100,752.1821899414062
2026-09-16,FOX,59.150001525878906,1007400,752.1821899414062
2026-09-16,MRK,144.91000366210938,7226900,752.1821899414062
2026-09-16,FOXA,66.16000366210938,4579300,752.1821899414062
2026-09-16,WAT,418.6400146484375,710800,752.1821899414062
2026-09-16,MTD,1378.68994140625,355600,752.1821899414062
2026-09-16,FCX,69.23999786376953,10931800,752.1821899414062
2026-09-16,OXY,59.36000061035156,11548300,752.1821899414062
2026-09-16,UHS,181.2100067138672,881500,752.1821899414062
2026-09-16,NVDA,213.89999389648438,96563600,752.1821899414062
2026-09-16,BBY,91.48999786376953,4015000,752.1821899414062
2026-09-16,WBD,28.06999969482422,20199800,752.1821899414062
2026-09-16,DVN,48.439998626708984,14993000,752.1821899414062
2026-09-16,BR,167.08999633789062,894200,752.1821899414062
2026-09-16,DHR,207.99139404296875,3566900,752.1821899414062
2026-09-16,CPAY,402.2699890136719,386400,752.1821899414062
2026-09-16,CME,272.4599914550781,1654600,752.1821899414062
2026-09-16,ADBE,250.5,4469100,752.1821899414062
2026-09-16,AAPL,332.4100036621094,35981000,752.1821899414062
2026-09-16,IVZ,30.079999923706055,4676600,752.1821899414062
2026-09-16,AMD,512.5,22317700,752.1821899414062
2026-09-16,EL,95.5999984741211,2080800,752.1821899414062
2026-09-16,PANW,375.6499938964844,5242700,752.1821899414062
2026-09-16,SOLV,88.83000183105469,977300,752.1821899414062
2026-09-16,FTNT,171.77000427246094,3900600,752.1821899414062
2026-09-16,CTAS,199.4600067138672,2110600,752.1821899414062
2026-09-16,BMY,63.599998474121094,9448900,752.1821899414062
2026-09-16,NDAQ,88.76000213623047,3116000,752.1821899414062
2026-09-16,EMR,145.8300018310547,2516000,752.1821899414062
2026-09-16,NWSA,30.190000534057617,3200800,752.1821899414062
2026-09-16,CBOE,270.42999267578125,1151200,752.1821899414062
2026-09-16,MCK,887.2899780273438,902200,752.1821899414062
2026-09-16,NDSN,309.0199890136719,366700,752.1821899414062
2026-09-16,VZ,49.7599983215332,24326800,752.1821899414062
2026-09-16,BAX,23.530000686645508,9453600,752.1821899414062
2026-09-16,EXPD,189.0399932861328,970600,752.1821899414062
2026-09-16,VRSN,298.4599914550781,638600,752.1821899414062
2026-09-16,LYB,64.9000015258789,4357600,752.1821899414062
2026-09-16,ROST,224.8000030517578,2086200,752.1821899414062
2026-09-16,FDS,276.4100036621094,700600,752.1821899414062
2026-09-16,VTRS,17.020000457763672,8644700,752.1821899414062
2026-09-16,ALLE,152.80999755859375,1044100,752.1821899414062
2026-09-16,RMD,228.25,1066900,752.1821899414062
2026-09-16,ADP,273.19000244140625,2480700,752.1821899414062
2026-09-17,MRNA,158.07000732421875,19175000,760.7109985351562
2026-09-17,P,103.98999786376953,3238100,760.7109985351562
2026-09-17,VEEV,263.75,1120600,760.7109985351562
2026-09-17,MPC,421.9599914550781,2694600,760.7109985351562
2026-09-17,ILMN,245.17999267578125,3676500,760.7109985351562
2026-09-17,PLTR,176.24000549316406,23776100,760.7109985351562
2026-09-17,SMCI,40.349998474121094,62517100,760.7109985351562
2026-09-17,PSX,274.2099914550781,3574700,760.7109985351562
2026-09-17,WDAY,199.27999877929688,4250900,760.7109985351562
2026-09-17,HPE,61.040000915527344,25822300,760.7109985351562
2026-09-17,VLO,412.5299987792969,3263800,760.7109985351562
2026-09-17,HPQ,34.65999984741211,15144000,760.7109985351562
2026-09-17,ACN,190.2899932861328,2935900,760.7109985351562
2026-09-17,CRM,242.85000610351562,16611300,760.7109985351562
2026-09-17,CTSH,61.880001068115234,4153300,760.7109985351562
2026-09-17,IT,187.8000030517578,754300,760.7109985351562
2026-09-17,ZBRA,347.80999755859375,535500,760.7109985351562
2026-09-17,CRWD,245.6999969482422,12331300,760.7109985351562
2026-09-17,RVTY,146.72999572753906,2753800,760.7109985351562
2026-09-17,NTAP,196.9199981689453,1898600,760.7109985351562
2026-09-17,MSFT,497.75,17841600,760.7109985351562
2026-09-17,IQV,269.44000244140625,1714600,760.7109985351562
2026-09-17,TMO,658.3200073242188,4199600,760.7109985351562
2026-09-17,APA,45.459999084472656,5075100,760.7109985351562
2026-09-17,SWKS,91.31999969482422,7349500,760.7109985351562
2026-09-17,A,156.33999633789062,2892300,760.7109985351562
2026-09-17,CRL,281.6700134277344,809800,760.7109985351562
2026-09-17,DELL,588.4000244140625,9350700,760.7109985351562
2026-09-17,NOW,138.47000122070312,9857700,760.7109985351562
2026-09-17,DXCM,87.93000030517578,2824000,760.7109985351562
2026-09-17,CVX,211.57000732421875,7387300,760.7109985351562
2026-09-17,NEM,124.38999938964844,5362400,760.7109985351562
2026-09-17,ANET,199.52999877929688,7162400,760.7109985351562
2026-09-17,COP,133.19000244140625,7329300,760.7109985351562
2026-09-17,PFE,27.639999389648438,29013800,760.7109985351562
2026-09-17,REGN,789.4500122070312,702800,760.7109985351562
2026-09-17,LITE,893.6099853515625,4902900,760.7109985351562
2026-09-17,TGT,159.8300018310547,4094500,760.7109985351562
2026-09-17,GRMN,275.3500061035156,1130900,760.7109985351562
2026-09-17,T,25.389999389648438,37771700,760.7109985351562
2026-09-17,ICE,153.3000030517578,3098900,760.7109985351562
2026-09-17,XOM,163.27000427246094,10976500,760.7109985351562
2026-09-17,ULTA,543.72998046875,433800,760.7109985351562
2026-09-17,PYPL,52.939998626708984,8489400,760.7109985351562
2026-09-17,GILD,150.88999938964844,7842200,760.7109985351562
2026-09-17,LDOS,130.9600067138672,1000000,760.7109985351562
2026-09-17,META,681.77197265625,15928000,760.7109985351562
2026-09-17,BDX,181.3800048828125,1839800,760.7109985351562
2026-09-17,AMGN,379.7799987792969,3234700,760.7109985351562
2026-09-17,PTC,134.44000244140625,1650300,760.7109985351562
2026-09-17,COIN,173.97000122070312,9987500,760.7109985351562
2026-09-17,FOX,58.43000030517578,828900,760.7109985351562
2026-09-17,MRK,147.14999389648438,11060600,760.7109985351562
2026-09-17,FOXA,64.9800033569336,4197300,760.7109985351562
2026-09-17,WAT,429.7200012207031,688800,760.7109985351562
2026-09-17,MTD,1410.43994140625,288000,760.7109985351562
2026-09-17,FCX,70.8499984741211,11729100,760.7109985351562
2026-09-17,OXY,59.290000915527344,8791200,760.7109985351562
2026-09-17,UHS,180.75,1050100,760.7109985351562
2026-09-17,NVDA,219.33999633789062,94191300,760.7109985351562
2026-09-17,BBY,94.55999755859375,3816300,760.7109985351562
2026-09-17,WBD,28.239999771118164,24731300,760.7109985351562
2026-09-17,DVN,48.720001220703125,12154100,760.7109985351562
2026-09-17,BR,164.30999755859375,860000,760.7109985351562
2026-09-17,DHR,212.1240692138672,6179100,760.7109985351562
2026-09-17,CPAY,404.260009765625,301800,760.7109985351562
2026-09-17,CME,271.1499938964844,1593800,760.7109985351562
2026-09-17,ADBE,252.6699981689453,5111400,760.7109985351562
2026-09-17,AAPL,337.0,36700200,760.7109985351562
2026-09-17,IVZ,30.219999313354492,4208100,760.7109985351562
2026-09-17,AMD,545.0900268554688,28464700,760.7109985351562
2026-09-17,EL,93.86000061035156,2292900,760.7109985351562
2026-09-17,PANW,375.05999755859375,6290400,760.7109985351562
2026-09-17,SOLV,87.52999877929688,1042800,760.7109985351562
2026-09-17,FTNT,172.5800018310547,5474600,760.7109985351562
2026-09-17,CTAS,197.9600067138672,1555900,760.7109985351562
2026-09-17,BMY,62.84000015258789,12211300,760.7109985351562
2026-09-17,NDAQ,91.30999755859375,3797400,760.7109985351562
2026-09-17,EMR,147.39999389648438,2031000,760.7109985351562
2026-09-17,NWSA,30.18000030517578,2631800,760.7109985351562
2026-09-17,CBOE,266.6700134277344,730600,760.7109985351562
2026-09-17,MCK,879.5700073242188,577200,760.7109985351562
2026-09-17,NDSN,311.739990234375,274300,760.7109985351562
2026-09-17,VZ,48.33000183105469,28685200,760.7109985351562
2026-09-17,BAX,23.020000457763672,6614700,760.7109985351562
2026-09-17,EXPD,189.0800018310547,943900,760.7109985351562
2026-09-17,VRSN,302.04998779296875,656900,760.7109985351562
2026-09-17,LYB,64.25,4353800,760.7109985351562
2026-09-17,ROST,229.47999572753906,2335200,760.7109985351562
2026-09-17,FDS,278.8500061035156,522400,760.7109985351562
2026-09-17,VTRS,17.1299991607666,7018400,760.7109985351562
2026-09-17,ALLE,153.6300048828125,1006900,760.7109985351562
2026-09-17,RMD,228.4199981689453,1085500,760.7109985351562
2026-09-17,ADP,272.239990234375,1829800,760.7109985351562
2026-09-18,MRNA,154.0399932861328,20229600,761.6900024414062
2026-09-18,P,104.13999938964844,73094300,761.6900024414062
2026-09-18,VEEV,260.2099914550781,6001900,761.6900024414062
2026-09-18,MPC,424.8900146484375,9855700,761.6900024414062
2026-09-18,ILMN,239.6199951171875,32586500,761.6900024414062
2026-09-18,PLTR,177.63999938964844,39302700,761.6900024414062
2026-09-18,SMCI,39.09000015258789,48079300,761.6900024414062
2026-09-18,PSX,273.1300048828125,10170200,761.6900024414062
2026-09-18,WDAY,193.8699951171875,7808400,761.6900024414062
2026-09-18,HPE,60.7599983215332,26508500,761.6900024414062
2026-09-18,VLO,413.2799987792969,9286600,761.6900024414062
2026-09-18,HPQ,34.400001525878906,35511700,761.6900024414062
2026-09-18,ACN,181.2899932861328,11664700,761.6900024414062
2026-09-18,CRM,237.9199981689453,21962400,761.6900024414062
2026-09-18,CTSH,59.869998931884766,19126200,761.6900024414062
2026-09-18,IT,185.77999877929688,2571800,761.6900024414062
2026-09-18,ZBRA,346.6300048828125,1373300,761.6900024414062
2026-09-18,CRWD,237.64999389648438,19469000,761.6900024414062
2026-09-18,RVTY,143.4499969482422,3321600,761.6900024414062
2026-09-18,NTAP,197.7899932861328,4828100,761.6900024414062
2026-09-18,MSFT,493.7799987792969,39622300,761.6900024414062
2026-09-18,IQV,266.4200134277344,5594600,761.6900024414062
2026-09-18,TMO,651.4500122070312,4579500,761.6900024414062
2026-09-18,APA,44.869998931884766,11917500,761.6900024414062
2026-09-18,SWKS,88.76000213623047,22112400,761.6900024414062
2026-09-18,A,156.47000122070312,4849800,761.6900024414062
2026-09-18,CRL,278.05999755859375,1481200,761.6900024414062
2026-09-18,DELL,568.0599975585938,11739100,761.6900024414062
2026-09-18,NOW,135.47000122070312,19250600,761.6900024414062
2026-09-18,DXCM,89.3499984741211,14573000,761.6900024414062
2026-09-18,CVX,209.50999450683594,47298700,761.6900024414062
2026-09-18,NEM,123.41000366210938,21501100,761.6900024414062
2026-09-18,ANET,199.38999938964844,10722300,761.6900024414062
2026-09-18,COP,131.8300018310547,18510100,761.6900024414062
2026-09-18,PFE,27.65999984741211,75593400,761.6900024414062
2026-09-18,REGN,784.8499755859375,2472600,761.6900024414062
2026-09-18,LITE,930.9099731445312,9259400,761.6900024414062
2026-09-18,TGT,158.19000244140625,6811500,761.6900024414062
2026-09-18,GRMN,274.05999755859375,2423300,761.6900024414062
2026-09-18,T,25.399999618530273,84402000,761.6900024414062
2026-09-18,ICE,155.47000122070312,4298100,761.6900024414062
2026-09-18,XOM,163.5399932861328,37640600,761.6900024414062
2026-09-18,ULTA,540.97998046875,1144900,761.6900024414062
2026-09-18,PYPL,52.40999984741211,29074400,761.6900024414062
2026-09-18,GILD,150.11000061035156,16412100,761.6900024414062
2026-09-18,LDOS,127.69000244140625,3278100,761.6900024414062
2026-09-18,META,665.2250366210938,27596400,761.6900024414062
2026-09-18,BDX,180.94000244140625,6414800,761.6900024414062
2026-09-18,AMGN,385.6499938964844,8523800,761.6900024414062
2026-09-18,PTC,135.88999938964844,5931600,761.6900024414062
2026-09-18,COIN,194.25,21920000,761.6900024414062
2026-09-18,FOX,57.7400016784668,5969300,761.6900024414062
2026-09-18,MRK,146.8699951171875,31159700,761.6900024414062
2026-09-18,FOXA,64.44999694824219,13252400,761.6900024414062
2026-09-18,WAT,421.6300048828125,1035000,761.6900024414062
2026-09-18,MTD,1392.3199462890625,544400,761.6900024414062
2026-09-18,FCX,71.54000091552734,14993200,761.6900024414062
2026-09-18,OXY,58.84000015258789,14211900,761.6900024414062
2026-09-18,UHS,176.69000244140625,1796200,761.6900024414062
2026-09-18,NVDA,222.27000427246094,190287400,761.6900024414062
2026-09-18,BBY,92.8499984741211,5108800,761.6900024414062
2026-09-18,WBD,27.799999237060547,44151400,761.6900024414062
2026-09-18,DVN,48.61000061035156,39682700,761.6900024414062
2026-09-18,BR,163.1300048828125,3277700,761.6900024414062
2026-09-18,DHR,211.43528747558594,8830000,761.6900024414062
2026-09-18,CPAY,397.760009765625,754400,761.6900024414062
2026-09-18,CME,276.010009765625,3348600,761.6900024414062
2026-09-18,ADBE,248.9199981689453,10194800,761.6900024414062
2026-09-18,AAPL,336.1300048828125,86588200,761.6900024414062
2026-09-18,IVZ,30.530000686645508,6942600,761.6900024414062
2026-09-18,AMD,559.8200073242188,31867300,761.6900024414062
2026-09-18,EL,93.43000030517578,6099300,761.6900024414062
2026-09-18,PANW,363.5799865722656,13800800,761.6900024414062
2026-09-18,SOLV,88.83999633789062,2318200,761.6900024414062
2026-09-18,FTNT,169.83999633789062,12740400,761.6900024414062
2026-09-18,CTAS,197.63999938964844,3983900,761.6900024414062
2026-09-18,BMY,63.060001373291016,36849600,761.6900024414062
2026-09-18,NDAQ,93.54000091552734,6447800,761.6900024414062
2026-09-18,EMR,149.9199981689453,3925200,761.6900024414062
2026-09-18,NWSA,29.780000686645508,15318300,761.6900024414062
2026-09-18,CBOE,272.8599853515625,1873600,761.6900024414062
2026-09-18,MCK,874.6500244140625,2706500,761.6900024414062
2026-09-18,NDSN,311.57000732421875,843200,761.6900024414062
2026-09-18,VZ,48.09000015258789,45527600,761.6900024414062
2026-09-18,BAX,22.799999237060547,9968200,761.6900024414062
2026-09-18,EXPD,190.94000244140625,2514000,761.6900024414062
2026-09-18,VRSN,303.1199951171875,1442300,761.6900024414062
2026-09-18,LYB,61.93000030517578,7742600,761.6900024414062
2026-09-18,ROST,226.61000061035156,3977800,761.6900024414062
2026-09-18,FDS,283.8299865722656,1194600,761.6900024414062
2026-09-18,VTRS,16.950000762939453,15646100,761.6900024414062
2026-09-18,ALLE,152.27999877929688,2416300,761.6900024414062
2026-09-18,RMD,224.99000549316406,3861400,761.6900024414062
2026-09-18,ADP,271.2200012207031,6603300,761.6900024414062
2026-09-21,MRNA,172.94000244140625,21018300,773.5
2026-09-21,P,113.66000366210938,7342600,773.5
2026-09-21,VEEV,261.30999755859375,1199100,773.5
2026-09-21,MPC,402.3800048828125,4444600,773.5
2026-09-21,ILMN,238.82000732421875,3187100,773.5
2026-09-21,PLTR,183.08999633789062,22006700,773.5
2026-09-21,SMCI,41.20000076293945,48218400,773.5
2026-09-21,PSX,261.75,3387200,773.5
2026-09-21,WDAY,191.9199981689453,2023500,773.5
2026-09-21,HPE,61.75,20471000,773.5
2026-09-21,VLO,393.2699890136719,3899300,773.5
2026-09-21,HPQ,32.95000076293945,16119100,773.5
2026-09-21,ACN,186.11000061035156,7418300,773.5
2026-09-21,CRM,236.4199981689453,10581900,773.5
2026-09-21,CTSH,59.380001068115234,5753100,773.5
2026-09-21,IT,183.32000732421875,715800,773.5
2026-09-21,ZBRA,350.8399963378906,484000,773.5
2026-09-21,CRWD,249.35000610351562,13372700,773.5
2026-09-21,RVTY,143.58999633789062,2062000,773.5
2026-09-21,NTAP,198.14999389648438,1801200,773.5
2026-09-21,MSFT,501.6099853515625,27959900,773.5
2026-09-21,IQV,269.8800048828125,1928100,773.5
2026-09-21,TMO,658.760009765625,2303800,773.5
2026-09-21,APA,43.810001373291016,6000900,773.5
2026-09-21,SWKS,88.73999786376953,4410800,773.5
2026-09-21,A,161.94000244140625,2710300,773.5
2026-09-21,CRL,279.010009765625,952900,773.5
2026-09-21,DELL,575.3099975585938,7736600,773.5
2026-09-21,NOW,137.67999267578125,10893000,773.5
2026-09-21,DXCM,89.16999816894531,3515900,773.5
2026-09-21,CVX,203.6699981689453,8464000,773.5
2026-09-21,NEM,123.05000305175781,5645600,773.5
2026-09-21,ANET,205.4199981689453,4998500,773.5
2026-09-21,COP,127.52999877929688,6155300,773.5
2026-09-21,PFE,27.739999771118164,28769800,773.5
2026-09-21,REGN,798.1699829101562,704400,773.5
2026-09-21,LITE,954.489990234375,4713600,773.5
2026-09-21,TGT,157.7100067138672,2254900,773.5
2026-09-21,GRMN,280.30999755859375,566900,773.5
2026-09-21,T,25.450000762939453,35281800,773.5
2026-09-21,ICE,155.3699951171875,2986900,773.5
2026-09-21,XOM,158.3000030517578,15752500,773.5
2026-09-21,ULTA,557.8599853515625,512400,773.5
2026-09-21,PYPL,52.619998931884766,9706200,773.5
2026-09-21,GILD,150.55999755859375,5569200,773.5
2026-09-21,LDOS,128.22999572753906,1121600,773.5
2026-09-21,META,741.25,48720500,773.5
2026-09-21,BDX,180.6999969482422,1461500,773.5
2026-09-21,AMGN,393.1600036621094,2889000,773.5
2026-09-21,PTC,135.27999877929688,1013100,773.5
2026-09-21,COIN,201.0500030517578,14506900,773.5
2026-09-21,FOX,57.900001525878906,903900,773.5
2026-09-21,MRK,149.5,7992700,773.5
2026-09-21,FOXA,64.79000091552734,6039200,773.5
2026-09-21,WAT,423.9200134277344,782400,773.5
2026-09-21,MTD,1430.43994140625,168900,773.5
2026-09-21,FCX,72.16000366210938,9738400,773.5
2026-09-21,OXY,57.25,8896000,773.5
2026-09-21,UHS,174.74000549316406,924600,773.5
2026-09-21,NVDA,227.3800048828125,109806100,773.5
2026-09-21,BBY,93.22000122070312,2630700,773.5
2026-09-21,WBD,30.799999237060547,234091400,773.5
2026-09-21,DVN,47.59000015258789,13036900,773.5
2026-09-21,BR,164.6199951171875,1078700,773.5
2026-09-21,DHR,215.45816040039062,5164000,773.5
2026-09-21,CPAY,397.2200012207031,445200,773.5
2026-09-21,CME,275.5299987792969,1531800,773.5
2026-09-21,ADBE,249.52000427246094,5179400,773.5
2026-09-21,AAPL,338.9800109863281,34999200,773.5
2026-09-21,IVZ,31.3799991607666,4190700,773.5
2026-09-21,AMD,615.52001953125,44494300,773.5
2026-09-21,EL,96.33999633789062,3089300,773.5
2026-09-21,PANW,371.760009765625,5382300,773.5
2026-09-21,SOLV,88.83999633789062,660300,773.5
2026-09-21,FTNT,175.22999572753906,3176600,773.5
2026-09-21,CTAS,196.8800048828125,1626200,773.5
2026-09-21,BMY,62.619998931884766,6837900,773.5
2026-09-21,NDAQ,94.69000244140625,2945300,773.5
2026-09-21,EMR,151.72000122070312,2103700,773.5
2026-09-21,NWSA,29.700000762939453,3226300,773.5
2026-09-21,CBOE,271.42999267578125,1028600,773.5
2026-09-21,MCK,886.469970703125,940300,773.5
2026-09-21,NDSN,314.3500061035156,310600,773.5
2026-09-21,VZ,47.68000030517578,19992500,773.5
2026-09-21,BAX,22.93000030517578,11747700,773.5
2026-09-21,EXPD,192.14999389648438,1284700,773.5
2026-09-21,VRSN,308.17999267578125,1336900,773.5
2026-09-21,LYB,60.2400016784668,3201400,773.5
2026-09-21,ROST,231.25,2227500,773.5
2026-09-21,FDS,284.1000061035156,669700,773.5
2026-09-21,VTRS,17.100000381469727,6932500,773.5
2026-09-21,ALLE,151.36000061035156,1528000,773.5
2026-09-21,RMD,223.61000061035156,1072100,773.5
2026-09-21,ADP,269.94000244140625,2307200,773.5
2026-09-22,MRNA,182.55999755859375,24033900,773.3800048828125
2026-09-22,P,110.88999938964844,5894900,773.3800048828125
2026-09-22,VEEV,260.9100036621094,1818800,773.3800048828125
2026-09-22,MPC,389.67999267578125,4703500,773.3800048828125
2026-09-22,ILMN,247.4600067138672,2642300,773.3800048828125
2026-09-22,PLTR,184.99000549316406,21991700,773.3800048828125
2026-09-22,SMCI,41.540000915527344,30249800,773.3800048828125
2026-09-22,PSX,256.7799987792969,4176400,773.3800048828125
2026-09-22,WDAY,188.22999572753906,1977500,773.3800048828125
2026-09-22,HPE,61.029998779296875,16807900,773.3800048828125
2026-09-22,VLO,377.1400146484375,7455800,773.3800048828125
2026-09-22,HPQ,32.040000915527344,15081500,773.3800048828125
2026-09-22,ACN,183.72000122070312,3878300,773.3800048828125
2026-09-22,CRM,233.27999877929688,13635600,773.3800048828125
2026-09-22,CTSH,58.68000030517578,6361500,773.3800048828125
2026-09-22,IT,178.75,927900,773.3800048828125
2026-09-22,ZBRA,361.6099853515625,551200,773.3800048828125
2026-09-22,CRWD,250.05999755859375,8918400,773.3800048828125
2026-09-22,RVTY,143.30999755859375,2871300,773.3800048828125
2026-09-22,NTAP,192.91000366210938,2287300,773.3800048828125
2026-09-22,MSFT,498.0,21652800,773.3800048828125
2026-09-22,IQV,270.0899963378906,950700,773.3800048828125
2026-09-22,TMO,658.52001953125,2104900,773.3800048828125
2026-09-22,APA,42.29999923706055,6656500,773.3800048828125
2026-09-22,SWKS,89.95999908447266,4497300,773.3800048828125
2026-09-22,A,167.25999450683594,3782600,773.3800048828125
2026-09-22,CRL,285.1099853515625,1137100,773.3800048828125
2026-09-22,DELL,548.9199829101562,9781600,773.3800048828125
2026-09-22,NOW,137.0,12580700,773.3800048828125
2026-09-22,DXCM,89.52999877929688,7296000,773.3800048828125
2026-09-22,CVX,202.41000366210938,9344100,773.3800048828125
2026-09-22,NEM,127.26000213623047,5391000,773.3800048828125
2026-09-22,ANET,205.19000244140625,4571300,773.3800048828125
2026-09-22,COP,125.2699966430664,9068500,773.3800048828125
2026-09-22,PFE,27.93000030517578,26663500,773.3800048828125
2026-09-22,REGN,803.9000244140625,600200,773.3800048828125
2026-09-22,LITE,945.6699829101562,4333900,773.3800048828125
2026-09-22,TGT,159.02000427246094,2194800,773.3800048828125
2026-09-22,GRMN,284.6700134277344,1173400,773.3800048828125
2026-09-22,T,25.100000381469727,35588800,773.3800048828125
2026-09-22,ICE,152.92999267578125,2700800,773.3800048828125
2026-09-22,XOM,158.7100067138672,14189400,773.3800048828125
2026-09-22,ULTA,553.8599853515625,501600,773.3800048828125
2026-09-22,PYPL,52.88999938964844,25941000,773.3800048828125
2026-09-22,GILD,152.6699981689453,5080000,773.3800048828125
2026-09-22,LDOS,123.30999755859375,1078100,773.3800048828125
2026-09-22,META,736.5999755859375,28122100,773.3800048828125
2026-09-22,BDX,183.0,1461200,773.3800048828125
2026-09-22,AMGN,410.239990234375,3720300,773.3800048828125
2026-09-22,PTC,140.0,1650100,773.3800048828125
2026-09-22,COIN,201.07000732421875,7305800,773.3800048828125
2026-09-22,FOX,57.31999969482422,1011600,773.3800048828125
2026-09-22,MRK,150.91000366210938,11172100,773.3800048828125
2026-09-22,FOXA,64.25,5078700,773.3800048828125
2026-09-22,WAT,425.739990234375,648300,773.3800048828125
2026-09-22,MTD,1490.760009765625,302000,773.3800048828125
2026-09-22,FCX,74.3499984741211,8387500,773.3800048828125
2026-09-22,OXY,56.310001373291016,10622800,773.3800048828125
2026-09-22,UHS,179.2899932861328,797700,773.3800048828125
2026-09-22,NVDA,228.8699951171875,95746700,773.3800048828125
2026-09-22,BBY,94.81999969482422,2577500,773.3800048828125
2026-09-22,WBD,30.829999923706055,109812800,773.3800048828125
2026-09-22,DVN,46.93000030517578,9276700,773.3800048828125
2026-09-22,BR,163.02000427246094,799200,773.3800048828125
2026-09-22,DHR,220.69886779785156,4633000,773.3800048828125
2026-09-22,CPAY,392.95001220703125,563500,773.3800048828125
2026-09-22,CME,267.2099914550781,1798900,773.3800048828125
2026-09-22,ADBE,238.25,7368200,773.3800048828125
2026-09-22,AAPL,339.75,40711800,773.3800048828125
2026-09-22,IVZ,30.850000381469727,4788500,773.3800048828125
2026-09-22,AMD,623.77001953125,28282800,773.3800048828125
2026-09-22,EL,100.29000091552734,2853200,773.3800048828125
2026-09-22,PANW,374.57000732421875,8105300,773.3800048828125
2026-09-22,SOLV,88.75,651200,773.3800048828125
2026-09-22,FTNT,174.25999450683594,4114600,773.3800048828125
2026-09-22,CTAS,198.8000030517578,2266800,773.3800048828125
2026-09-22,BMY,62.25,15235100,773.3800048828125
2026-09-22,NDAQ,94.5,3938800,773.3800048828125
2026-09-22,EMR,154.19000244140625,1866900,773.3800048828125
2026-09-22,NWSA,29.25,4267400,773.3800048828125
2026-09-22,CBOE,266.8299865722656,977700,773.3800048828125
2026-09-22,MCK,891.22998046875,935700,773.3800048828125
2026-09-22,NDSN,319.6700134277344,257700,773.3800048828125
2026-09-22,VZ,46.45000076293945,32681100,773.3800048828125
2026-09-22,BAX,23.68000030517578,7364000,773.3800048828125
2026-09-22,EXPD,187.50999450683594,1290100,773.3800048828125
2026-09-22,VRSN,299.4200134277344,777000,773.3800048828125
2026-09-22,LYB,59.2400016784668,3828800,773.3800048828125
2026-09-22,ROST,232.50999450683594,2124100,773.3800048828125
2026-09-22,FDS,276.4200134277344,789200,773.3800048828125
2026-09-22,VTRS,17.18000030517578,5237400,773.3800048828125
2026-09-22,ALLE,153.9499969482422,1031300,773.3800048828125
2026-09-22,RMD,221.97000122070312,1030600,773.3800048828125
2026-09-22,ADP,269.6400146484375,1948200,773.3800048828125
2026-09-23,MRNA,182.11000061035156,17727800,767.8099975585938
2026-09-23,P,109.6500015258789,3919800,767.8099975585938
2026-09-23,VEEV,270.75,1426700,767.8099975585938
2026-09-23,MPC,388.3800048828125,4184100,767.8099975585938
2026-09-23,ILMN,255.3800048828125,2299200,767.8099975585938
2026-09-23,PLTR,191.7899932861328,35119600,767.8099975585938
2026-09-23,SMCI,41.439998626708984,40871500,767.8099975585938
2026-09-23,PSX,256.4800109863281,4353200,767.8099975585938
2026-09-23,WDAY,192.3800048828125,1991300,767.8099975585938
2026-09-23,HPE,62.33000183105469,14985000,767.8099975585938
2026-09-23,VLO,375.8399963378906,7081400,767.8099975585938
2026-09-23,HPQ,32.15999984741211,16336100,767.8099975585938
2026-09-23,ACN,183.52000427246094,4021400,767.8099975585938
2026-09-23,CRM,237.5800018310547,12353500,767.8099975585938
2026-09-23,CTSH,59.13999938964844,4520300,767.8099975585938
2026-09-23,IT,178.52000427246094,977800,767.8099975585938
2026-09-23,ZBRA,371.0199890136719,652300,767.8099975585938
2026-09-23,CRWD,262.489990234375,13225800,767.8099975585938
2026-09-23,RVTY,142.11000061035156,2244300,767.8099975585938
2026-09-23,NTAP,196.3300018310547,1670600,767.8099975585938
2026-09-23,MSFT,500.5899963378906,19445600,767.8099975585938
2026-09-23,IQV,267.8599853515625,1116500,767.8099975585938
2026-09-23,TMO,665.2999877929688,2345600,767.8099975585938
2026-09-23,APA,43.70000076293945,5587000,767.8099975585938
2026-09-23,SWKS,91.44999694824219,5030600,767.8099975585938
2026-09-23,A,165.32000732421875,3238300,767.8099975585938
2026-09-23,CRL,277.3299865722656,1594200,767.8099975585938
2026-09-23,DELL,549.8300170898438,8252300,767.8099975585938
2026-09-23,NOW,140.77999877929688,11366200,767.8099975585938
2026-09-23,DXCM,87.7300033569336,3668500,767.8099975585938
2026-09-23,CVX,205.50999450683594,8257800,767.8099975585938
2026-09-23,NEM,123.55000305175781,5590300,767.8099975585938
2026-09-23,ANET,203.47000122070312,3965900,767.8099975585938
2026-09-23,COP,128.08999633789062,5059800,767.8099975585938
2026-09-23,PFE,28.18000030517578,33812900,767.8099975585938
2026-09-23,REGN,801.8200073242188,721100,767.8099975585938
2026-09-23,LITE,937.0,3271500,767.8099975585938
2026-09-23,TGT,156.25999450683594,2987000,767.8099975585938
2026-09-23,GRMN,287.5799865722656,593500,767.8099975585938
2026-09-23,T,25.299999237060547,43036100,767.8099975585938
2026-09-23,ICE,156.35000610351562,3042100,767.8099975585938
2026-09-23,XOM,161.22999572753906,12569300,767.8099975585938
2026-09-23,ULTA,543.8099975585938,328800,767.8099975585938
2026-09-23,PYPL,52.5099983215332,11559900,767.8099975585938
2026-09-23,GILD,151.3699951171875,6191700,767.8099975585938
2026-09-23,LDOS,124.69000244140625,1555000,767.8099975585938
2026-09-23,META,744.0999755859375,30829200,767.8099975585938
2026-09-23,BDX,182.52000427246094,1022800,767.8099975585938
2026-09-23,AMGN,406.0899963378906,2822500,767.8099975585938
2026-09-23,PTC,140.39999389648438,2138700,767.8099975585938
2026-09-23,COIN,198.1300048828125,7183800,767.8099975585938
2026-09-23,FOX,56.959999084472656,1146100,767.8099975585938
2026-09-23,MRK,148.0800018310547,9699700,767.8099975585938
2026-09-23,FOXA,63.959999084472656,4677500,767.8099975585938
2026-09-23,WAT,420.57000732421875,743600,767.8099975585938
2026-09-23,MTD,1492.3399658203125,238600,767.8099975585938
2026-09-23,FCX,72.58000183105469,8926200,767.8099975585938
2026-09-23,OXY,57.36000061035156,7909300,767.8099975585938
2026-09-23,UHS,181.38999938964844,896200,767.8099975585938
2026-09-23,NVDA,225.50999450683594,89547300,767.8099975585938
2026-09-23,BBY,90.80000305175781,4863000,767.8099975585938
2026-09-23,WBD,30.760000228881836,111086700,767.8099975585938
2026-09-23,DVN,48.040000915527344,14715300,767.8099975585938
2026-09-23,BR,163.4499969482422,824500,767.8099975585938
2026-09-23,DHR,221.1680450439453,3401500,767.8099975585938
2026-09-23,CPAY,395.1600036621094,468200,767.8099975585938
2026-09-23,CME,270.79998779296875,1369800,767.8099975585938
2026-09-23,ADBE,240.69000244140625,3855100,767.8099975585938
2026-09-23,AAPL,337.0199890136719,31658800,767.8099975585938
2026-09-23,IVZ,30.739999771118164,4318800,767.8099975585938
2026-09-23,AMD,614.6099853515625,16338200,767.8099975585938
2026-09-23,EL,98.83000183105469,2068700,767.8099975585938
2026-09-23,PANW,393.29998779296875,6272700,767.8099975585938
2026-09-23,SOLV,88.37000274658203,860100,767.8099975585938
2026-09-23,FTNT,178.74000549316406,3411500,767.8099975585938
2026-09-23,CTAS,191.97000122070312,3295100,767.8099975585938
2026-09-23,BMY,61.150001525878906,15842800,767.8099975585938
2026-09-23,NDAQ,95.44000244140625,3330000,767.8099975585938
2026-09-23,EMR,154.58999633789062,2722800,767.8099975585938
2026-09-23,NWSA,28.1200008392334,8755500,767.8099975585938
2026-09-23,CBOE,268.8699951171875,830200,767.8099975585938
2026-09-23,MCK,880.5,672900,767.8099975585938
2026-09-23,NDSN,321.4200134277344,373500,767.8099975585938
2026-09-23,VZ,46.52000045776367,20933700,767.8099975585938
2026-09-23,BAX,23.489999771118164,9441600,767.8099975585938
2026-09-23,EXPD,188.02999877929688,945900,767.8099975585938
2026-09-23,VRSN,293.2799987792969,618400,767.8099975585938
2026-09-23,LYB,59.970001220703125,2905900,767.8099975585938
2026-09-23,ROST,233.97999572753906,1564600,767.8099975585938
2026-09-23,FDS,279.42999267578125,434100,767.8099975585938
2026-09-23,VTRS,17.1200008392334,6868600,767.8099975585938
2026-09-23,ALLE,154.08999633789062,902800,767.8099975585938
2026-09-23,RMD,222.3000030517578,1440100,767.8099975585938
2026-09-23,ADP,263.67999267578125,2726100,767.8099975585938
2026-09-24,MRNA,194.82000732421875,16605500,767.1799926757812
2026-09-24,P,121.87999725341797,11664700,767.1799926757812
2026-09-24,VEEV,274.8399963378906,1379900,767.1799926757812
2026-09-24,MPC,390.95001220703125,2090200,767.1799926757812
2026-09-24,ILMN,273.8999938964844,3479400,767.1799926757812
2026-09-24,PLTR,192.58999633789062,22675800,767.1799926757812
2026-09-24,SMCI,41.5099983215332,34885600,767.1799926757812
2026-09-24,PSX,255.8699951171875,2750600,767.1799926757812
2026-09-24,WDAY,190.99000549316406,1248900,767.1799926757812
2026-09-24,HPE,63.52000045776367,21472900,767.1799926757812
2026-09-24,VLO,382.8599853515625,3724200,767.1799926757812
2026-09-24,HPQ,31.139999389648438,11896100,767.1799926757812
2026-09-24,ACN,177.41000366210938,4634600,767.1799926757812
2026-09-24,CRM,238.22000122070312,11074000,767.1799926757812
2026-09-24,CTSH,57.16999816894531,4628900,767.1799926757812
2026-09-24,IT,179.32000732421875,854900,767.1799926757812
2026-09-24,ZBRA,365.1000061035156,547500,767.1799926757812
2026-09-24,CRWD,259.6700134277344,8399300,767.1799926757812
2026-09-24,RVTY,150.67999267578125,2539900,767.1799926757812
2026-09-24,NTAP,197.24000549316406,2347800,767.1799926757812
2026-09-24,MSFT,497.92999267578125,16657600,767.1799926757812
2026-09-24,IQV,275.0199890136719,1893400,767.1799926757812
2026-09-24,TMO,678.3900146484375,2097800,767.1799926757812
2026-09-24,APA,43.68000030517578,6136100,767.1799926757812
2026-09-24,SWKS,87.80999755859375,3912200,767.1799926757812
2026-09-24,A,172.83999633789062,3053300,767.1799926757812
2026-09-24,CRL,294.44000244140625,1590800,767.1799926757812
2026-09-24,DELL,536.02001953125,7963000,767.1799926757812
2026-09-24,NOW,137.77999877929688,9578700,767.1799926757812
2026-09-24,DXCM,87.47000122070312,2141700,767.1799926757812
2026-09-24,CVX,205.64999389648438,9382800,767.1799926757812
2026-09-24,NEM,121.30000305175781,5108400,767.1799926757812
2026-09-24,ANET,205.6999969482422,3556900,767.1799926757812
2026-09-24,COP,129.33999633789062,5361600,767.1799926757812
2026-09-24,PFE,28.40999984741211,34774700,767.1799926757812
2026-09-24,REGN,796.02001953125,602600,767.1799926757812
2026-09-24,LITE,929.0399780273438,3671300,767.1799926757812
2026-09-24,TGT,156.14999389648438,3347500,767.1799926757812
2026-09-24,GRMN,295.0400085449219,786900,767.1799926757812
2026-09-24,T,25.450000762939453,34216400,767.1799926757812
2026-09-24,ICE,156.92999267578125,2683500,767.1799926757812
2026-09-24,XOM,162.13999938964844,12484900,767.1799926757812
2026-09-24,ULTA,548.780029296875,309500,767.1799926757812
2026-09-24,PYPL,52.599998474121094,8532500,767.1799926757812
2026-09-24,GILD,149.69000244140625,5074700,767.1799926757812
2026-09-24,LDOS,123.3499984741211,1149700,767.1799926757812
2026-09-24,META,777.5900268554688,34808500,767.1799926757812
2026-09-24,BDX,179.22999572753906,1404800,767.1799926757812
2026-09-24,AMGN,406.0400085449219,2525000,767.1799926757812
2026-09-24,PTC,137.41000366210938,1434300,767.1799926757812
2026-09-24,COIN,199.2100067138672,7383800,767.1799926757812
2026-09-24,FOX,57.20000076293945,947100,767.1799926757812
2026-09-24,MRK,147.97999572753906,10312300,767.1799926757812
2026-09-24,FOXA,63.84000015258789,4093200,767.1799926757812
2026-09-24,WAT,430.29998779296875,1031400,767.1799926757812
2026-09-24,MTD,1519.1500244140625,260900,767.1799926757812
2026-09-24,FCX,72.08000183105469,9140900,767.1799926757812
2026-09-24,OXY,58.04999923706055,9844000,767.1799926757812
2026-09-24,UHS,176.99000549316406,890400,767.1799926757812
2026-09-24,NVDA,224.5800018310547,77469900,767.1799926757812
2026-09-24,BBY,91.0,3374700,767.1799926757812
2026-09-24,WBD,30.84000015258789,46106500,767.1799926757812
2026-09-24,DVN,48.900001525878906,17587300,767.1799926757812
2026-09-24,BR,162.66000366210938,963100,767.1799926757812
2026-09-24,DHR,223.3741455078125,6196400,767.1799926757812
2026-09-24,CPAY,400.32000732421875,457900,767.1799926757812
2026-09-24,CME,268.9100036621094,1255000,767.1799926757812
2026-09-24,ADBE,238.92999267578125,3673700,767.1799926757812
2026-09-24,AAPL,335.9200134277344,24733100,767.1799926757812
2026-09-24,IVZ,30.68000030517578,6970000,767.1799926757812
2026-09-24,AMD,629.260009765625,25318900,767.1799926757812
2026-09-24,EL,95.37000274658203,4257200,767.1799926757812
2026-09-24,PANW,389.9200134277344,3967700,767.1799926757812
2026-09-24,SOLV,88.58999633789062,635800,767.1799926757812
2026-09-24,FTNT,178.6699981689453,3758300,767.1799926757812
2026-09-24,CTAS,197.67999267578125,3398700,767.1799926757812
2026-09-24,BMY,61.5,14901900,767.1799926757812
2026-09-24,NDAQ,94.55000305175781,3195000,767.1799926757812
2026-09-24,EMR,156.13999938964844,2071800,767.1799926757812
2026-09-24,NWSA,28.440000534057617,4268800,767.1799926757812
2026-09-24,CBOE,267.57000732421875,535300,767.1799926757812
2026-09-24,MCK,869.3599853515625,593500,767.1799926757812
2026-09-24,NDSN,323.260009765625,333600,767.1799926757812
2026-09-24,VZ,47.31999969482422,21038900,767.1799926757812
2026-09-24,BAX,23.479999542236328,7346000,767.1799926757812
2026-09-24,EXPD,183.66000366210938,1234900,767.1799926757812
2026-09-24,VRSN,291.8800048828125,614100,767.1799926757812
2026-09-24,LYB,60.18000030517578,2580900,767.1799926757812
2026-09-24,ROST,235.39999389648438,1454000,767.1799926757812
2026-09-24,FDS,271.25,680000,767.1799926757812
2026-09-24,VTRS,17.420000076293945,13744000,767.1799926757812
2026-09-24,ALLE,152.47999572753906,986000,767.1799926757812
2026-09-24,RMD,221.88999938964844,798800,767.1799926757812
2026-09-24,ADP,263.1099853515625,1993600,767.1799926757812
2026-09-25,MRNA,198.8800048828125,13945000,771.3499755859375
2026-09-25,P,126.0,6300700,771.3499755859375
2026-09-25,VEEV,280.67999267578125,1735900,771.3499755859375
2026-09-25,MPC,393.5199890136719,1937800,771.3499755859375
2026-09-25,ILMN,270.0,5031600,771.3499755859375
2026-09-25,PLTR,189.6699981689453,17807100,771.3499755859375
2026-09-25,SMCI,43.2599983215332,49323200,771.3499755859375
2026-09-25,PSX,255.75,3318400,771.3499755859375
2026-09-25,WDAY,189.4499969482422,1119000,771.3499755859375
2026-09-25,HPE,62.939998626708984,15512200,771.3499755859375
2026-09-25,VLO,387.17999267578125,3814100,771.3499755859375
2026-09-25,HPQ,31.299999237060547,12013300,771.3499755859375
2026-09-25,ACN,176.11000061035156,4960100,771.3499755859375
2026-09-25,CRM,234.02000427246094,8735500,771.3499755859375
2026-09-25,CTSH,57.33000183105469,4465700,771.3499755859375
2026-09-25,IT,187.89999389648438,1070600,771.3499755859375
2026-09-25,ZBRA,370.0400085449219,552300,771.3499755859375
2026-09-25,CRWD,252.1300048828125,7641600,771.3499755859375
2026-09-25,RVTY,151.11000061035156,1940500,771.3499755859375
2026-09-25,NTAP,201.14999389648438,1425900,771.3499755859375
2026-09-25,MSFT,516.1699829101562,38193100,771.3499755859375
2026-09-25,IQV,270.3699951171875,1104700,771.3499755859375
2026-09-25,TMO,675.0,2097500,771.3499755859375
2026-09-25,APA,42.7400016784668,5333400,771.3499755859375
2026-09-25,SWKS,89.33999633789062,4609700,771.3499755859375
2026-09-25,A,172.7899932861328,2582100,771.3499755859375
2026-09-25,CRL,292.8399963378906,838300,771.3499755859375
2026-09-25,DELL,562.8900146484375,8729800,771.3499755859375
2026-09-25,NOW,135.6199951171875,8239600,771.3499755859375
2026-09-25,DXCM,86.62000274658203,1891000,771.3499755859375
2026-09-25,CVX,204.4499969482422,7134300,771.3499755859375
2026-09-25,NEM,121.43000030517578,3520100,771.3499755859375
2026-09-25,ANET,206.5500030517578,4377000,771.3499755859375
2026-09-25,COP,127.30000305175781,5083000,771.3499755859375
2026-09-25,PFE,28.670000076293945,27755200,771.3499755859375
2026-09-25,REGN,788.0399780273438,592100,771.3499755859375
2026-09-25,LITE,941.6500244140625,3853800,771.3499755859375
2026-09-25,TGT,157.4499969482422,2956900,771.3499755859375
2026-09-25,GRMN,294.1400146484375,549300,771.3499755859375
2026-09-25,T,25.3799991607666,22915400,771.3499755859375
2026-09-25,ICE,154.30999755859375,2506300,771.3499755859375
2026-09-25,XOM,160.58999633789062,10996700,771.3499755859375
2026-09-25,ULTA,545.2000122070312,313700,771.3499755859375
2026-09-25,PYPL,55.040000915527344,20390300,771.3499755859375
2026-09-25,GILD,150.92999267578125,5284300,771.3499755859375
2026-09-25,LDOS,123.61000061035156,939800,771.3499755859375
2026-09-25,META,751.6599731445312,25826700,771.3499755859375
2026-09-25,BDX,183.82000732421875,1472800,771.3499755859375
2026-09-25,AMGN,414.6099853515625,2213100,771.3499755859375
2026-09-25,PTC,138.1199951171875,698900,771.3499755859375
2026-09-25,COIN,195.11000061035156,6277400,771.3499755859375
2026-09-25,FOX,56.540000915527344,676000,771.3499755859375
2026-09-25,MRK,148.77999877929688,8288800,771.3499755859375
2026-09-25,FOXA,63.06999969482422,3645100,771.3499755859375
2026-09-25,WAT,433.5400085449219,662500,771.3499755859375
2026-09-25,MTD,1511.6400146484375,129600,771.3499755859375
2026-09-25,FCX,72.30999755859375,7544200,771.3499755859375
2026-09-25,OXY,56.86000061035156,8430300,771.3499755859375
2026-09-25,UHS,178.86000061035156,643800,771.3499755859375
2026-09-25,NVDA,225.07000732421875,89947700,771.3499755859375
2026-09-25,BBY,90.51000213623047,2486100,771.3499755859375
2026-09-25,WBD,30.860000610351562,23737400,771.3499755859375
2026-09-25,DVN,47.04999923706055,10757700,771.3499755859375
2026-09-25,BR,163.77000427246094,838700,771.3499755859375
2026-09-25,DHR,224.09286499023438,4423500,771.3499755859375
2026-09-25,CPAY,398.1099853515625,432700,771.3499755859375
2026-09-25,CME,264.4800109863281,2201500,771.3499755859375
2026-09-25,ADBE,235.47000122070312,3112700,771.3499755859375
2026-09-25,AAPL,341.07000732421875,30002500,771.3499755859375
2026-09-25,IVZ,30.920000076293945,7375300,771.3499755859375
2026-09-25,AMD,630.6300048828125,17632100,771.3499755859375
2026-09-25,EL,94.47000122070312,2798600,771.3499755859375
2026-09-25,PANW,374.739990234375,4879100,771.3499755859375
2026-09-25,SOLV,89.5,578900,771.3499755859375
2026-09-25,FTNT,173.4600067138672,2507400,771.3499755859375
2026-09-25,CTAS,199.91000366210938,2487300,771.3499755859375
2026-09-25,BMY,62.86000061035156,10672800,771.3499755859375
2026-09-25,NDAQ,93.55000305175781,2255000,771.3499755859375
2026-09-25,EMR,158.22999572753906,1956200,771.3499755859375
2026-09-25,NWSA,28.489999771118164,2835200,771.3499755859375
2026-09-25,CBOE,258.0299987792969,1314700,771.3499755859375
2026-09-25,MCK,866.6400146484375,452000,771.3499755859375
2026-09-25,NDSN,325.7699890136719,271700,771.3499755859375
2026-09-25,VZ,47.08000183105469,13417600,771.3499755859375
2026-09-25,BAX,23.3700008392334,6569000,771.3499755859375
2026-09-25,EXPD,187.4600067138672,823500,771.3499755859375
2026-09-25,VRSN,287.25,592600,771.3499755859375
2026-09-25,LYB,58.13999938964844,3315700,771.3499755859375
2026-09-25,ROST,236.1199951171875,1712900,771.3499755859375
2026-09-25,FDS,273.0799865722656,406400,771.3499755859375
2026-09-25,VTRS,17.829999923706055,10151400,771.3499755859375
2026-09-25,ALLE,154.47000122070312,654800,771.3499755859375
2026-09-25,RMD,222.0,760800,771.3499755859375
2026-09-25,ADP,263.6700134277344,1210300,771.3499755859375
2026-09-28,MRNA,197.27999877929688,13359600,765.6099853515625
2026-09-28,P,129.39999389648438,4700100,765.6099853515625
2026-09-28,VEEV,279.9599914550781,1371800,765.6099853515625
2026-09-28,MPC,389.44000244140625,2669700,765.6099853515625
2026-09-28,ILMN,271.8999938964844,2979300,765.6099853515625
2026-09-28,PLTR,187.47999572753906,18464100,765.6099853515625
2026-09-28,SMCI,41.779998779296875,29494500,765.6099853515625
2026-09-28,PSX,253.5500030517578,3596100,765.6099853515625
2026-09-28,WDAY,188.60000610351562,2132500,765.6099853515625
2026-09-28,HPE,62.630001068115234,15021800,765.6099853515625
2026-09-28,VLO,389.57000732421875,3560400,765.6099853515625
2026-09-28,HPQ,31.31999969482422,13325400,765.6099853515625
2026-09-28,ACN,174.47000122070312,5499800,765.6099853515625
2026-09-28,CRM,227.27000427246094,10327500,765.6099853515625
2026-09-28,CTSH,56.75,4846200,765.6099853515625
2026-09-28,IT,185.72999572753906,896400,765.6099853515625
2026-09-28,ZBRA,371.8699951171875,638500,765.6099853515625
2026-09-28,CRWD,259.25,8962000,765.6099853515625
2026-09-28,RVTY,151.02000427246094,1500500,765.6099853515625
2026-09-28,NTAP,204.41000366210938,2947700,765.6099853515625
2026-09-28,MSFT,509.2200012207031,19626900,765.6099853515625
2026-09-28,IQV,270.9700012207031,1620900,765.6099853515625
2026-09-28,TMO,678.5999755859375,1904500,765.6099853515625
2026-09-28,APA,42.33000183105469,8029300,765.6099853515625
2026-09-28,SWKS,87.58999633789062,3369800,765.6099853515625
2026-09-28,A,175.2100067138672,2194100,765.6099853515625
2026-09-28,CRL,294.5899963378906,900000,765.6099853515625
2026-09-28,DELL,543.4299926757812,6863100,765.6099853515625
2026-09-28,NOW,131.4499969482422,11936000,765.6099853515625
2026-09-28,DXCM,86.68000030517578,3411300,765.6099853515625
2026-09-28,CVX,206.3699951171875,9529800,765.6099853515625
2026-09-28,NEM,116.05000305175781,6866300,765.6099853515625
2026-09-28,ANET,204.9199981689453,3480800,765.6099853515625
2026-09-28,COP,126.04000091552734,6196900,765.6099853515625
2026-09-28,PFE,28.719999313354492,24950500,765.6099853515625
2026-09-28,REGN,752.25,1149800,765.6099853515625
2026-09-28,LITE,921.3200073242188,4461500,765.6099853515625
2026-09-28,TGT,158.42999267578125,3394300,765.6099853515625
2026-09-28,GRMN,294.04998779296875,699200,765.6099853515625
2026-09-28,T,24.899999618530273,30491000,765.6099853515625
2026-09-28,ICE,152.91000366210938,2346900,765.6099853515625
2026-09-28,XOM,162.52000427246094,12809500,765.6099853515625
2026-09-28,ULTA,549.1300048828125,416200,765.6099853515625
2026-09-28,PYPL,54.279998779296875,9902300,765.6099853515625
2026-09-28,GILD,152.2100067138672,5076500,765.6099853515625
2026-09-28,LDOS,122.3499984741211,961200,765.6099853515625
2026-09-28,META,715.6199951171875,27943100,765.6099853515625
2026-09-28,BDX,183.8300018310547,1878500,765.6099853515625
2026-09-28,AMGN,418.1300048828125,2917900,765.6099853515625
2026-09-28,PTC,139.69000244140625,985800,765.6099853515625
2026-09-28,COIN,191.7899932861328,6759900,765.6099853515625
2026-09-28,FOX,56.54999923706055,563400,765.6099853515625
2026-09-28,MRK,148.69000244140625,7701000,765.6099853515625
2026-09-28,FOXA,63.060001373291016,2963400,765.6099853515625
2026-09-28,WAT,442.94000244140625,981500,765.6099853515625
2026-09-28,MTD,1545.260009765625,185000,765.6099853515625
2026-09-28,FCX,71.95999908447266,8876600,765.6099853515625
2026-09-28,OXY,56.099998474121094,12354600,765.6099853515625
2026-09-28,UHS,177.47999572753906,764400,765.6099853515625
2026-09-28,NVDA,228.86000061035156,142344300,765.6099853515625
2026-09-28,BBY,89.91000366210938,2687300,765.6099853515625
2026-09-28,WBD,30.899999618530273,43621200,765.6099853515625
2026-09-28,DVN,46.72999954223633,9497200,765.6099853515625
2026-09-28,BR,162.9199981689453,864300,765.6099853515625
2026-09-28,DHR,226.92784118652344,4929800,765.6099853515625
2026-09-28,CPAY,396.2300109863281,492400,765.6099853515625
2026-09-28,CME,263.239990234375,1335700,765.6099853515625
2026-09-28,ADBE,231.00999450683594,5228700,765.6099853515625
2026-09-28,AAPL,338.3999938964844,32820800,765.6099853515625
2026-09-28,IVZ,30.43000030517578,5481100,765.6099853515625
2026-09-28,AMD,607.8699951171875,22124100,765.6099853515625
2026-09-28,EL,95.56999969482422,3564600,765.6099853515625
2026-09-28,PANW,392.0899963378906,6028100,765.6099853515625
2026-09-28,SOLV,89.54000091552734,649100,765.6099853515625
2026-09-28,FTNT,176.3300018310547,2830800,765.6099853515625
2026-09-28,CTAS,200.5800018310547,1856700,765.6099853515625
2026-09-28,BMY,63.880001068115234,14018700,765.6099853515625
2026-09-28,NDAQ,92.62000274658203,4172700,765.6099853515625
2026-09-28,EMR,159.38999938964844,2140500,765.6099853515625
2026-09-28,NWSA,29.100000381469727,5097000,765.6099853515625
2026-09-28,CBOE,253.25999450683594,818900,765.6099853515625
2026-09-28,MCK,856.2899780273438,550000,765.6099853515625
2026-09-28,NDSN,331.32000732421875,370700,765.6099853515625
2026-09-28,VZ,46.68000030517578,16944000,765.6099853515625
2026-09-28,BAX,23.489999771118164,6171500,765.6099853515625
2026-09-28,EXPD,188.5800018310547,751000,765.6099853515625
2026-09-28,VRSN,282.07000732421875,470700,765.6099853515625
2026-09-28,LYB,58.27000045776367,3192400,765.6099853515625
2026-09-28,ROST,237.08999633789062,1964500,765.6099853515625
2026-09-28,FDS,267.6700134277344,762300,765.6099853515625
2026-09-28,VTRS,18.270000457763672,12377000,765.6099853515625
2026-09-28,ALLE,155.3800048828125,1061800,765.6099853515625
2026-09-28,RMD,222.10000610351562,862800,765.6099853515625
2026-09-28,ADP,261.79998779296875,1666900,765.6099853515625
2026-09-29,MRNA,203.4600067138672,13277900,764.2000122070312
2026-09-29,P,130.0500030517578,4512100,764.2000122070312
2026-09-29,VEEV,278.57000732421875,1105000,764.2000122070312
2026-09-29,MPC,392.0299987792969,1898400,764.2000122070312
2026-09-29,ILMN,272.0,2229200,764.2000122070312
2026-09-29,PLTR,186.97000122070312,14754100,764.2000122070312
2026-09-29,SMCI,41.02000045776367,25272900,764.2000122070312
2026-09-29,PSX,252.25,2189600,764.2000122070312
2026-09-29,WDAY,189.1699981689453,1806800,764.2000122070312
2026-09-29,HPE,61.4900016784668,12335600,764.2000122070312
2026-09-29,VLO,387.7200012207031,2650700,764.2000122070312
2026-09-29,HPQ,30.729999542236328,11346200,764.2000122070312
2026-09-29,ACN,177.1199951171875,6358600,764.2000122070312
2026-09-29,CRM,225.30999755859375,13506300,764.2000122070312
2026-09-29,CTSH,56.84000015258789,8660100,764.2000122070312
2026-09-29,IT,185.85000610351562,787400,764.2000122070312
2026-09-29,ZBRA,375.9700012207031,594500,764.2000122070312
2026-09-29,CRWD,262.739990234375,7075000,764.2000122070312
2026-09-29,RVTY,152.77000427246094,1600100,764.2000122070312
2026-09-29,NTAP,209.17999267578125,2717000,764.2000122070312
2026-09-29,MSFT,508.9599914550781,21341800,764.2000122070312
2026-09-29,IQV,268.989990234375,1174100,764.2000122070312
2026-09-29,TMO,679.6099853515625,1850900,764.2000122070312
2026-09-29,APA,42.189998626708984,5932600,764.2000122070312
2026-09-29,SWKS,88.04000091552734,3309200,764.2000122070312
2026-09-29,A,175.02999877929688,2053800,764.2000122070312
2026-09-29,CRL,295.9599914550781,661400,764.2000122070312
2026-09-29,DELL,539.5900268554688,5748700,764.2000122070312
2026-09-29,NOW,129.94000244140625,10080300,764.2000122070312
2026-09-29,DXCM,86.63999938964844,3120500,764.2000122070312
2026-09-29,CVX,204.3800048828125,5917600,764.2000122070312
2026-09-29,NEM,117.08999633789062,4706800,764.2000122070312
2026-09-29,ANET,202.86000061035156,4551800,764.2000122070312
2026-09-29,COP,125.44000244140625,7506600,764.2000122070312
2026-09-29,PFE,28.719999313354492,33304600,764.2000122070312
2026-09-29,REGN,750.510009765625,804300,764.2000122070312
2026-09-29,LITE,973.489990234375,6036700,764.2000122070312
2026-09-29,TGT,156.42999267578125,3745800,764.2000122070312
2026-09-29,GRMN,290.2300109863281,945200,764.2000122070312
2026-09-29,T,24.479999542236328,33282700,764.2000122070312
2026-09-29,ICE,152.19000244140625,1913300,764.2000122070312
2026-09-29,XOM,161.35000610351562,9160000,764.2000122070312
2026-09-29,ULTA,547.8900146484375,434800,764.2000122070312
2026-09-29,PYPL,53.88999938964844,8043600,764.2000122070312
2026-09-29,GILD,151.27999877929688,5322400,764.2000122070312
2026-09-29,LDOS,123.0999984741211,1102400,764.2000122070312
2026-09-29,META,738.7899780273438,23591100,764.2000122070312
2026-09-29,BDX,181.97000122070312,1534700,764.2000122070312
2026-09-29,AMGN,423.6400146484375,3737800,764.2000122070312
2026-09-29,PTC,137.55999755859375,1318600,764.2000122070312
2026-09-29,COIN,190.02000427246094,5847500,764.2000122070312
2026-09-29,FOX,55.83000183105469,644100,764.2000122070312
2026-09-29,MRK,149.27999877929688,8203400,764.2000122070312
2026-09-29,FOXA,62.47999954223633,3618400,764.2000122070312
2026-09-29,WAT,443.260009765625,625600,764.2000122070312
2026-09-29,MTD,1537.3299560546875,144800,764.2000122070312
2026-09-29,FCX,70.79000091552734,10436100,764.2000122070312
2026-09-29,OXY,54.939998626708984,7585000,764.2000122070312
2026-09-29,UHS,175.72999572753906,639400,764.2000122070312
2026-09-29,NVDA,227.2100067138672,101494900,764.2000122070312
2026-09-29,BBY,88.75,2602500,764.2000122070312
2026-09-29,WBD,30.850000381469727,46828000,764.2000122070312
2026-09-29,DVN,46.599998474121094,10592400,764.2000122070312
2026-09-29,BR,160.9499969482422,907900,764.2000122070312
2026-09-29,DHR,225.70999145507812,3608400,764.2000122070312
2026-09-29,CPAY,392.70001220703125,592800,764.2000122070312
2026-09-29,CME,263.2200012207031,1433500,764.2000122070312
2026-09-29,ADBE,233.1699981689453,4103800,764.2000122070312
2026-09-29,AAPL,329.3999938964844,38478000,764.2000122070312
2026-09-29,IVZ,30.420000076293945,3990600,764.2000122070312
2026-09-29,AMD,607.5700073242188,16513900,764.2000122070312
2026-09-29,EL,94.37000274658203,2044800,764.2000122070312
2026-09-29,PANW,388.4100036621094,5101600,764.2000122070312
2026-09-29,SOLV,89.31999969482422,848800,764.2000122070312
2026-09-29,FTNT,175.9600067138672,2487500,764.2000122070312
2026-09-29,CTAS,197.74000549316406,2000000,764.2000122070312
2026-09-29,BMY,62.86000061035156,15835700,764.2000122070312
2026-09-29,NDAQ,91.8499984741211,3049700,764.2000122070312
2026-09-29,EMR,157.24000549316406,2448000,764.2000122070312
2026-09-29,NWSA,28.520000457763672,5906100,764.2000122070312
2026-09-29,CBOE,261.75,2569100,764.2000122070312
2026-09-29,MCK,864.8200073242188,476900,764.2000122070312
2026-09-29,NDSN,329.5299987792969,324500,764.2000122070312
2026-09-29,VZ,45.97999954223633,19114200,764.2000122070312
2026-09-29,BAX,23.479999542236328,6685700,764.2000122070312
2026-09-29,EXPD,188.16000366210938,764500,764.2000122070312
2026-09-29,VRSN,279.8399963378906,693000,764.2000122070312
2026-09-29,LYB,58.18000030517578,3540100,764.2000122070312
2026-09-29,ROST,234.39999389648438,1485900,764.2000122070312
2026-09-29,FDS,259.9700012207031,1286600,764.2000122070312
2026-09-29,VTRS,18.1200008392334,13857900,764.2000122070312
2026-09-29,ALLE,155.42999267578125,1202000,764.2000122070312
2026-09-29,RMD,222.8300018310547,949400,764.2000122070312
2026-09-29,ADP,261.79998779296875,2200200,764.2000122070312
2026-09-30,MRNA,192.57000732421875,20601600,762.6300048828125
2026-09-30,P,130.77999877929688,3198900,762.6300048828125
2026-09-30,VEEV,285.45001220703125,1748100,762.6300048828125
2026-09-30,MPC,395.4200134277344,1648500,762.6300048828125
2026-09-30,ILMN,273.67999267578125,2939100,762.6300048828125
2026-09-30,PLTR,187.0500030517578,16833900,762.6300048828125
2026-09-30,SMCI,41.06999969482422,31810400,762.6300048828125
2026-09-30,PSX,255.30999755859375,2521700,762.6300048828125
2026-09-30,WDAY,190.4600067138672,2109900,762.6300048828125
2026-09-30,HPE,63.88999938964844,32721500,762.6300048828125
2026-09-30,VLO,387.6099853515625,2536700,762.6300048828125
2026-09-30,HPQ,31.280000686645508,14897500,762.6300048828125
2026-09-30,ACN,183.3699951171875,10531000,762.6300048828125
2026-09-30,CRM,229.57000732421875,11228200,762.6300048828125
2026-09-30,CTSH,57.439998626708984,10941200,762.6300048828125
2026-09-30,IT,186.5399932861328,777200,762.6300048828125
2026-09-30,ZBRA,373.30999755859375,334100,762.6300048828125
2026-09-30,CRWD,264.75,8778600,762.6300048828125
2026-09-30,RVTY,152.88999938964844,4432400,762.6300048828125
2026-09-30,NTAP,210.0800018310547,3193300,762.6300048828125
2026-09-30,MSFT,512.9000244140625,27197800,762.6300048828125
2026-09-30,IQV,268.8500061035156,1504400,762.6300048828125
2026-09-30,TMO,675.0499877929688,2323500,762.6300048828125
2026-09-30,APA,41.540000915527344,5966100,762.6300048828125
2026-09-30,SWKS,85.4800033569336,6069700,762.6300048828125
2026-09-30,A,172.30999755859375,2590400,762.6300048828125
2026-09-30,CRL,295.010009765625,794100,762.6300048828125
2026-09-30,DELL,537.9500122070312,4885700,762.6300048828125
2026-09-30,NOW,134.00999450683594,9002800,762.6300048828125
2026-09-30,DXCM,86.29000091552734,3440300,762.6300048828125
2026-09-30,CVX,204.2100067138672,6390200,762.6300048828125
2026-09-30,NEM,115.33999633789062,5840900,762.6300048828125
2026-09-30,ANET,203.58999633789062,4876700,762.6300048828125
2026-09-30,COP,125.1500015258789,6490800,762.6300048828125
2026-09-30,PFE,28.520000457763672,33629100,762.6300048828125
2026-09-30,REGN,758.27001953125,872400,762.6300048828125
2026-09-30,LITE,971.260009765625,3996400,762.6300048828125
2026-09-30,TGT,156.69000244140625,4457600,762.6300048828125
2026-09-30,GRMN,286.8399963378906,837000,762.6300048828125
2026-09-30,T,24.399999618530273,39670100,762.6300048828125
2026-09-30,ICE,152.02999877929688,2786600,762.6300048828125
2026-09-30,XOM,162.75,13088200,762.6300048828125
2026-09-30,ULTA,546.1699829101562,325600,762.6300048828125
2026-09-30,PYPL,52.529998779296875,8613500,762.6300048828125
2026-09-30,GILD,149.0500030517578,5357200,762.6300048828125
2026-09-30,LDOS,121.83000183105469,1073100,762.6300048828125
2026-09-30,META,725.1799926757812,19240800,762.6300048828125
2026-09-30,BDX,179.0,1798600,762.6300048828125
2026-09-30,AMGN,421.510009765625,3129500,762.6300048828125
2026-09-30,PTC,140.3000030517578,1046100,762.6300048828125
2026-09-30,COIN,186.41000366210938,8349000,762.6300048828125
2026-09-30,FOX,56.29999923706055,1601200,762.6300048828125
2026-09-30,MRK,145.30999755859375,10223500,762.6300048828125
2026-09-30,FOXA,62.650001525878906,3996700,762.6300048828125
2026-09-30,WAT,439.3900146484375,665900,762.6300048828125
2026-09-30,MTD,1510.949951171875,152500,762.6300048828125
2026-09-30,FCX,70.0,16657400,762.6300048828125
2026-09-30,OXY,55.31999969482422,10167500,762.6300048828125
2026-09-30,UHS,174.25999450683594,596000,762.6300048828125
2026-09-30,NVDA,228.3800048828125,121269300,762.6300048828125
2026-09-30,BBY,88.23999786376953,2647800,762.6300048828125
2026-09-30,WBD,30.950000762939453,95611100,762.6300048828125
2026-09-30,DVN,46.040000915527344,9663400,762.6300048828125
2026-09-30,BR,161.10000610351562,1051900,762.6300048828125
2026-09-30,DHR,221.5500030517578,5147400,762.6300048828125
2026-09-30,CPAY,388.6000061035156,801300,762.6300048828125
2026-09-30,CME,261.9800109863281,1903300,762.6300048828125
2026-09-30,ADBE,239.94000244140625,4516500,762.6300048828125
2026-09-30,AAPL,333.0199890136719,49931500,762.6300048828125
2026-09-30,IVZ,30.15999984741211,4125500,762.6300048828125
2026-09-30,AMD,611.760009765625,16685700,762.6300048828125
2026-09-30,EL,92.7699966430664,3475700,762.6300048828125
2026-09-30,PANW,397.30999755859375,6084900,762.6300048828125
2026-09-30,SOLV,88.1500015258789,689700,762.6300048828125
2026-09-30,FTNT,178.75999450683594,3112000,762.6300048828125
2026-09-30,CTAS,195.05999755859375,1626200,762.6300048828125
2026-09-30,BMY,62.400001525878906,15867300,762.6300048828125
2026-09-30,NDAQ,92.01000213623047,3413800,762.6300048828125
2026-09-30,EMR,155.10000610351562,4629700,762.6300048828125
2026-09-30,NWSA,28.649999618530273,3689800,762.6300048828125
2026-09-30,CBOE,275.2900085449219,2288000,762.6300048828125
2026-09-30,MCK,853.8099975585938,691200,762.6300048828125
2026-09-30,NDSN,327.8500061035156,397900,762.6300048828125
2026-09-30,VZ,45.869998931884766,19960700,762.6300048828125
2026-09-30,BAX,24.0,8727000,762.6300048828125
2026-09-30,EXPD,184.63999938964844,1159600,762.6300048828125
2026-09-30,VRSN,282.010009765625,759400,762.6300048828125
2026-09-30,LYB,57.470001220703125,3101100,762.6300048828125
2026-09-30,ROST,233.39999389648438,1746400,762.6300048828125
2026-09-30,FDS,269.95001220703125,1490900,762.6300048828125
2026-09-30,VTRS,17.719999313354492,11806700,762.6300048828125
2026-09-30,ALLE,153.77000427246094,671000,762.6300048828125
2026-09-30,RMD,221.10000610351562,1262100,762.6300048828125
2026-09-30,ADP,258.05999755859375,2525000,762.6300048828125
